customer_id,age,annual_income,monthly_expense,savings_balance,debt_to_income_ratio,credit_utilization,average_transaction_amount,monthly_transaction_count,payment_delay_days,missed_payment_count,active_loans,account_tenure_years,investment_amount
CUST0001,44,745700,54350,84300,0.7,65.8,3309,49,19.1,6,5,4.1,43500
CUST0002,31,1120800,38350,1397800,0.26,15.3,2668,33,0.0,0,2,10.0,2988400
CUST0003,27,1275500,40550,1173900,0.19,27.2,6907,26,3.6,3,1,12.5,244800
CUST0004,53,2853300,103850,1842800,0.23,29.8,3890,25,0.0,0,2,3.8,2661900
CUST0005,47,331400,24550,39500,0.63,89.2,1314,42,19.1,5,3,9.8,36300
CUST0006,21,221900,13100,14300,0.66,82.0,1571,40,15.1,4,4,0.5,3400
CUST0007,49,2303500,133450,2266000,0.36,42.9,3719,48,4.6,1,4,17.7,544100
CUST0008,50,735700,40250,305400,0.62,49.6,2851,26,12.3,2,4,11.1,438300
CUST0009,45,2979400,129450,3056700,0.18,5.0,4629,13,0.0,0,3,16.4,1511100
CUST0010,36,384600,23000,54900,0.73,84.2,1422,45,13.0,3,3,1.5,102600
CUST0011,34,840800,52300,379800,0.54,86.8,1832,41,16.9,3,3,2.6,163900
CUST0012,34,655100,45350,228400,0.56,72.0,2961,49,15.5,3,4,6.7,33300
CUST0013,33,520300,26750,69700,0.61,73.3,2525,34,16.0,3,4,5.6,3900
CUST0014,35,886500,29800,470200,0.23,34.9,4479,23,8.5,6,4,3.2,128300
CUST0015,42,1166200,58900,575900,0.38,54.3,3745,43,10.2,2,2,4.8,907700
CUST0016,49,1374900,67250,2207500,0.3,30.8,1570,42,3.6,1,2,12.8,677200
CUST0017,62,2082500,73950,2408800,0.32,8.2,2224,26,0.0,1,3,10.3,1828400
CUST0018,36,792700,30250,880500,0.32,46.3,1888,32,13.8,6,4,10.5,399100
CUST0019,33,375600,29350,19300,0.79,78.9,1815,42,18.0,3,6,0.5,17600
CUST0020,39,1647500,69100,793900,0.26,14.6,3369,22,2.4,0,1,7.5,320100
CUST0021,33,1133700,46350,1179600,0.38,32.6,4584,33,6.9,3,4,9.4,351800
CUST0022,25,488800,26050,94500,0.44,61.7,1848,45,14.7,4,3,0.5,10100
CUST0023,49,490300,23400,149000,0.53,34.2,1947,33,7.8,3,4,11.8,117800
CUST0024,30,714600,35000,287900,0.38,63.7,3120,42,13.4,4,4,9.0,204700
CUST0025,54,2178200,62200,3153500,0.12,34.0,3784,28,0.1,2,1,13.3,1189300
CUST0026,24,737800,51150,129500,0.59,74.4,2839,33,17.2,4,3,0.5,14600
CUST0027,47,736500,29900,439400,0.34,66.0,1349,40,12.6,3,1,2.7,184500
CUST0028,35,407600,19450,77800,0.6,88.5,1655,45,27.7,5,3,9.9,13200
CUST0029,39,1327500,58200,834500,0.4,42.7,3309,39,2.9,1,3,4.0,693000
CUST0030,31,541500,32450,73200,0.61,69.9,3118,43,14.9,4,4,3.9,57800
CUST0031,63,1411000,58500,901600,0.1,29.7,4571,23,2.4,0,0,26.7,343100
CUST0032,35,1932300,68550,958200,0.06,18.4,4864,27,0.0,1,1,0.5,234400
CUST0033,61,5000000,131050,11399400,0.2,50.5,4836,29,10.9,2,1,12.8,3097300
CUST0034,29,2523000,68850,3795000,0.27,49.1,4918,27,7.5,1,1,7.5,1344200
CUST0035,50,806100,35550,354800,0.37,44.3,2662,29,5.4,0,1,12.9,192600
CUST0036,40,1270900,64950,979800,0.16,27.0,2596,39,11.3,2,1,1.8,882000
CUST0037,50,200000,10350,29600,0.52,59.2,1482,39,8.8,4,4,15.7,15900
CUST0038,44,442600,20200,91700,0.75,55.9,2457,33,3.5,0,4,11.4,14800
CUST0039,52,1682800,72650,1798900,0.31,57.9,4058,44,6.9,3,1,16.3,600300
CUST0040,37,440400,26950,72700,0.71,61.6,1624,48,16.1,5,6,3.8,12800
CUST0041,50,3505100,152350,1767300,0.08,10.5,3898,27,0.2,0,1,10.8,842500
CUST0042,37,719400,25200,349300,0.36,44.1,2812,28,8.6,1,1,15.0,281600
CUST0043,32,670500,42800,97600,0.42,51.2,2768,42,6.6,1,3,9.1,85400
CUST0044,44,1603000,68700,1877200,0.23,22.9,3863,23,1.9,1,2,17.9,1424900
CUST0045,49,2034500,82450,825800,0.09,18.4,4642,32,0.0,1,0,8.0,301200
CUST0046,38,1304700,72200,353400,0.59,71.6,3957,25,19.3,4,2,1.5,2059900
CUST0047,42,773900,30200,284000,0.38,47.5,2888,22,7.2,2,1,9.3,290800
CUST0048,42,617600,31750,160300,0.36,72.7,3446,39,10.5,2,3,11.3,6800
CUST0049,62,1337400,54350,385000,0.21,41.8,3511,37,5.4,1,2,14.9,97500
CUST0050,36,351300,23150,36100,0.67,78.6,3061,41,19.9,4,4,7.6,5300
CUST0051,59,984500,51650,308200,0.45,34.2,2878,31,14.0,0,2,20.6,143600
CUST0052,40,459100,23500,92800,0.62,76.6,2334,42,15.4,3,4,6.2,19800
CUST0053,45,735100,45850,327900,0.49,66.1,2210,43,19.0,4,3,12.5,309600
CUST0054,46,1067700,38950,354900,0.36,43.0,2982,21,0.0,0,1,4.9,525700
CUST0055,45,2656500,81000,5303100,0.19,46.2,6362,32,4.7,2,1,20.7,1354600
CUST0056,33,1308700,59350,1664900,0.28,17.1,3600,33,3.7,1,3,13.2,581800
CUST0057,36,255900,16200,47300,0.52,80.1,1993,34,22.0,7,4,11.9,3200
CUST0058,36,373400,21300,81700,0.67,58.7,1989,27,18.6,3,4,7.9,72700
CUST0059,54,2616100,67650,3542800,0.05,20.7,2432,37,4.8,1,0,11.6,1434200
CUST0060,39,1257900,32500,829400,0.32,16.5,5136,21,0.0,0,2,10.3,371600
CUST0061,31,374200,26900,59500,0.64,85.6,1164,39,27.4,5,3,5.3,28800
CUST0062,52,1410000,63000,852700,0.44,48.6,5428,24,10.6,3,3,10.7,443400
CUST0063,45,2248400,79000,9505600,0.16,31.1,1748,24,8.9,0,0,18.9,10189200
CUST0064,44,644600,32950,472600,0.42,64.1,2379,37,12.2,3,3,10.8,232100
CUST0065,47,899400,39650,867500,0.27,35.5,1485,24,11.6,4,2,12.3,251900
CUST0066,41,744100,33250,384100,0.58,61.1,3716,38,16.3,2,3,11.6,224600
CUST0067,47,1693300,61000,1814400,0.2,23.7,6184,49,0.0,0,0,18.1,1617400
CUST0068,59,3190300,109650,6830800,0.17,8.8,6696,34,0.0,0,1,17.1,10281200
CUST0069,32,767100,36750,229600,0.73,66.5,4098,27,14.2,3,6,3.3,20900
CUST0070,36,904300,53050,758200,0.59,50.1,1283,36,9.0,3,5,4.0,205600
CUST0071,22,695600,38000,205200,0.64,77.4,1192,41,25.9,6,3,1.7,23100
CUST0072,45,742100,39750,115100,0.51,48.6,4622,32,14.4,3,3,9.8,104000
CUST0073,21,1150800,38000,3326400,0.28,65.7,3683,32,10.0,1,2,6.2,196600
CUST0074,36,562500,24600,399600,0.29,55.2,1976,36,5.5,1,2,9.4,121200
CUST0075,65,2234400,56250,2267800,0.21,33.3,3110,27,2.8,0,2,20.0,1942200
CUST0076,25,340000,18100,66700,0.76,82.9,1686,32,23.3,3,3,6.5,14000
CUST0077,32,1153800,54300,646300,0.51,46.1,1742,25,10.0,2,2,4.8,343900
CUST0078,40,510200,33450,122700,0.52,82.7,1178,41,19.0,4,2,8.2,112600
CUST0079,30,1519400,43550,986000,0.29,25.1,6220,18,0.0,0,0,14.0,1096400
CUST0080,48,735700,47350,78800,0.32,65.5,3503,39,12.7,4,2,3.0,105200
CUST0081,42,492000,24000,141700,0.36,44.4,2458,33,0.3,1,2,11.2,56400
CUST0082,58,1950300,75000,1449600,0.31,50.2,3819,44,3.4,2,2,12.7,1559100
CUST0083,29,692800,30350,250100,0.42,61.6,4100,42,11.8,2,0,4.9,23000
CUST0084,21,450700,35700,111600,0.62,93.7,2593,39,27.3,7,3,3.9,46800
CUST0085,35,516300,33650,76200,0.76,95.0,1531,41,28.8,6,4,3.4,14700
CUST0086,34,560000,34650,83900,0.57,76.8,2190,30,10.8,3,2,0.5,33800
CUST0087,40,901200,32050,394300,0.19,20.2,4106,29,0.0,0,1,4.5,437400
CUST0088,50,998900,33850,618500,0.34,23.4,1403,18,2.3,0,3,15.7,321100
CUST0089,41,546400,29350,144400,0.71,95.0,3134,34,30.0,6,3,10.0,133500
CUST0090,21,581700,35950,143700,0.67,69.3,3514,36,25.4,4,5,0.5,170500
CUST0091,49,1825800,71150,1151400,0.23,26.6,2579,19,0.0,1,2,12.0,244200
CUST0092,22,1013800,70850,286800,0.62,63.8,1685,36,23.7,5,6,2.3,76500
CUST0093,32,761400,44700,280800,0.54,79.4,4794,46,21.4,4,3,5.7,126200
CUST0094,36,941200,35550,797000,0.25,60.8,3135,50,12.1,2,1,9.1,158900
CUST0095,31,772500,41200,458300,0.39,60.9,1993,36,15.3,3,2,5.2,333100
CUST0096,34,962500,36700,512900,0.57,74.6,3822,20,9.5,1,3,1.9,192500
CUST0097,42,1317200,42800,658200,0.43,17.6,4038,34,0.5,0,1,9.9,381500
CUST0098,42,621900,33300,67400,0.64,85.8,3167,42,20.9,5,3,4.6,40000
CUST0099,47,5000000,206900,6855900,0.27,28.3,6364,34,2.7,1,2,10.5,7225000
CUST0100,44,1536100,43350,1447400,0.38,24.2,2587,34,4.3,0,1,8.6,1201500
CUST0101,62,952700,35850,532500,0.34,58.1,1926,37,4.2,5,3,10.9,185900
CUST0102,51,3202900,140700,2869600,0.23,19.5,3850,18,0.0,0,0,10.9,8452700
CUST0103,56,1410900,40900,772200,0.27,48.3,7400,18,5.5,0,1,19.8,188300
CUST0104,38,1665100,74100,1541100,0.05,23.2,2952,33,0.0,1,0,10.6,1318900
CUST0105,41,527600,29250,82000,0.71,67.6,2288,48,17.8,3,6,14.0,22000
CUST0106,55,1279700,68650,1122900,0.34,38.0,4443,32,10.2,1,2,16.5,616900
CUST0107,45,564600,28450,134700,0.52,65.0,2061,30,14.7,3,2,5.1,37300
CUST0108,37,656700,32750,280000,0.42,50.1,3377,35,8.6,2,4,11.2,54400
CUST0109,45,375400,23200,58600,0.46,46.2,1700,36,3.7,3,4,9.2,19300
CUST0110,41,4375400,178650,6173700,0.11,24.5,6361,25,4.2,0,0,11.2,1663300
CUST0111,37,1773300,84850,854700,0.49,50.7,4999,27,15.6,2,4,1.7,369700
CUST0112,35,551400,31050,93700,0.65,63.7,1944,40,16.5,3,3,0.5,46700
CUST0113,21,518100,30200,285900,0.54,55.7,1408,32,10.6,4,4,2.4,121300
CUST0114,43,2127500,49650,2598800,0.12,43.9,5889,14,0.0,0,0,6.7,3221300
CUST0115,36,360000,18800,69400,0.57,61.6,1858,42,11.7,2,3,12.8,15800
CUST0116,27,455100,21250,142000,0.48,61.2,2084,34,5.8,0,1,7.4,38800
CUST0117,28,703200,43200,169500,0.36,75.6,1895,48,18.1,4,1,7.4,46300
CUST0118,43,351600,14400,182300,0.32,56.6,1909,29,0.2,1,3,13.6,22100
CUST0119,28,686700,46650,161600,0.49,54.9,2366,43,19.0,5,3,0.5,70200
CUST0120,49,754800,33650,191500,0.51,49.0,2267,26,11.6,1,2,12.0,90900
CUST0121,25,357900,23050,43700,0.7,60.1,1874,41,19.2,3,3,2.4,8700
CUST0122,36,1775700,41700,3019200,0.23,26.7,6512,23,12.3,2,0,13.0,490700
CUST0123,39,336300,21750,20400,0.75,67.4,2168,36,23.3,5,4,4.4,42100
CUST0124,44,941700,44450,395200,0.28,44.6,3714,24,3.2,1,1,6.5,443900
CUST0125,42,1400300,51450,881000,0.31,42.5,4075,33,5.7,1,1,12.2,469900
CUST0126,26,2489400,78600,4087500,0.33,15.0,3500,13,0.0,0,3,5.5,728900
CUST0127,40,643900,27300,271800,0.53,55.4,4231,28,11.3,2,3,9.2,321600
CUST0128,44,371200,20800,25900,0.83,95.0,1306,35,26.2,5,4,2.7,18500
CUST0129,64,3119600,108450,2394000,0.1,16.4,4146,22,0.0,0,1,11.0,1438000
CUST0130,60,2297100,94650,1725100,0.24,19.9,5844,18,5.2,1,2,21.9,2829800
CUST0131,31,624600,27900,378800,0.43,53.8,2748,29,16.2,3,2,7.1,246000
CUST0132,45,855600,21500,664800,0.49,44.6,1739,5,11.9,1,3,10.3,435600
CUST0133,49,605600,35550,269300,0.58,57.6,1573,25,6.2,1,4,19.9,92600
CUST0134,46,2329900,88500,1859700,0.21,51.1,5107,38,9.0,2,1,14.0,1220100
CUST0135,53,1101100,36600,805900,0.2,41.9,3902,33,13.1,1,0,21.4,170700
CUST0136,33,981900,38000,1723300,0.2,45.9,1174,33,5.1,3,2,9.6,148900
CUST0137,51,1812000,74100,2025800,0.13,5.0,5635,27,0.0,0,2,19.8,769100
CUST0138,53,1938000,66400,1043400,0.15,7.0,6975,30,0.0,0,0,11.4,1109000
CUST0139,31,587000,25050,387200,0.52,83.4,1742,49,22.4,4,3,11.7,70400
CUST0140,34,494600,31900,66700,0.53,82.1,1494,33,15.1,5,3,3.9,12400
CUST0141,37,756900,45750,211800,0.57,39.3,6592,27,10.6,3,3,12.9,199300
CUST0142,35,596800,31100,164400,0.53,73.0,2712,37,22.6,6,4,6.5,57600
CUST0143,21,762100,33600,529900,0.43,58.0,1969,33,9.5,3,4,1.9,55200
CUST0144,41,1273700,52900,1528000,0.4,52.5,2895,33,11.7,2,2,18.9,677400
CUST0145,25,1000600,48500,845500,0.29,49.3,2886,37,2.9,2,1,0.7,128800
CUST0146,33,429200,19600,231500,0.56,69.3,2031,39,13.2,1,2,9.9,207300
CUST0147,30,634300,33700,373600,0.36,37.9,2572,35,6.9,2,3,8.8,106700
CUST0148,52,1619800,61550,1723500,0.14,15.5,3525,34,0.0,0,1,19.2,852400
CUST0149,26,856000,37650,524100,0.28,16.8,1891,17,0.8,1,3,8.2,139800
CUST0150,26,652300,34200,233600,0.32,28.3,5150,33,0.0,1,4,8.9,8600
CUST0151,60,2768000,82800,4606000,0.23,23.0,5349,30,2.4,0,2,21.1,2319000
CUST0152,48,1325700,81200,942600,0.36,89.5,4061,43,11.3,1,0,13.4,1358600
CUST0153,35,392300,24750,49900,0.71,81.1,2188,46,22.7,5,2,6.5,14300
CUST0154,33,1312200,89250,287800,0.56,83.0,1976,32,22.9,7,4,1.4,69300
CUST0155,33,1166200,45950,1036500,0.16,26.4,6391,28,0.0,0,1,13.5,345600
CUST0156,33,423400,24000,79300,0.57,68.1,2096,32,17.2,3,2,7.8,57100
CUST0157,35,625300,35150,307900,0.29,44.8,2072,27,9.2,1,1,10.0,46600
CUST0158,24,399100,21550,113100,0.51,74.1,1142,30,13.4,3,3,2.9,7000
CUST0159,21,1089900,36600,801600,0.37,47.7,3682,13,11.0,2,2,6.5,108800
CUST0160,32,714100,50150,324700,0.24,51.7,2721,31,9.2,3,0,5.8,217800
CUST0161,47,813500,53600,115900,0.72,95.0,2552,42,20.2,4,3,7.4,61100
CUST0162,31,398700,21250,64200,0.85,87.8,1757,31,15.5,2,5,2.6,13200
CUST0163,28,1434500,84300,629000,0.34,39.0,2928,31,6.4,0,4,3.2,240600
CUST0164,38,534500,39850,130700,0.67,72.8,1205,43,25.1,2,4,11.1,21000
CUST0165,52,456900,30750,51700,0.69,92.1,1689,45,23.5,4,4,14.2,16300
CUST0166,38,2101400,119850,1953900,0.37,62.3,4803,17,14.2,3,2,8.1,367700
CUST0167,27,291100,16550,22400,0.71,90.3,3182,32,26.3,5,1,0.5,7400
CUST0168,32,512100,27500,124100,0.64,70.5,3975,41,23.3,3,2,10.0,95700
CUST0169,39,1408400,69150,744600,0.29,27.2,3897,28,4.7,2,3,11.5,604600
CUST0170,46,528200,20250,217100,0.47,57.2,1915,41,5.6,2,3,12.1,132100
CUST0171,44,1036700,61950,287800,0.51,57.8,4412,32,9.0,3,3,6.0,518300
CUST0172,31,771500,34150,369900,0.63,63.5,3497,30,8.8,2,6,6.3,135300
CUST0173,38,597700,30250,343400,0.54,66.8,1239,24,14.1,3,3,15.5,110300
CUST0174,46,1198700,47350,812300,0.44,55.6,1867,34,12.9,4,3,3.2,386700
CUST0175,34,455800,26500,89900,0.39,52.2,2754,39,8.4,2,2,8.0,44300
CUST0176,26,577800,36500,182600,0.77,92.3,2400,45,25.2,5,5,1.8,127600
CUST0177,36,496800,26700,105200,0.42,43.5,2449,22,0.0,1,1,8.0,139600
CUST0178,44,972700,45150,333800,0.53,55.0,2874,31,6.7,1,2,6.6,311400
CUST0179,36,2161300,53400,3125000,0.23,22.4,5113,47,0.0,0,2,11.2,2079400
CUST0180,46,642400,41150,86900,0.52,85.7,2757,46,17.4,6,3,2.6,32700
CUST0181,38,341300,21450,23900,0.68,79.5,3229,41,15.9,6,4,6.0,6300
CUST0182,47,963400,33200,370900,0.19,42.5,3398,32,0.0,0,1,13.4,43900
CUST0183,38,606500,41150,80400,0.54,73.3,2276,40,14.8,5,3,1.4,91400
CUST0184,21,517800,27050,157800,0.6,59.0,2415,37,16.7,4,4,2.0,21100
CUST0185,47,776300,29200,205900,0.29,36.9,3443,17,1.8,0,0,13.8,206400
CUST0186,23,366900,25000,27100,0.85,81.0,3068,44,19.9,3,5,3.2,6700
CUST0187,48,375300,21050,183600,0.68,70.7,889,24,20.0,5,6,9.2,34400
CUST0188,48,887600,35300,355600,0.42,5.0,2508,11,0.0,0,3,12.7,332000
CUST0189,43,346800,23700,34000,0.61,86.1,1313,58,19.0,5,5,8.2,25900
CUST0190,49,820800,37400,349300,0.28,15.3,3487,26,0.0,0,0,11.0,245800
CUST0191,40,784000,34200,375200,0.37,78.6,2432,34,11.6,5,1,5.7,115900
CUST0192,49,1606500,54800,2539400,0.34,39.6,5500,26,13.2,2,5,17.3,623700
CUST0193,29,1523900,43200,1122800,0.21,23.7,3743,32,0.0,1,2,0.6,292200
CUST0194,31,386300,22800,31200,0.52,75.1,1440,31,18.4,4,3,0.5,5400
CUST0195,25,557500,33200,67900,0.53,54.4,2264,40,10.8,4,4,0.5,25600
CUST0196,21,731900,45700,102600,0.51,50.7,3638,25,16.8,4,3,0.5,40000
CUST0197,43,533600,23950,232200,0.64,76.5,973,36,15.6,2,3,7.7,51800
CUST0198,41,2024200,78150,2398000,0.49,48.7,6066,27,3.4,0,3,16.9,1649900
CUST0199,42,967900,41750,357600,0.28,12.6,5571,35,0.0,0,2,14.4,101900
CUST0200,21,340900,15450,66900,0.58,40.1,2112,27,13.0,2,3,0.6,35100
CUST0201,36,508200,27050,188800,0.53,83.3,2525,44,16.7,4,1,8.4,89100
CUST0202,44,977600,51500,227900,0.53,87.5,2120,33,16.3,7,4,1.3,37400
CUST0203,39,653200,34450,152900,0.51,59.6,2616,38,3.5,1,3,15.7,51900
CUST0204,47,2084900,70800,1996100,0.21,10.5,4288,28,7.5,1,0,11.2,7983700
CUST0205,37,568500,34900,123500,0.81,81.9,1940,34,23.5,2,4,12.1,33700
CUST0206,52,2435100,90300,1475100,0.22,17.5,6762,36,4.6,0,0,6.9,5203300
CUST0207,52,778500,40250,279700,0.51,71.3,1745,54,11.5,4,3,12.7,100800
CUST0208,23,1835400,50700,2218100,0.08,5.0,4416,20,0.0,1,1,3.9,1353900
CUST0209,35,816800,35750,719100,0.48,53.2,1697,30,12.6,3,3,8.9,355000
CUST0210,36,532100,28250,172400,0.49,53.3,2125,42,13.7,4,4,11.4,44600
CUST0211,50,685900,34850,288000,0.45,56.4,2542,35,6.3,1,2,14.8,179400
CUST0212,34,603000,29600,202400,0.57,66.7,1510,38,11.5,2,3,8.8,130500
CUST0213,39,1203100,64500,980500,0.1,54.9,2941,23,12.5,3,1,12.8,230900
CUST0214,52,1457700,46350,1282400,0.31,30.5,4803,24,0.0,2,2,12.7,872900
CUST0215,30,315300,20150,35900,0.64,77.8,2089,41,18.5,3,3,7.8,8200
CUST0216,32,1922500,71450,2103200,0.05,40.3,3054,48,0.0,0,0,7.6,392500
CUST0217,48,1377900,59800,408900,0.33,39.6,6680,31,1.3,1,1,8.4,107300
CUST0218,30,1222400,55350,472500,0.51,51.1,5063,40,10.0,5,3,0.5,289100
CUST0219,52,901900,30700,295800,0.35,49.2,2881,32,10.3,0,0,16.5,31900
CUST0220,45,799000,43050,315900,0.64,52.3,1446,37,14.1,3,5,6.6,103100
CUST0221,43,906400,57000,211400,0.41,83.9,2206,39,24.5,6,3,7.8,56700
CUST0222,39,1009300,39800,928400,0.61,47.3,3220,25,22.2,5,5,5.4,262600
CUST0223,35,1007200,45350,484900,0.42,29.5,5416,28,4.6,2,3,7.4,342700
CUST0224,31,215600,11050,25200,0.59,66.5,2552,48,17.0,5,4,10.4,6200
CUST0225,41,504800,39100,91600,0.56,71.8,1545,41,13.5,3,2,8.4,131500
CUST0226,37,529800,29700,173700,0.59,39.3,4076,18,2.3,0,4,14.9,61700
CUST0227,25,480200,31150,124000,0.77,78.7,2079,39,23.5,5,6,0.5,81800
CUST0228,36,794300,47450,291000,0.62,87.6,2300,46,14.4,4,5,8.2,152300
CUST0229,26,595700,36350,95500,0.58,95.0,3634,53,14.7,4,3,3.0,46200
CUST0230,32,529500,29400,108300,0.61,74.0,3241,28,29.0,6,4,5.7,8800
CUST0231,39,810600,43350,250900,0.41,58.4,2246,30,11.4,4,3,8.2,91500
CUST0232,45,2846800,96050,5777400,0.05,13.7,4241,42,0.0,0,2,12.2,1799100
CUST0233,55,696400,24550,309200,0.17,29.5,1954,26,11.0,3,1,16.8,118900
CUST0234,45,966900,50800,234700,0.41,37.3,4250,20,2.3,2,2,3.8,320400
CUST0235,57,1606700,82050,1581700,0.41,49.1,2027,28,8.8,2,1,13.3,1373700
CUST0236,27,1153800,37550,956500,0.19,19.9,3579,31,0.0,0,1,1.3,649900
CUST0237,36,914200,37400,648100,0.28,42.0,2243,7,6.5,1,1,7.5,461400
CUST0238,39,1911600,65650,1384600,0.15,40.8,4373,43,1.3,1,3,4.9,175900
CUST0239,44,1540700,74700,1324600,0.22,31.1,3405,27,0.0,0,1,10.7,1719900
CUST0240,49,737500,45700,150500,0.6,88.7,1720,39,20.5,3,3,14.1,30800
CUST0241,39,1435600,83750,348700,0.49,57.9,3742,36,2.2,3,4,0.5,231200
CUST0242,34,989000,70500,142600,0.63,57.9,5126,37,22.0,4,3,11.9,59400
CUST0243,44,1039000,38300,664700,0.21,24.7,3226,23,1.3,0,3,19.9,202700
CUST0244,42,351700,20350,99400,0.5,62.1,939,30,17.1,5,4,8.0,14500
CUST0245,42,1343800,45200,1530000,0.32,19.9,4246,21,3.9,0,3,15.3,697400
CUST0246,43,857400,17850,1063800,0.19,34.9,3686,25,6.5,1,0,17.1,220500
CUST0247,37,1200700,41400,624000,0.44,41.6,7095,28,3.4,2,2,8.3,620200
CUST0248,43,665400,21350,578600,0.23,23.8,3116,34,5.8,0,1,24.8,507900
CUST0249,37,2470400,79950,2164000,0.24,17.3,8191,26,0.0,1,1,3.2,2048900
CUST0250,21,1054700,42100,676100,0.33,21.2,2498,26,1.8,0,3,1.4,405700
CUST0251,36,624800,26350,172100,0.55,70.5,2663,35,7.8,2,3,3.8,88800
CUST0252,48,1954600,51500,2703500,0.33,42.3,3931,26,3.1,1,2,16.0,1132800
CUST0253,33,576200,41300,174800,0.47,54.7,1973,38,8.7,3,4,4.8,40500
CUST0254,31,487200,32650,62600,0.71,43.3,2223,32,12.6,2,5,3.2,37100
CUST0255,44,1023700,22500,1045100,0.32,36.7,3697,14,0.0,2,1,14.1,249600
CUST0256,37,1488200,58450,1539900,0.38,50.9,2645,43,4.5,2,3,8.4,350400
CUST0257,39,1034800,50750,1033400,0.44,54.1,3202,33,9.9,3,3,10.8,856100
CUST0258,57,2245700,65800,2907000,0.14,29.1,4655,18,3.8,1,1,20.9,1256600
CUST0259,44,884700,22600,704200,0.39,6.3,3394,33,0.0,0,2,13.9,153500
CUST0260,27,584300,20450,311200,0.34,23.5,2009,27,0.0,2,2,5.7,632700
CUST0261,44,1388600,55050,733700,0.25,5.0,6803,22,0.0,1,3,17.0,156700
CUST0262,49,1097500,46350,262400,0.38,32.1,3063,33,5.0,4,4,9.1,140500
CUST0263,37,582900,24150,188500,0.69,71.9,3846,32,14.1,3,3,6.3,62600
CUST0264,52,1495400,73850,402100,0.52,38.6,4358,30,0.1,1,5,7.1,423000
CUST0265,34,724700,29800,584700,0.47,57.5,2359,28,0.8,0,2,7.6,258100
CUST0266,44,2759200,131400,4009900,0.08,25.9,4712,14,4.7,4,2,17.2,1593600
CUST0267,28,717900,21150,469900,0.33,33.8,4224,38,0.0,0,1,8.7,215000
CUST0268,50,4196700,154700,5663400,0.12,5.0,5402,34,0.0,0,1,12.3,7394200
CUST0269,50,2223300,83600,2008000,0.43,26.3,4576,27,5.0,0,3,15.0,669800
CUST0270,44,2470300,73700,4537600,0.17,45.8,4790,38,0.0,0,1,15.1,2538800
CUST0271,36,1202300,77150,136100,0.47,65.2,3021,38,14.9,5,3,0.5,93500
CUST0272,35,630000,29100,337300,0.46,63.9,2049,46,13.9,3,3,6.2,34700
CUST0273,27,388200,18850,131100,0.57,50.4,2206,33,8.5,2,3,7.4,56700
CUST0274,42,2887400,116700,4463100,0.05,42.6,3439,44,13.4,3,1,0.5,2931900
CUST0275,25,546400,21850,477300,0.3,31.7,2220,44,3.1,1,3,11.1,77900
CUST0276,45,398400,26250,44700,0.5,61.3,2875,36,19.9,6,3,4.6,12200
CUST0277,33,833400,39950,292300,0.29,23.0,2381,25,13.2,4,1,8.1,122300
CUST0278,48,664700,29250,508600,0.39,51.6,1882,42,13.8,4,3,10.6,653100
CUST0279,40,2153100,100300,1939500,0.18,35.7,5563,27,5.6,2,3,14.2,722200
CUST0280,48,3101000,121750,5875800,0.22,42.1,2923,29,5.4,1,2,16.6,3480800
CUST0281,41,1714100,46350,1456900,0.32,41.8,3272,35,2.7,0,3,11.7,751200
CUST0282,43,1302600,40100,1341600,0.15,5.0,3796,28,0.0,0,1,11.1,397500
CUST0283,42,973100,44600,113600,0.66,51.0,4333,30,6.0,1,4,0.5,127400
CUST0284,43,292600,18100,29900,0.68,76.4,1575,35,19.0,6,4,14.0,5900
CUST0285,45,2234100,70700,2724400,0.21,17.4,5438,32,2.8,2,3,10.9,1453100
CUST0286,39,1059100,71900,504100,0.46,52.5,2204,33,21.2,3,3,11.3,169500
CUST0287,40,851200,46750,154800,0.82,84.3,3143,32,23.2,6,6,5.1,61200
CUST0288,55,1196800,25200,1264700,0.36,54.2,3702,28,4.1,1,1,14.8,2216800
CUST0289,45,1107000,58050,503700,0.45,42.3,2145,31,4.2,3,4,4.3,309400
CUST0290,51,1892600,80900,2449100,0.23,28.0,4512,21,0.0,0,0,21.5,863800
CUST0291,41,661700,32950,78900,0.5,65.0,4071,37,14.4,4,4,4.5,27700
CUST0292,40,289100,20000,13200,0.68,54.5,1411,45,19.1,5,3,0.5,18100
CUST0293,49,1744300,54200,1281300,0.39,43.5,3486,30,4.8,0,2,12.2,497600
CUST0294,34,1080800,52900,558200,0.31,24.3,5070,28,1.2,0,3,11.5,71700
CUST0295,40,1273400,39500,1824800,0.2,43.2,5283,25,0.0,0,1,12.2,488200
CUST0296,42,911700,48200,231100,0.49,45.0,3163,45,0.3,0,2,6.6,321600
CUST0297,41,889700,47800,499400,0.55,44.7,4238,46,5.6,0,2,13.4,1121900
CUST0298,46,1910700,66100,3048600,0.14,36.9,4136,30,2.4,4,1,13.8,821900
CUST0299,33,421600,24850,74900,0.66,79.5,2816,29,12.1,4,3,3.5,20100
CUST0300,40,805000,39600,388100,0.41,66.3,3834,39,17.9,3,3,14.4,170100
CUST0301,34,505900,18550,221800,0.54,39.3,2603,37,0.0,0,5,10.7,16500
CUST0302,43,521500,34400,76700,0.67,73.2,1924,37,20.8,5,6,14.1,6300
CUST0303,44,1131800,42650,785300,0.25,26.8,3119,25,3.1,0,3,11.1,269600
CUST0304,48,835100,51750,199700,0.58,75.0,2323,41,26.9,4,4,10.0,160700
CUST0305,21,470800,25950,140800,0.57,71.0,2114,29,14.8,3,3,1.7,21900
CUST0306,39,444000,23600,124700,0.77,69.1,1915,33,23.0,5,6,9.7,70600
CUST0307,39,729800,41450,332100,0.52,59.5,2080,33,9.0,3,5,8.5,97600
CUST0308,44,3605000,148450,5131200,0.13,21.1,2706,29,4.8,0,0,6.7,2560100
CUST0309,37,1039200,37500,427600,0.47,36.7,3767,41,4.2,1,2,3.4,324000
CUST0310,51,1536400,32000,911800,0.19,29.5,4711,30,11.4,1,0,12.9,186300
CUST0311,43,1854000,53550,1489500,0.38,50.7,3395,38,6.7,1,2,12.3,668300
CUST0312,22,636100,33050,278600,0.45,71.6,1811,32,20.6,1,1,8.3,127900
CUST0313,33,592200,40850,77200,0.58,68.4,3329,37,16.1,4,5,4.9,20900
CUST0314,33,639600,30900,377200,0.56,60.9,2488,32,13.9,3,4,3.4,159600
CUST0315,42,2186600,104500,3932400,0.29,34.1,3309,33,11.9,2,3,16.2,1920900
CUST0316,46,1763400,47400,2199700,0.26,59.5,6873,26,7.8,0,0,18.7,1369400
CUST0317,46,1605000,35750,3744700,0.19,36.4,2481,28,0.1,2,2,15.8,2240600
CUST0318,49,890900,50650,233700,0.53,75.9,2502,40,13.9,3,4,8.2,17100
CUST0319,52,1386400,57000,1384200,0.25,32.0,3297,22,3.1,0,2,22.6,323600
CUST0320,51,428300,22150,133900,0.37,59.7,1734,30,14.9,2,2,9.9,85200
CUST0321,51,2801100,120800,1686300,0.37,30.0,4375,26,7.6,2,2,13.3,1750500
CUST0322,47,398000,18950,98500,0.57,59.0,2185,35,9.6,5,3,8.7,11300
CUST0323,65,2437700,92400,2117500,0.32,39.5,6253,25,3.4,0,2,27.3,818000
CUST0324,48,988700,48700,487900,0.24,48.5,2824,41,9.8,2,2,10.7,183700
CUST0325,41,825200,48100,307800,0.5,64.6,1082,34,7.0,1,4,6.2,563900
CUST0326,48,1353300,43200,2021200,0.11,5.0,4855,44,0.0,0,0,21.6,711700
CUST0327,46,1898000,84700,1087900,0.05,5.1,2996,32,0.0,0,2,11.0,963800
CUST0328,29,461500,25000,108700,0.62,60.9,1939,36,17.6,4,4,5.3,37600
CUST0329,54,1215200,45700,650700,0.25,28.9,4059,26,7.7,0,1,27.0,237200
CUST0330,23,1155600,54200,650100,0.38,54.0,3069,37,4.6,1,1,3.5,192600
CUST0331,37,651600,43550,82500,0.72,63.5,2271,34,11.4,2,5,0.5,59600
CUST0332,32,268600,15550,30800,0.67,75.3,2553,28,19.0,3,4,6.0,6500
CUST0333,40,1553200,57050,965700,0.35,24.9,3276,23,7.7,1,1,12.1,2043600
CUST0334,35,443700,23050,84500,0.43,53.6,2166,28,0.0,1,2,3.1,22200
CUST0335,26,369000,25200,23900,0.74,69.5,2195,36,17.3,3,4,0.5,33000
CUST0336,42,755700,26850,173100,0.7,65.8,2988,36,8.1,1,3,0.5,43400
CUST0337,52,2722500,110250,3166700,0.21,25.6,3058,20,1.3,1,3,14.0,3426800
CUST0338,32,845400,43900,512300,0.48,73.9,2338,35,15.1,3,2,12.6,52700
CUST0339,49,2601600,98550,3028900,0.21,27.4,3788,24,9.6,1,1,11.2,4337200
CUST0340,32,1176400,38800,489500,0.38,18.9,7138,40,0.0,0,1,8.5,204100
CUST0341,25,640900,21650,339200,0.33,62.4,3077,43,7.9,1,0,4.5,179900
CUST0342,26,851700,26150,905300,0.38,47.6,2786,11,10.1,3,3,9.9,111100
CUST0343,63,974100,31550,971300,0.11,27.8,3388,30,4.2,3,3,23.1,223200
CUST0344,33,323900,18250,48300,0.68,83.2,1979,36,18.5,7,4,0.5,8200
CUST0345,33,529900,25200,253400,0.57,59.0,3215,31,7.5,0,2,8.0,411800
CUST0346,36,741800,38600,324000,0.49,58.7,3186,26,13.0,4,2,8.1,241100
CUST0347,41,1612500,40950,2468100,0.16,26.1,3279,43,10.1,2,1,11.2,1567700
CUST0348,32,907300,55750,771900,0.25,39.8,2655,41,0.0,0,2,4.1,201800
CUST0349,61,869100,40300,100100,0.46,32.4,1820,31,9.1,2,3,9.5,62400
CUST0350,59,1974900,59900,1619500,0.19,16.3,2768,15,0.0,0,2,16.7,925400
CUST0351,25,467400,21650,90400,0.44,45.5,4140,34,12.2,3,2,2.1,45700
CUST0352,49,2242300,108500,2512500,0.13,13.0,2460,38,0.0,1,2,14.2,1478200
CUST0353,37,556200,30700,115800,0.69,78.6,1890,36,25.9,6,5,5.5,17200
CUST0354,32,760200,53950,346300,0.53,80.7,1544,19,21.3,3,4,2.6,97200
CUST0355,33,1069300,51550,475200,0.37,39.9,4414,23,5.7,2,4,5.5,119600
CUST0356,42,658000,20200,348000,0.64,53.0,3439,41,9.4,2,2,7.3,312600
CUST0357,30,351700,20950,56800,0.74,62.0,1840,41,12.2,3,5,5.3,30100
CUST0358,27,501100,18450,131300,0.38,62.2,2488,35,6.0,3,3,0.5,81400
CUST0359,46,276600,20450,31800,0.66,73.1,1507,33,18.2,2,2,22.4,12700
CUST0360,61,1180700,60100,816000,0.44,63.3,2229,25,13.4,4,3,12.6,1292300
CUST0361,33,1353800,65350,715600,0.41,60.6,3373,41,4.3,3,3,1.5,198900
CUST0362,34,492500,25700,180800,0.33,35.7,2174,24,6.6,3,3,2.5,105200
CUST0363,31,1340500,84150,445400,0.55,30.4,5637,22,10.5,1,3,3.5,349200
CUST0364,48,878300,26950,603800,0.48,63.2,2088,32,16.2,3,1,13.5,151300
CUST0365,40,293800,13800,37000,0.7,79.0,2764,34,10.5,1,4,7.9,4100
CUST0366,45,500300,36150,49600,0.64,73.2,2221,34,19.3,6,5,10.1,9600
CUST0367,31,1217200,44750,840400,0.34,75.1,2861,20,11.7,3,2,9.0,229700
CUST0368,36,2106500,68400,4126400,0.07,14.4,4355,36,6.5,1,2,11.9,1921100
CUST0369,41,603300,36500,126500,0.39,43.8,1672,29,6.2,3,2,1.2,44400
CUST0370,48,1861100,60900,1551800,0.22,40.7,3327,29,5.8,3,1,12.6,1436900
CUST0371,54,647700,27400,196100,0.42,49.8,3334,37,8.4,2,3,7.8,211700
CUST0372,50,1269500,39450,700200,0.42,41.9,4610,39,18.5,1,1,14.3,315600
CUST0373,31,1858100,58150,1563900,0.3,42.4,6491,31,6.1,2,2,8.4,598200
CUST0374,37,594900,24600,121300,0.42,37.0,3110,25,3.9,1,2,2.7,28200
CUST0375,47,2107700,66000,1174000,0.2,11.9,3317,40,0.0,0,1,6.3,1536100
CUST0376,48,790900,32500,202700,0.72,52.5,2233,33,2.5,0,5,10.2,95200
CUST0377,30,248500,14850,29000,0.8,75.1,1885,26,25.5,5,4,12.7,12400
CUST0378,42,1177600,53400,600900,0.4,35.0,3565,27,4.6,3,1,2.9,811200
CUST0379,48,811900,39250,352200,0.57,74.5,3767,30,9.8,3,4,16.9,109600
CUST0380,42,599300,35900,129400,0.75,87.5,2332,44,21.1,4,4,3.0,107300
CUST0381,42,768800,28050,486300,0.57,65.7,1881,43,10.4,0,3,8.9,523300
CUST0382,46,1291800,36350,1170700,0.32,13.4,3070,37,0.0,0,2,14.5,1184200
CUST0383,44,400400,24600,45200,0.73,72.8,2469,42,16.9,6,4,1.4,60000
CUST0384,35,508500,32250,94100,0.73,86.2,1953,32,20.0,4,4,8.1,45300
CUST0385,30,374900,24350,33700,0.6,65.5,1903,33,21.1,5,4,3.0,10300
CUST0386,38,642000,37600,90500,0.7,55.1,3463,32,15.6,3,5,6.7,26000
CUST0387,48,1239900,31350,1052000,0.17,29.1,3908,25,11.8,1,0,17.3,508800
CUST0388,22,367800,21750,86900,0.51,79.5,2048,46,22.7,7,3,3.0,9800
CUST0389,49,697300,33550,139000,0.48,38.2,2028,30,11.4,3,3,6.4,73100
CUST0390,35,363200,19300,127500,0.76,93.3,1547,46,29.1,5,4,7.1,38700
CUST0391,66,1181300,54400,553600,0.32,31.4,3389,27,10.3,1,2,21.4,515500
CUST0392,44,1429900,43500,2637500,0.25,25.4,3163,19,0.7,0,1,18.5,793200
CUST0393,47,882000,30450,773200,0.42,57.8,4606,27,0.0,0,2,16.6,84200
CUST0394,34,1695900,65350,1687000,0.23,48.8,3249,41,2.5,2,3,7.0,1878800
CUST0395,46,787400,27050,287300,0.5,62.4,3459,43,12.5,2,3,10.1,62300
CUST0396,51,2174700,76850,1620100,0.25,28.0,4917,45,0.0,0,3,13.6,3636100
CUST0397,49,1037000,37350,749800,0.33,16.4,2938,39,7.7,2,3,12.3,886800
CUST0398,39,472700,31000,168100,0.42,73.7,2622,30,23.3,7,2,13.7,33200
CUST0399,30,1650000,34400,2175400,0.25,33.8,4182,26,7.9,2,1,6.0,798600
CUST0400,37,1742700,54850,1093600,0.33,44.9,4407,27,1.9,0,1,3.3,2357600
CUST0401,45,1471500,31800,930700,0.1,23.7,2770,38,0.2,0,0,9.5,203100
CUST0402,43,2271200,70400,4167400,0.18,18.4,3550,17,10.5,1,2,12.1,909500
CUST0403,21,954600,60400,291400,0.58,83.4,4030,27,27.7,7,4,0.5,12600
CUST0404,26,604600,23750,241900,0.58,50.7,3584,44,8.4,3,4,3.4,111700
CUST0405,37,789900,44550,201800,0.29,28.1,3527,33,0.1,0,1,11.2,43500
CUST0406,24,587600,40350,126700,0.56,50.6,3540,19,17.8,6,5,2.6,49800
CUST0407,44,857500,55200,170300,0.61,82.8,2639,27,12.9,5,2,4.6,102000
CUST0408,30,327000,18800,28200,0.82,95.0,1152,43,26.5,5,4,1.2,13300
CUST0409,30,1153600,86950,374000,0.44,93.7,3192,34,22.8,6,3,3.1,156700
CUST0410,43,1512400,33550,1814500,0.31,14.8,4551,26,0.0,0,1,12.4,2424700
CUST0411,47,1190500,24800,1652000,0.47,55.0,2939,30,13.1,3,2,14.5,843500
CUST0412,27,694400,34750,155700,0.47,41.8,2343,27,2.1,2,3,1.3,49400
CUST0413,43,399700,26900,30300,0.44,55.6,2558,37,11.5,4,3,8.5,4100
CUST0414,47,1672200,68250,1683300,0.24,12.3,6263,25,0.0,0,1,23.6,1590300
CUST0415,59,856600,43650,333200,0.53,83.6,3982,35,18.3,4,3,13.4,149500
CUST0416,42,548700,14550,562800,0.36,47.9,3151,36,4.3,0,2,21.6,576300
CUST0417,42,1650500,46500,2607000,0.07,36.0,2993,19,11.6,2,2,17.8,246000
CUST0418,39,798000,19650,499000,0.17,26.9,2577,47,0.0,0,0,8.0,231800
CUST0419,41,1213100,58000,691800,0.34,33.4,2813,28,10.7,2,1,10.3,2068700
CUST0420,37,479400,22450,157000,0.41,62.2,2558,33,11.5,4,3,5.5,61600
CUST0421,40,1294900,67500,1266200,0.38,36.6,2765,35,4.8,2,3,8.1,334500
CUST0422,33,572800,26250,347600,0.54,48.8,2534,32,4.2,1,2,14.2,276700
CUST0423,50,4046500,127950,7740100,0.11,26.5,3076,34,3.1,1,1,7.9,7829500
CUST0424,31,270200,17300,50500,0.57,73.1,1200,33,19.6,4,2,1.9,22900
CUST0425,21,526500,30650,113900,0.64,59.4,2651,40,17.5,3,5,0.5,19800
CUST0426,52,2476500,90300,2249800,0.24,21.3,4396,47,0.7,1,1,16.6,2227600
CUST0427,39,811400,35350,553800,0.44,55.5,2832,38,12.4,1,3,12.6,109900
CUST0428,34,440500,16550,188300,0.51,54.2,1844,26,8.7,1,2,3.1,114400
CUST0429,21,776500,44950,271800,0.23,38.4,4316,34,0.0,4,2,0.5,59400
CUST0430,48,1965100,97500,975900,0.34,46.4,5559,23,13.7,3,2,12.8,901800
CUST0431,37,449800,29550,34100,0.58,65.8,2947,40,19.0,4,3,8.1,7900
CUST0432,34,677000,33050,493400,0.37,42.2,5142,29,6.2,1,2,14.4,215000
CUST0433,48,1791500,52000,2890700,0.05,17.5,7381,17,0.0,1,0,21.8,660900
CUST0434,36,480700,31000,86800,0.69,55.6,1400,39,16.3,5,4,2.0,52900
CUST0435,52,961900,50200,430900,0.35,47.2,1822,37,11.1,4,3,9.8,556600
CUST0436,37,1059400,55750,378400,0.28,38.7,4051,39,6.9,3,4,3.4,327700
CUST0437,50,3401100,131650,4340600,0.05,5.0,5194,22,0.0,0,1,16.6,1938400
CUST0438,39,832600,28150,581500,0.51,53.2,4043,41,6.0,3,4,8.4,180200
CUST0439,35,877100,41600,268000,0.32,21.2,1240,28,13.5,5,2,0.5,64500
CUST0440,48,659200,41250,74700,0.8,88.7,2710,40,24.1,6,6,11.7,34800
CUST0441,34,1939900,46000,3821500,0.22,41.4,3950,30,7.6,1,0,12.4,971300
CUST0442,48,1014200,47150,1089900,0.43,52.5,1887,43,9.7,2,4,17.9,452300
CUST0443,28,2009900,87850,2894200,0.14,23.7,5032,31,0.0,0,1,15.9,397200
CUST0444,36,396400,26900,46600,0.78,76.3,1172,39,18.7,2,3,3.6,93400
CUST0445,49,1580100,52500,1425900,0.33,51.7,4423,37,6.2,0,2,17.6,272800
CUST0446,37,694900,42650,176300,0.3,57.6,2674,47,9.8,2,3,2.3,64000
CUST0447,30,691700,26400,252600,0.34,38.9,2102,18,13.5,2,1,2.0,122600
CUST0448,37,897700,36100,307100,0.5,36.0,3238,28,5.7,2,5,0.5,263500
CUST0449,51,655500,29250,598300,0.32,52.6,2505,42,1.9,0,2,26.4,63900
CUST0450,31,721900,54300,144300,0.51,56.2,2905,49,16.6,5,6,7.6,19100
CUST0451,34,2118800,72750,1701400,0.37,52.1,5609,36,11.2,3,3,1.2,3695500
CUST0452,50,3640400,140300,6345800,0.24,13.6,5844,18,0.0,2,3,10.4,10964300
CUST0453,27,1505100,54800,1806200,0.08,29.3,6954,30,1.7,1,2,7.5,480900
CUST0454,30,633400,28700,212800,0.35,52.4,4604,41,6.5,3,3,4.7,52500
CUST0455,35,378300,23850,49400,0.79,75.6,1617,32,29.2,5,5,2.9,32500
CUST0456,36,1327900,73500,353900,0.54,94.4,2922,44,27.5,7,4,4.1,84200
CUST0457,32,707200,45650,244100,0.51,85.6,3924,40,23.1,4,3,13.9,28500
CUST0458,57,1210700,35150,1053400,0.31,35.9,4113,30,6.4,1,1,20.5,559600
CUST0459,55,3289000,184200,3308500,0.2,40.5,3742,30,2.0,1,1,13.5,5742500
CUST0460,50,2673200,87350,2267600,0.24,34.0,3293,22,0.9,0,1,12.2,543400
CUST0461,29,277600,19600,20800,0.9,86.8,2066,38,24.1,6,6,0.5,27600
CUST0462,51,1717300,36550,2408700,0.06,28.2,3325,44,5.8,0,0,12.5,514900
CUST0463,42,240200,16700,28600,0.62,56.5,1544,32,8.3,5,4,4.2,25300
CUST0464,47,1657600,71050,806700,0.32,29.4,3197,31,2.6,0,2,11.3,655000
CUST0465,31,1793100,37350,5979000,0.05,29.4,2671,38,16.4,0,0,6.1,1335400
CUST0466,34,1753500,71600,2624500,0.14,36.6,5351,17,7.6,3,1,8.4,2111100
CUST0467,43,922500,40400,450400,0.57,75.5,3131,36,7.6,4,5,10.3,39800
CUST0468,26,633300,38300,284400,0.47,53.0,1713,34,14.7,3,2,4.6,52300
CUST0469,45,1203900,48800,1466100,0.24,32.4,2980,27,5.8,2,4,14.6,183800
CUST0470,38,1361000,86350,665500,0.3,56.4,3212,32,5.6,1,2,10.8,384400
CUST0471,48,2120700,88300,2549000,0.16,29.3,3484,32,3.9,0,0,15.7,1456000
CUST0472,34,685900,44850,168600,0.42,60.0,2942,33,7.8,4,3,8.3,41600
CUST0473,39,634700,31200,121000,0.59,62.7,4004,42,10.8,3,5,4.3,55000
CUST0474,48,911700,57150,66600,0.59,73.1,3238,38,19.4,4,3,1.7,27800
CUST0475,34,280900,13800,34500,0.56,73.0,990,35,17.5,4,3,0.5,5900
CUST0476,22,653900,27350,375300,0.34,55.5,3529,43,16.2,1,0,15.3,73500
CUST0477,53,1178000,42150,701600,0.18,11.5,3524,34,0.0,0,2,13.4,714900
CUST0478,48,740000,37100,179800,0.5,84.6,2891,34,14.7,1,3,12.9,35400
CUST0479,48,2296500,64850,3914500,0.28,24.6,4978,31,0.0,0,1,17.2,2445000
CUST0480,38,2146500,74800,2447900,0.13,23.3,3454,29,0.0,0,1,12.2,613900
CUST0481,32,1647300,43800,2430400,0.09,25.3,3272,39,2.1,2,1,6.7,406400
CUST0482,57,1958700,64100,1373900,0.33,46.3,4240,40,0.0,0,2,13.1,4808500
CUST0483,43,1009500,54650,241400,0.29,31.9,3853,27,2.4,0,0,18.4,142900
CUST0484,42,508800,37700,107500,0.6,82.5,1406,37,15.6,3,3,5.0,109100
CUST0485,54,1778500,55800,2940100,0.37,50.7,2548,26,16.6,3,2,20.5,2564200
CUST0486,27,219200,16550,21700,0.84,94.7,1734,42,22.7,5,4,2.8,12400
CUST0487,34,1624800,42850,2776500,0.09,15.5,2978,37,0.3,0,1,3.4,1106200
CUST0488,50,3426000,178200,1980900,0.22,14.1,4611,21,0.0,0,1,7.5,5172600
CUST0489,34,1462800,78250,389300,0.22,32.6,4746,31,6.6,2,3,4.0,120400
CUST0490,61,1809800,86000,678300,0.33,34.7,3235,30,9.8,1,0,14.8,635100
CUST0491,43,1093300,47650,701800,0.26,44.0,1321,20,6.1,5,1,0.5,528700
CUST0492,36,646800,38450,245200,0.63,75.2,3061,30,17.1,4,5,10.7,54300
CUST0493,27,213800,13900,18000,0.6,59.9,1419,40,13.9,2,3,7.7,4800
CUST0494,30,768700,42550,175200,0.56,56.3,2466,29,18.9,2,2,6.0,101000
CUST0495,45,685200,30600,257700,0.48,35.9,1748,30,11.7,2,2,1.1,418200
CUST0496,60,2042600,59350,1064200,0.1,13.2,3863,25,0.0,0,1,18.7,127600
CUST0497,38,1100200,68600,201800,0.66,71.3,3217,40,14.5,3,4,1.3,195200
CUST0498,25,1753300,77450,1962600,0.11,31.9,5153,41,0.0,0,1,9.1,316200
CUST0499,45,1665100,59450,3117200,0.53,67.8,3780,32,13.2,3,4,15.4,1076500
CUST0500,42,1106100,46400,480800,0.42,51.6,2927,35,13.1,4,4,0.5,113200
CUST0501,26,328900,15500,97800,0.61,70.3,1497,42,15.5,1,2,1.7,32700
CUST0502,55,1891300,41650,2509300,0.27,41.1,3495,36,5.7,0,0,20.8,1950100
CUST0503,48,615800,41850,54200,0.68,63.8,2735,24,17.3,5,5,1.4,15600
CUST0504,40,486200,28750,81300,0.69,67.3,2417,56,17.4,4,4,9.2,12100
CUST0505,34,1265700,53750,1120400,0.24,51.5,1553,50,6.6,0,0,3.6,266300
CUST0506,49,1963100,74800,2141600,0.44,33.5,3435,21,8.0,2,3,11.1,1343500
CUST0507,57,2104100,83500,1273900,0.47,44.1,5774,16,3.7,2,3,8.8,3713600
CUST0508,46,734600,40100,392300,0.32,39.6,1820,20,4.7,3,2,15.1,117500
CUST0509,47,1237400,40700,515900,0.19,16.6,5790,22,3.0,0,1,12.8,416100
CUST0510,28,1389500,60350,1001600,0.05,14.8,3528,44,0.0,0,2,9.4,364100
CUST0511,52,1343300,61450,1387600,0.3,26.8,3751,20,3.4,1,3,19.0,563600
CUST0512,27,665100,32900,200300,0.59,80.6,1793,23,22.0,5,5,0.5,68000
CUST0513,36,1334300,37200,1212300,0.34,11.2,4512,27,0.0,0,2,10.8,665300
CUST0514,44,1018800,32700,956700,0.19,27.7,2583,34,4.0,0,1,19.2,365800
CUST0515,34,439800,26100,108100,0.65,83.6,1979,46,26.5,5,4,3.7,9800
CUST0516,48,1956300,64250,2464100,0.45,35.5,4618,37,9.8,1,1,17.2,545700
CUST0517,49,2739800,75100,3678900,0.09,13.5,7095,38,0.0,0,1,16.9,437700
CUST0518,40,1323900,65250,608400,0.39,26.7,3533,26,0.0,0,2,10.2,490200
CUST0519,21,311500,18250,74000,0.66,84.9,1590,46,16.7,3,4,3.6,16600
CUST0520,39,1359000,88550,757300,0.39,58.2,3330,34,20.5,3,3,10.7,149800
CUST0521,31,1803900,48450,4471200,0.29,36.5,3851,27,8.0,1,2,15.6,725300
CUST0522,21,775000,51050,364100,0.53,68.2,2709,45,13.7,1,2,6.8,261900
CUST0523,29,608600,26900,284100,0.41,37.2,1624,35,7.1,2,3,1.5,116300
CUST0524,44,619100,16550,502900,0.13,16.6,2479,39,0.0,0,0,18.6,119300
CUST0525,33,1172300,72150,398000,0.52,75.2,4002,36,9.0,4,3,5.5,122900
CUST0526,40,1738700,57650,2684600,0.05,7.1,2696,8,0.0,0,0,16.8,547400
CUST0527,54,1537000,43600,2090100,0.12,19.8,3050,40,0.0,0,0,19.1,851800
CUST0528,31,453800,35900,25200,0.77,87.1,3953,44,21.6,6,5,4.1,34400
CUST0529,42,2636900,77500,4171600,0.3,42.4,4533,27,0.0,0,2,12.8,1926900
CUST0530,49,989800,39650,383500,0.24,29.0,2796,35,0.0,0,0,11.5,598100
CUST0531,48,1604700,63600,1260600,0.22,31.2,3197,31,3.9,1,1,15.3,417900
CUST0532,32,863100,43300,406400,0.42,53.0,3088,39,14.6,2,2,5.6,118300
CUST0533,35,827300,34900,509500,0.44,51.2,2121,33,6.6,2,4,2.5,704900
CUST0534,50,5000000,160950,11293400,0.11,20.0,10053,22,0.0,0,0,11.0,11577400
CUST0535,41,875800,43700,199900,0.53,55.3,7602,30,11.6,6,4,4.9,59900
CUST0536,44,1167300,34100,1523900,0.19,12.8,2899,27,0.0,0,2,17.8,1704300
CUST0537,41,513900,15600,197800,0.22,25.1,2414,11,3.6,0,1,9.4,88900
CUST0538,44,1131600,47100,527600,0.34,15.1,2029,24,0.0,1,2,4.3,995900
CUST0539,45,512900,34400,57800,0.5,95.0,1292,45,24.4,6,2,3.9,27500
CUST0540,41,1015400,46600,729900,0.5,69.1,3192,42,16.5,6,5,7.5,149500
CUST0541,36,2977300,62050,6172700,0.16,39.9,7987,37,0.0,1,2,3.1,604400
CUST0542,39,1253100,76050,638400,0.42,92.4,3256,30,16.4,5,1,3.4,853400
CUST0543,52,1054300,68900,269900,0.45,76.2,1835,23,11.1,3,1,9.6,362800
CUST0544,64,814000,26100,421600,0.22,35.1,3227,29,2.2,1,1,22.1,203500
CUST0545,36,1594600,54000,1450300,0.27,44.5,3381,37,7.9,1,1,5.0,554000
CUST0546,33,818200,58450,114800,0.42,57.9,2070,43,18.7,3,2,0.5,81100
CUST0547,40,1396200,49300,1016200,0.25,27.0,3313,22,7.8,0,0,11.3,681000
CUST0548,62,2735100,80350,2034900,0.31,30.1,3352,31,1.8,1,2,10.9,2797300
CUST0549,50,659900,41900,248700,0.39,72.7,1565,38,6.9,4,1,6.1,190600
CUST0550,51,912000,40450,643100,0.3,47.0,1716,18,7.8,1,1,18.1,507500
CUST0551,41,1756900,63150,1507700,0.08,5.0,3377,25,0.0,0,1,6.1,792700
CUST0552,48,1087100,57350,506500,0.46,60.1,2197,37,14.4,4,4,5.5,223400
CUST0553,39,596000,38500,141200,0.65,75.8,2629,46,16.2,4,3,10.5,130300
CUST0554,48,2763000,57550,10134400,0.16,5.0,1580,13,0.0,0,2,11.4,1966900
CUST0555,23,482600,32550,59300,0.55,88.4,2808,49,18.6,4,4,0.5,11400
CUST0556,50,992300,28800,1245400,0.33,50.0,2359,22,6.7,1,2,22.7,311800
CUST0557,21,494900,28750,48400,0.55,69.9,2910,44,20.9,3,3,0.5,11000
CUST0558,49,540400,25650,207800,0.44,37.3,982,43,6.5,3,4,11.5,73700
CUST0559,38,1284700,61350,1013700,0.46,49.0,3649,32,3.1,0,2,13.3,627900
CUST0560,48,2114600,75400,2410800,0.19,44.6,3038,26,6.0,2,0,6.7,618000
CUST0561,60,2617400,97650,2651200,0.16,25.9,5717,28,0.3,0,2,23.5,717900
CUST0562,53,2565200,105050,2850900,0.28,48.1,4937,16,5.3,2,1,20.7,1386300
CUST0563,45,532400,15000,262600,0.28,29.3,3323,26,0.0,0,1,15.8,88900
CUST0564,37,1737600,68050,1195500,0.35,46.7,6965,34,12.8,0,1,10.4,815800
CUST0565,37,440600,29450,56400,0.44,61.9,1310,38,11.1,4,3,0.5,21400
CUST0566,35,976500,52050,603300,0.39,56.6,2609,20,9.8,2,1,5.9,319800
CUST0567,26,573100,32600,122900,0.37,48.5,2757,27,17.7,3,2,0.9,65300
CUST0568,47,1176000,43550,711900,0.24,27.4,3413,29,0.0,0,1,14.9,311300
CUST0569,46,610000,34450,81500,0.58,53.1,2862,29,16.6,4,5,7.0,54200
CUST0570,24,724400,37600,276900,0.42,57.0,4443,31,4.6,1,4,1.6,127200
CUST0571,53,205500,13450,21500,0.65,85.2,1919,29,22.2,7,3,13.7,8300
CUST0572,36,4554800,144000,10361500,0.05,42.3,8442,33,0.0,1,0,13.2,3953500
CUST0573,37,361800,21850,33300,0.69,56.2,2147,33,16.4,2,4,6.0,15900
CUST0574,50,851400,42900,518900,0.35,34.1,1466,35,6.8,3,3,6.4,94900
CUST0575,51,3186100,98200,6231000,0.23,30.2,2891,18,0.2,0,2,18.2,2347500
CUST0576,45,1051600,64200,256500,0.6,46.6,3149,39,13.8,4,4,0.5,558400
CUST0577,24,379800,16550,124500,0.41,57.4,2952,36,12.3,3,2,0.8,20500
CUST0578,42,871500,36000,278600,0.54,46.8,1923,38,10.2,2,2,3.4,363200
CUST0579,40,468900,28450,57900,0.43,52.6,2804,22,6.1,0,2,13.1,11200
CUST0580,39,371000,16850,179300,0.4,58.5,1654,43,10.4,1,2,19.2,43800
CUST0581,40,1000200,37800,1009900,0.33,36.6,4459,37,9.9,3,2,10.7,400900
CUST0582,66,1172100,53850,531100,0.36,12.0,4812,31,0.0,0,2,20.9,595300
CUST0583,55,1017800,40400,953200,0.52,60.9,2308,38,10.1,0,3,21.9,665000
CUST0584,41,2319500,52150,3320400,0.33,52.0,3795,24,10.9,1,1,12.8,767900
CUST0585,43,1050200,40550,803700,0.49,70.1,3678,39,4.6,1,2,14.6,431600
CUST0586,48,1613000,63150,1372000,0.36,34.7,3523,37,6.6,2,2,10.6,1003600
CUST0587,40,953700,61050,349900,0.51,69.2,3607,27,16.4,5,4,7.0,107800
CUST0588,61,1460400,59500,964200,0.42,46.6,3745,14,11.8,2,2,20.8,154600
CUST0589,40,1897600,62650,1999300,0.31,8.0,2909,13,0.0,0,3,10.2,1331000
CUST0590,30,1248600,58400,928500,0.29,47.4,2139,34,9.4,3,1,0.7,483900
CUST0591,38,946700,36500,728700,0.36,53.5,2313,21,7.9,3,3,7.0,316200
CUST0592,53,1389400,94050,352100,0.57,71.4,2795,20,26.7,7,3,9.9,221300
CUST0593,49,727100,49500,165200,0.21,46.0,1852,43,8.7,2,2,15.0,39800
CUST0594,47,823700,39200,403600,0.44,60.9,2803,38,9.1,1,1,7.3,842000
CUST0595,46,2701400,115550,2135500,0.22,12.7,4819,21,0.0,0,1,13.8,1390200
CUST0596,44,2700500,97800,3119300,0.12,45.0,3432,25,8.5,0,1,14.5,1606100
CUST0597,39,811400,40800,199600,0.29,24.5,4087,31,0.0,0,1,13.8,66800
CUST0598,55,1410600,74950,335200,0.36,64.9,14189,45,15.3,4,1,15.9,77500
CUST0599,43,985800,38750,559400,0.46,73.0,2761,40,17.2,3,3,12.8,269100
CUST0600,36,563000,44550,66800,0.67,92.1,2514,39,22.3,4,4,6.5,55800
CUST0601,46,1522700,57850,362500,0.35,28.1,5154,33,2.0,0,1,8.8,335400
CUST0602,36,373600,23550,30400,0.63,57.7,2009,30,19.0,4,3,8.8,11600
CUST0603,40,924600,60050,107600,0.49,49.8,3537,34,7.4,2,3,0.5,178000
CUST0604,44,3076200,102150,3003200,0.24,31.5,8749,35,4.5,2,1,6.7,1291200
CUST0605,45,857100,37800,296400,0.43,39.4,5242,21,6.1,0,2,13.2,86200
CUST0606,50,3738400,109450,3862100,0.12,31.2,7171,30,0.0,1,0,12.9,9213700
CUST0607,34,1496600,87100,1033600,0.27,35.6,3028,32,0.0,1,4,8.0,226600
CUST0608,35,685600,31200,290100,0.27,37.9,2744,34,10.7,5,4,8.0,50600
CUST0609,41,893400,41100,688700,0.33,53.2,3161,22,6.2,2,3,17.1,113500
CUST0610,40,1521000,54600,655200,0.26,36.5,4100,28,4.9,1,0,6.4,778200
CUST0611,21,556200,29000,227800,0.57,76.3,2133,49,24.2,5,3,2.5,19900
CUST0612,52,1197200,49150,942300,0.33,49.3,2425,32,12.6,3,1,7.5,594600
CUST0613,47,771700,28350,774500,0.28,50.8,2434,34,4.4,1,1,17.0,225500
CUST0614,47,1082300,43950,909300,0.05,5.0,2855,23,0.0,0,1,20.7,293900
CUST0615,32,543100,28000,101900,0.78,95.0,3156,49,15.5,2,4,12.6,15100
CUST0616,36,1326100,83700,357000,0.33,53.0,3183,28,10.4,4,2,5.2,139600
CUST0617,39,399800,24500,43900,0.83,93.8,1748,30,25.5,4,4,1.5,16500
CUST0618,42,1131000,43200,886800,0.2,13.0,6442,29,0.0,1,2,15.0,584300
CUST0619,36,1192900,43550,764500,0.31,36.7,4842,40,8.4,0,0,11.7,308500
CUST0620,40,1839600,53800,2774100,0.3,25.1,3881,20,0.0,1,2,3.3,6722700
CUST0621,50,1128300,41000,271600,0.27,36.8,3981,31,0.0,0,1,11.9,295900
CUST0622,44,1625900,68600,531200,0.08,21.8,4631,30,0.0,1,1,8.9,220000
CUST0623,33,1041600,50600,514600,0.53,36.8,2722,40,14.6,5,5,3.3,409100
CUST0624,49,905500,39600,395800,0.35,32.3,3588,29,7.7,2,3,4.9,140800
CUST0625,42,1436900,78100,273100,0.51,50.8,6813,37,11.6,2,2,2.6,86700
CUST0626,34,734100,56050,150000,0.47,55.2,2022,41,16.3,6,5,1.5,38800
CUST0627,33,417600,29750,41900,0.69,49.0,1300,50,13.3,2,4,0.5,28000
CUST0628,37,648800,34150,133500,0.65,85.2,2099,40,19.8,5,4,1.0,59500
CUST0629,28,710600,34350,198700,0.48,65.1,3351,30,11.3,2,3,6.0,64400
CUST0630,34,610400,44200,94700,0.69,80.8,1943,37,19.3,5,5,0.7,54500
CUST0631,37,1084600,53550,420500,0.34,51.9,3851,31,3.4,3,3,0.5,504800
CUST0632,35,441100,24250,56600,0.48,81.2,2453,41,20.7,5,2,0.8,12200
CUST0633,51,975100,23650,586500,0.19,32.0,3516,38,4.0,1,2,16.6,171300
CUST0634,56,1946900,60800,1722500,0.24,30.4,3065,26,0.0,0,0,11.9,1163400
CUST0635,35,1318500,29150,1844400,0.05,20.7,2223,25,3.2,4,0,4.4,355400
CUST0636,47,869600,56350,185300,0.56,65.2,3337,36,8.9,0,3,12.7,294600
CUST0637,31,532300,33650,64900,0.56,95.0,1778,45,25.8,5,3,1.0,10700
CUST0638,38,2301800,87100,1098300,0.13,40.2,6404,25,3.9,1,1,1.1,400200
CUST0639,36,1273700,53350,490600,0.28,22.3,3810,35,3.4,2,2,3.0,365000
CUST0640,43,1333100,45850,536200,0.14,5.0,3103,29,0.0,0,2,7.3,428400
CUST0641,25,1088800,44550,1016600,0.48,56.8,2919,34,8.4,3,5,7.7,44500
CUST0642,57,2180900,71400,1798000,0.21,33.1,3377,35,13.0,2,0,9.3,2904700
CUST0643,35,1207500,53550,740200,0.09,27.0,2976,41,0.0,1,2,6.1,295500
CUST0644,27,739100,23000,1230200,0.4,44.6,2621,15,8.3,0,1,15.3,280800
CUST0645,31,640300,43100,125900,0.65,93.0,2362,51,18.7,4,3,6.1,24000
CUST0646,42,2138500,76500,1301300,0.12,5.0,5930,42,2.6,0,1,15.0,169100
CUST0647,31,1071300,56550,386300,0.44,43.7,2162,27,7.6,2,3,3.4,91700
CUST0648,25,563400,35200,94000,0.57,72.7,3646,42,17.9,5,4,2.2,26900
CUST0649,42,571900,32750,134600,0.63,65.2,4557,43,12.8,1,2,14.8,86300
CUST0650,43,2328900,101800,5681200,0.38,71.9,2989,42,19.6,2,2,6.3,2458900
CUST0651,40,1006300,59350,213300,0.44,70.8,4296,48,23.2,6,3,8.3,24100
CUST0652,39,2047800,61700,2184400,0.2,42.3,2498,20,0.0,0,0,2.5,966700
CUST0653,36,581800,24200,401800,0.52,51.0,1193,23,18.1,4,3,13.8,290200
CUST0654,39,776900,32450,266100,0.42,24.4,2697,29,5.0,1,2,11.4,293900
CUST0655,42,796000,52850,129500,0.63,93.2,2997,29,20.5,4,3,0.5,319500
CUST0656,43,1143600,49050,464200,0.57,38.8,6185,15,5.3,2,4,3.4,417100
CUST0657,43,1702600,79900,1939700,0.26,52.4,1470,26,9.2,2,1,5.1,1145200
CUST0658,35,1229600,39300,846200,0.12,40.5,4008,29,7.9,2,1,10.5,233000
CUST0659,44,940400,59500,329800,0.34,57.5,3389,31,4.4,2,2,5.6,295600
CUST0660,27,2221700,71950,3884100,0.25,47.5,4335,14,8.1,2,1,7.3,1127100
CUST0661,44,624400,28650,244800,0.38,43.0,3782,31,5.3,1,2,9.4,125700
CUST0662,31,452400,30350,66900,0.54,62.9,1862,39,15.9,4,3,3.8,15500
CUST0663,52,797700,28350,282600,0.27,29.7,2092,30,1.6,0,1,13.6,127600
CUST0664,34,1190200,60000,752800,0.37,41.9,2374,45,6.6,3,4,2.9,380700
CUST0665,40,207800,11800,16400,0.71,95.0,1048,58,20.1,4,4,10.0,6300
CUST0666,46,1182400,37700,717300,0.26,40.2,3680,29,0.0,0,0,14.8,998300
CUST0667,21,464600,28800,238800,0.37,39.2,2110,35,8.9,0,4,14.3,29400
CUST0668,39,1650800,87000,1223100,0.5,50.6,5154,39,13.1,2,3,6.5,494300
CUST0669,35,444800,23500,99300,0.63,63.5,2339,46,13.0,2,3,1.6,147800
CUST0670,25,428800,33950,88200,0.67,57.2,2549,30,22.5,3,5,7.3,35300
CUST0671,43,528600,29900,89400,0.56,62.3,3044,48,6.5,2,4,7.0,37600
CUST0672,49,795200,47000,268700,0.41,83.9,3040,58,23.5,6,4,10.2,52900
CUST0673,55,1354400,69800,591900,0.3,40.1,2585,12,2.7,3,3,7.9,460200
CUST0674,49,1486700,48100,1088200,0.1,18.6,3232,37,0.0,0,0,18.2,241400
CUST0675,27,1226900,69100,402400,0.38,47.8,2741,18,5.9,1,1,0.5,459200
CUST0676,54,2466100,60000,2822800,0.13,31.9,4861,18,2.6,0,0,10.4,2129900
CUST0677,53,730400,43150,173000,0.69,71.5,1560,35,15.3,5,4,8.9,194400
CUST0678,21,450400,27350,29000,0.62,78.1,2044,43,21.2,3,3,0.5,5100
CUST0679,39,1790700,97150,892100,0.46,59.2,6356,29,11.9,2,3,4.1,780400
CUST0680,44,1488300,43300,2186200,0.22,40.5,3094,30,2.3,1,2,13.6,1036500
CUST0681,40,1482300,69600,762900,0.2,5.1,3915,30,1.3,0,2,13.5,792000
CUST0682,32,542800,27600,147100,0.31,75.8,2363,29,10.4,3,1,9.0,29800
CUST0683,45,2053700,60450,2775600,0.25,10.6,4529,25,0.0,0,2,18.7,464800
CUST0684,52,1342200,45700,1033300,0.35,31.0,6060,27,2.4,0,1,15.1,651500
CUST0685,36,851900,39650,328300,0.4,56.4,1981,52,8.6,3,2,4.2,140900
CUST0686,48,1451500,42000,1778000,0.28,23.3,4797,20,0.0,2,3,14.6,898300
CUST0687,37,851300,38100,644300,0.43,46.7,1597,41,4.1,1,5,11.4,369000
CUST0688,35,766900,44100,370900,0.28,38.3,2795,35,0.6,2,2,12.2,163300
CUST0689,53,750400,21950,371700,0.49,45.7,2375,39,2.7,1,2,18.1,194100
CUST0690,29,1000700,79200,257300,0.7,95.0,5172,39,21.4,7,4,0.9,108200
CUST0691,27,1375200,28650,1208300,0.21,15.4,5130,29,3.8,2,2,4.0,319200
CUST0692,26,416600,25350,44600,0.4,50.8,2374,40,15.1,5,2,0.5,19100
CUST0693,34,1121200,54500,898900,0.28,59.3,3336,44,13.9,3,2,13.8,133400
CUST0694,55,2162500,56150,2053000,0.27,37.3,3852,36,0.0,0,0,11.5,4489800
CUST0695,45,958700,27700,788100,0.4,53.4,3796,33,11.5,1,1,14.2,191500
CUST0696,41,1829800,70350,1313500,0.29,28.1,1803,24,8.2,0,1,14.2,395400
CUST0697,40,502000,26750,80000,0.7,79.5,1876,32,23.5,4,4,8.1,17800
CUST0698,47,1433300,45300,738100,0.29,26.2,3800,29,5.6,2,2,9.3,313400
CUST0699,38,976700,21300,503100,0.21,9.5,4181,17,0.0,0,0,7.5,522500
CUST0700,41,1465100,57400,929500,0.23,25.5,6189,28,0.0,0,1,10.7,230200
CUST0701,47,1345500,44450,807500,0.26,50.0,5752,34,6.4,2,2,10.9,363200
CUST0702,35,787300,54000,149400,0.7,84.4,3391,31,30.0,6,2,9.5,70500
CUST0703,27,902900,42250,295800,0.49,71.7,2117,43,0.7,0,4,0.5,108100
CUST0704,47,2367500,74200,2825000,0.15,5.0,2972,9,0.0,0,2,13.0,2743900
CUST0705,46,3899500,111100,7611400,0.33,42.3,12441,23,1.7,2,2,12.7,4150700
CUST0706,35,468000,30750,71400,0.58,73.6,2361,42,19.2,4,6,9.0,24300
CUST0707,44,837200,38150,264100,0.51,37.4,4474,28,5.2,0,2,16.6,139300
CUST0708,36,664300,40850,151000,0.47,58.0,2202,40,15.8,3,3,10.9,46200
CUST0709,37,674300,32950,410300,0.32,61.3,2259,53,10.7,2,2,9.2,40100
CUST0710,52,1540700,63900,742900,0.29,33.1,3767,32,2.1,0,2,19.1,232300
CUST0711,42,542400,30450,147700,0.59,63.0,1637,37,14.8,2,2,9.6,63200
CUST0712,40,800900,26650,457800,0.47,74.9,3376,45,7.4,2,3,5.9,215600
CUST0713,46,1164700,72900,474100,0.47,54.9,2358,23,16.6,2,3,13.0,476000
CUST0714,43,268800,14600,25300,0.71,66.5,2733,41,13.9,4,4,5.8,19400
CUST0715,39,1097600,58800,523000,0.51,52.8,2015,36,10.1,2,2,11.2,396100
CUST0716,37,667200,35150,235200,0.33,64.8,3425,48,11.3,3,2,7.4,85200
CUST0717,40,976200,31750,794600,0.24,10.1,4121,5,0.0,0,1,17.6,516800
CUST0718,39,673100,43150,94300,0.31,43.5,2650,41,9.0,2,2,6.3,169200
CUST0719,32,254100,10800,167700,0.5,74.7,1157,17,9.8,3,3,12.3,25100
CUST0720,39,2424800,75900,4464100,0.14,22.8,2008,25,1.9,0,2,5.8,1320100
CUST0721,42,2216000,65950,4110700,0.28,44.7,4229,55,9.5,2,1,12.9,4526500
CUST0722,33,1001500,45450,523100,0.49,65.0,3062,31,19.8,4,3,1.8,435300
CUST0723,25,1215400,71500,396700,0.37,39.5,3775,32,4.7,0,1,4.5,150400
CUST0724,51,1739100,74200,761800,0.51,73.2,7014,39,3.9,2,3,13.7,628300
CUST0725,28,649400,38750,158300,0.32,58.1,3344,43,18.1,5,4,4.9,14900
CUST0726,40,718700,29250,228800,0.57,60.2,3485,35,12.6,2,3,11.7,172200
CUST0727,26,754100,26550,446100,0.37,55.5,5422,19,21.1,4,2,0.7,176800
CUST0728,41,687300,34050,209500,0.41,30.2,2659,37,4.3,2,4,6.9,67800
CUST0729,36,1416100,53100,1185600,0.16,35.2,4596,28,0.5,1,1,5.6,595700
CUST0730,42,833500,35200,732300,0.17,27.8,1879,24,6.1,1,2,15.1,501100
CUST0731,32,513800,30850,81200,0.65,66.7,2115,30,20.7,5,4,2.2,27800
CUST0732,54,1418800,34800,1780800,0.05,30.2,2867,44,0.0,1,0,14.5,263500
CUST0733,31,524400,24100,229600,0.63,43.7,2029,24,2.8,1,4,1.0,158700
CUST0734,50,834200,33500,193800,0.32,13.4,5352,17,0.0,0,1,9.2,312500
CUST0735,60,1603300,55050,768500,0.27,9.2,5205,29,0.0,0,2,13.5,792500
CUST0736,42,1164400,50350,772700,0.15,20.7,1818,28,0.0,0,2,8.8,691500
CUST0737,41,1045100,25050,1084300,0.43,38.3,2086,30,5.0,2,3,1.2,1283400
CUST0738,50,1161700,55950,794400,0.59,78.4,3868,29,12.0,0,3,21.9,531000
CUST0739,51,1150600,43350,983600,0.24,39.8,2620,28,0.3,1,1,16.7,527000
CUST0740,27,762400,34000,255800,0.22,22.6,2342,18,1.5,0,0,2.9,234200
CUST0741,45,2520600,72250,4261200,0.2,31.7,3390,16,0.0,0,1,12.6,6296000
CUST0742,47,799700,44350,276900,0.4,36.5,2839,29,10.1,1,3,18.5,109900
CUST0743,42,1452900,62900,760700,0.41,51.6,3621,25,15.1,2,3,7.1,365200
CUST0744,32,1101000,48250,675200,0.18,39.3,2758,41,10.2,2,0,15.4,277600
CUST0745,28,1662800,68400,1752900,0.19,33.8,4154,23,12.6,2,1,0.9,2192000
CUST0746,31,896200,41800,563200,0.45,41.6,2053,29,3.7,0,4,1.6,774200
CUST0747,23,1380100,68000,723700,0.27,41.6,3963,25,0.0,0,2,0.5,579900
CUST0748,44,537300,27450,86900,0.49,71.5,3327,21,17.8,6,5,8.6,11800
CUST0749,23,571700,27150,337200,0.53,45.7,4494,33,9.3,0,2,14.0,84600
CUST0750,29,730400,39200,154300,0.49,67.5,3669,34,9.1,3,2,1.3,82300
CUST0751,39,685600,35150,235000,0.55,63.9,3012,36,9.5,2,3,9.2,220400
CUST0752,34,660800,25650,308200,0.4,41.1,2786,34,3.9,1,4,14.5,21000
CUST0753,21,2982200,117050,3667200,0.39,33.1,6794,24,12.5,1,3,4.5,1789200
CUST0754,47,1052600,47350,862700,0.34,14.4,3588,29,0.0,0,3,21.7,580600
CUST0755,40,1405000,60450,442100,0.49,67.0,1987,31,7.9,1,2,7.4,383300
CUST0756,46,1242400,61450,724400,0.4,43.0,2538,26,0.1,1,3,11.7,661500
CUST0757,27,247000,16600,32200,0.64,80.1,1900,40,26.5,4,3,6.1,15700
CUST0758,31,665700,40900,142500,0.6,47.4,1536,31,9.9,2,5,1.7,23000
CUST0759,27,1187400,53800,1884200,0.37,68.8,3271,45,14.4,3,3,17.1,164900
CUST0760,39,1215100,32750,1818500,0.13,14.9,4476,22,0.0,0,1,20.0,513300
CUST0761,51,2589200,115700,4858000,0.08,24.0,3595,27,0.0,0,0,17.9,3018200
CUST0762,31,1702600,92400,529200,0.22,31.6,7793,38,11.2,3,1,0.5,348300
CUST0763,41,705200,38400,352400,0.4,50.3,3727,33,8.9,3,3,10.0,209300
CUST0764,42,752300,37000,355700,0.27,23.2,3581,23,7.2,2,2,16.7,185000
CUST0765,51,1386800,33900,2219300,0.18,20.5,3060,36,0.2,0,1,18.4,2333100
CUST0766,59,3492700,142800,2385800,0.28,15.4,3673,28,2.6,1,3,13.3,1343000
CUST0767,42,2538400,99500,1532700,0.13,12.6,4206,26,1.9,2,2,3.7,315000
CUST0768,40,1049000,46450,466800,0.62,38.1,3812,20,6.0,0,3,8.1,64700
CUST0769,44,1401800,29500,2083700,0.31,9.7,4976,31,4.1,1,3,17.7,1008800
CUST0770,44,471200,31300,45800,0.73,91.5,2995,51,23.2,6,6,3.6,18400
CUST0771,40,2596000,93950,5564500,0.22,26.7,3668,32,6.1,2,2,12.6,3696600
CUST0772,53,1801400,73550,663600,0.37,34.3,5851,31,0.0,0,1,16.4,895400
CUST0773,47,619400,30150,227800,0.41,56.4,1943,56,16.9,4,3,14.1,93300
CUST0774,23,1167500,60500,247500,0.38,59.8,4195,44,14.6,1,1,0.5,49000
CUST0775,44,1407600,47150,2823300,0.05,16.6,3970,16,0.0,0,0,14.4,1528900
CUST0776,37,513700,24600,186500,0.31,50.7,3118,35,4.2,1,0,9.6,80400
CUST0777,33,488600,22250,195700,0.66,64.9,2232,40,15.4,2,5,10.0,67500
CUST0778,36,2391000,95000,3592200,0.31,25.9,4279,26,0.0,0,3,13.0,715800
CUST0779,21,995000,42550,1664000,0.55,55.4,5539,40,7.1,0,3,13.7,387900
CUST0780,66,3202100,117100,6784700,0.05,18.9,5969,13,3.7,2,2,19.1,9289700
CUST0781,33,555700,25600,80200,0.38,55.8,3421,26,12.3,2,2,2.3,21200
CUST0782,39,3478800,87300,8923400,0.2,33.2,7644,38,0.9,0,0,11.9,2260300
CUST0783,65,2113500,102250,1529300,0.33,23.9,2903,30,6.6,1,1,14.8,1393000
CUST0784,40,867100,50850,343700,0.7,95.0,2715,42,22.9,3,3,11.0,104200
CUST0785,21,689700,33900,227100,0.08,33.3,3093,39,3.3,2,0,4.6,250700
CUST0786,51,3443500,140700,2286200,0.2,30.0,6416,33,0.0,0,2,13.6,882200
CUST0787,36,688100,36300,114200,0.61,70.0,3852,8,13.7,1,3,9.8,53200
CUST0788,53,1554400,54450,1383700,0.28,13.4,2203,19,0.0,0,2,15.4,1038300
CUST0789,34,818100,33400,565100,0.45,28.5,3058,17,2.6,0,3,17.7,436500
CUST0790,45,1628600,100250,855900,0.24,67.5,2420,39,10.1,2,2,9.4,497700
CUST0791,28,1634100,36600,2344300,0.18,5.0,4789,21,0.0,0,3,12.3,484600
CUST0792,43,720100,17350,320200,0.23,28.7,3255,37,5.2,2,2,10.9,194000
CUST0793,40,1901500,56350,1683800,0.37,44.5,5640,37,0.0,1,3,12.4,833400
CUST0794,44,1974500,69800,2154400,0.4,50.8,4323,32,4.5,0,2,16.5,1559200
CUST0795,48,1259400,68900,524200,0.38,43.2,3451,28,5.4,2,4,11.1,687300
CUST0796,37,981200,26650,647600,0.18,5.0,3648,27,5.2,0,1,12.0,167300
CUST0797,44,1909700,73200,2648600,0.45,62.9,2638,26,12.7,2,3,12.7,585100
CUST0798,28,446000,24800,110100,0.47,52.3,1586,28,6.6,0,2,1.7,91500
CUST0799,40,305600,13000,90300,0.52,62.4,731,45,17.2,4,4,0.5,15900
CUST0800,53,1290700,46350,1085300,0.21,36.2,3228,36,4.4,1,1,14.9,1464000
CUST0801,36,540200,16950,370900,0.25,36.0,2329,39,1.8,1,2,18.6,28700
CUST0802,26,425500,19550,259400,0.35,41.3,1518,28,6.8,0,3,8.6,219000
CUST0803,41,1302300,55150,670100,0.26,8.7,4750,40,1.0,2,2,10.8,287700
CUST0804,41,421900,26050,141400,0.35,34.6,1826,20,12.3,2,3,12.3,56300
CUST0805,33,1876300,73900,3084000,0.28,48.0,3599,23,17.3,1,0,14.8,3301300
CUST0806,48,621300,26800,182200,0.49,50.8,2180,30,5.3,1,4,5.5,128800
CUST0807,48,790500,39050,171300,0.4,38.5,3274,32,8.2,1,1,9.1,55300
CUST0808,29,887200,51250,364100,0.62,93.0,4579,43,14.4,3,5,3.3,117000
CUST0809,34,1563400,48600,1384800,0.32,17.6,3231,27,5.3,2,2,8.8,400800
CUST0810,28,913600,23200,793000,0.29,22.9,4218,28,6.5,1,4,9.1,96800
CUST0811,39,516800,29450,95900,0.79,86.3,2097,43,22.0,5,5,4.5,85000
CUST0812,52,489900,31100,211100,0.46,64.3,1574,33,8.9,2,3,20.6,342000
CUST0813,40,1242200,52500,1671100,0.33,19.0,3092,11,6.5,0,1,18.7,1228900
CUST0814,34,588600,24950,510500,0.34,23.6,1396,37,1.5,1,4,7.5,208300
CUST0815,35,677700,33100,394800,0.44,70.5,3265,47,18.4,5,2,10.4,256100
CUST0816,54,1357900,61850,827300,0.3,31.7,2802,28,1.4,1,2,10.6,394700
CUST0817,43,951400,31000,706200,0.25,20.0,3219,23,0.0,0,1,14.7,365800
CUST0818,54,2313800,48200,4651800,0.22,33.3,6756,13,1.8,1,0,22.3,1599400
CUST0819,30,750900,44500,197600,0.56,80.2,3477,45,17.2,5,3,0.5,69700
CUST0820,29,789600,29400,458500,0.3,45.5,2448,24,4.7,1,0,7.3,74400
CUST0821,21,1094800,46200,1357700,0.13,38.5,4529,38,3.2,0,0,11.0,123500
CUST0822,25,361100,21250,198300,0.56,65.0,1169,25,17.1,6,5,9.1,18400
CUST0823,51,1616700,42450,3871100,0.2,26.9,2602,37,0.0,0,0,25.4,1735000
CUST0824,45,1778400,38550,1931900,0.27,16.7,5780,17,0.0,0,2,11.5,696500
CUST0825,39,1166700,52050,1067700,0.35,29.1,2978,27,7.0,3,3,19.8,710300
CUST0826,65,1423200,70250,810600,0.25,35.5,5017,37,1.0,0,1,19.2,1471600
CUST0827,34,911400,37600,621300,0.13,14.5,2168,41,2.6,0,1,6.5,224300
CUST0828,37,550100,24000,171600,0.6,84.7,2649,41,22.2,6,5,6.1,97300
CUST0829,30,2674200,91800,3008300,0.18,8.8,8666,22,5.2,1,3,8.8,1497000
CUST0830,39,840800,36950,380100,0.27,26.8,1653,39,0.0,2,2,7.7,90600
CUST0831,50,528900,33600,46500,0.53,60.2,2751,33,14.1,3,4,12.3,11500
CUST0832,42,1479400,44500,1525000,0.31,28.2,3247,26,2.9,0,2,13.0,1478700
CUST0833,50,1704200,54950,2213100,0.21,17.7,4221,26,2.7,0,0,23.4,1970800
CUST0834,40,985400,30400,1153200,0.31,29.3,3398,19,3.8,1,1,17.1,259300
CUST0835,39,423900,31650,50300,0.55,75.7,1333,41,17.6,3,2,14.9,16700
CUST0836,26,583600,28950,344700,0.54,79.7,2334,42,7.9,2,2,6.0,781300
CUST0837,33,1645300,35550,2041000,0.32,35.3,5241,28,9.9,2,2,10.9,753600
CUST0838,34,476300,27050,76000,0.57,81.1,1671,22,21.4,4,2,5.5,3800
CUST0839,45,1387400,59250,889500,0.17,5.0,3099,31,7.6,1,1,8.4,1137100
CUST0840,51,2503200,66000,5974800,0.1,27.0,4149,32,3.2,0,0,20.6,2077200
CUST0841,45,599500,47450,39900,0.67,67.3,3298,41,13.3,3,5,14.0,11200
CUST0842,40,942900,35350,597200,0.56,71.9,2892,47,6.9,0,4,12.1,118300
CUST0843,35,807700,27150,600500,0.1,28.6,3437,30,0.0,0,1,9.1,372600
CUST0844,38,458800,30400,74100,0.48,80.9,1231,34,21.0,7,3,3.0,32700
CUST0845,46,1125000,46050,811800,0.47,69.3,3475,38,17.0,3,3,9.8,582000
CUST0846,50,1335300,27800,2411500,0.13,28.6,4747,29,6.7,2,2,15.5,514900
CUST0847,47,1786900,71750,1829300,0.25,35.9,3629,32,0.5,1,2,12.7,1178200
CUST0848,43,2884400,84850,3306500,0.24,39.2,5455,40,8.1,2,2,16.5,751000
CUST0849,52,1640300,49150,2621500,0.3,12.4,3005,27,3.4,1,3,19.4,1236100
CUST0850,23,1263100,64800,679100,0.33,67.2,4412,45,8.3,2,2,0.5,201300
CUST0851,30,330900,21350,67100,0.79,53.7,3508,37,19.7,2,4,15.8,10100
CUST0852,35,789500,56400,66400,0.41,78.5,4356,42,20.3,6,3,0.5,43600
CUST0853,40,993300,49000,1200400,0.31,69.3,2341,49,5.5,2,2,13.0,692800
CUST0854,31,571000,34550,55000,0.83,72.0,2982,28,13.6,3,4,0.5,42600
CUST0855,38,853700,52500,140000,0.58,63.6,2977,34,14.3,4,5,3.9,100300
CUST0856,42,1385200,33400,2190400,0.28,45.9,3076,29,7.2,2,1,14.7,729900
CUST0857,50,664100,33500,209900,0.46,55.3,2438,40,9.1,4,3,4.5,249700
CUST0858,42,375400,21650,47600,0.5,81.2,1069,48,21.0,5,3,6.0,10700
CUST0859,26,687100,24850,555300,0.55,43.8,2126,24,6.4,2,3,6.4,268000
CUST0860,47,2005500,59800,3249300,0.17,22.7,4563,15,9.6,2,2,12.6,730700
CUST0861,37,282400,11250,72800,0.54,32.2,1788,21,7.0,1,4,13.3,23300
CUST0862,24,506000,27100,126800,0.54,58.7,4237,42,15.1,2,3,4.5,21400
CUST0863,48,1052900,57600,370100,0.45,50.6,4858,34,8.8,1,2,13.2,340200
CUST0864,51,5000000,160900,8461500,0.26,41.6,5426,26,8.3,0,1,13.0,9516900
CUST0865,51,1509100,47600,1946700,0.21,11.7,2274,19,2.0,0,2,14.9,1081200
CUST0866,21,395200,24350,135300,0.72,69.0,1805,38,17.3,3,4,11.5,19800
CUST0867,30,227900,10150,25700,0.75,93.2,1873,32,19.7,6,3,7.6,13400
CUST0868,45,672000,35950,157600,0.45,45.3,2678,28,6.9,0,3,11.3,30200
CUST0869,48,1743400,105950,1285200,0.48,58.5,1721,33,13.9,2,3,6.9,727700
CUST0870,45,1376900,48000,1096300,0.27,5.0,6578,23,0.0,0,1,15.6,1617000
CUST0871,51,449300,16500,251100,0.61,33.9,2402,42,1.3,2,5,16.7,69500
CUST0872,40,467500,30500,27800,0.62,77.1,2620,34,19.2,5,3,4.5,14300
CUST0873,24,613600,39900,121900,0.54,88.3,2306,28,28.0,6,4,2.4,100800
CUST0874,47,1209700,76200,338200,0.4,48.7,2972,17,15.8,2,2,5.0,477000
CUST0875,33,338200,18750,59800,0.66,78.9,1451,50,12.2,3,3,4.7,45400
CUST0876,34,1827000,41450,1314000,0.25,24.9,5754,23,11.0,2,1,5.6,779100
CUST0877,44,1237000,38100,1585100,0.34,13.1,2417,21,3.2,1,5,13.4,496300
CUST0878,31,255300,13400,40200,0.75,79.5,3753,31,22.8,6,5,10.2,13200
CUST0879,26,996600,53900,705900,0.41,61.1,5653,32,6.1,0,3,17.0,58200
CUST0880,42,1452100,57300,1026800,0.22,32.3,4575,28,3.6,0,0,16.0,615100
CUST0881,41,924000,58200,241100,0.46,54.9,3224,51,8.9,1,4,8.5,53400
CUST0882,48,1176400,37850,1436200,0.33,19.7,2794,28,0.0,2,3,14.9,1610900
CUST0883,39,633500,28750,432200,0.39,29.2,1868,30,4.6,2,3,10.3,72100
CUST0884,44,644700,24300,638900,0.42,57.7,1497,38,5.3,1,1,15.3,304200
CUST0885,37,722600,37700,197600,0.57,41.0,1785,29,3.6,0,3,3.1,170700
CUST0886,48,464900,29650,52800,0.49,72.1,1387,42,10.1,3,2,8.2,20100
CUST0887,35,414100,24550,41000,0.46,64.1,1674,46,5.0,3,5,1.1,10400
CUST0888,43,858400,44300,393300,0.37,32.3,1633,54,10.3,4,3,6.4,146100
CUST0889,45,1247100,48900,877300,0.21,13.2,3633,17,2.0,3,3,14.0,340200
CUST0890,24,1504800,42550,2477000,0.13,12.4,3923,45,1.3,0,2,1.8,459400
CUST0891,38,455000,23100,136600,0.54,42.0,2014,21,7.0,3,4,3.0,67200
CUST0892,50,2040300,89400,770300,0.39,30.0,6557,17,4.2,1,3,6.6,999200
CUST0893,35,364400,23350,64200,0.57,66.0,1840,31,10.2,3,4,6.8,30100
CUST0894,39,752000,17450,356500,0.34,41.9,1849,25,0.0,0,2,6.6,135500
CUST0895,49,3411700,133800,3491800,0.32,25.7,5945,17,0.0,0,2,7.2,5379000
CUST0896,48,2100900,102450,1362200,0.27,11.9,6373,20,0.0,0,1,15.3,2503200
CUST0897,36,1719400,35800,1829500,0.3,14.4,5464,33,0.0,0,1,5.9,768000
CUST0898,33,693300,35600,106600,0.71,73.9,2893,32,23.8,5,4,0.5,65600
CUST0899,32,767100,34500,186000,0.45,73.7,1950,36,13.0,3,1,0.5,53500
CUST0900,37,460700,22700,110800,0.45,55.2,3372,27,8.3,1,1,7.7,45300
CUST0901,50,2157200,71350,3058800,0.14,21.8,5248,34,0.0,0,1,24.0,274800
CUST0902,27,1612800,68100,3885900,0.12,19.6,2157,29,1.5,0,1,5.6,3592900
CUST0903,50,878500,36750,416500,0.52,41.3,3385,26,8.8,1,3,18.2,64200
CUST0904,45,2065400,102650,1361400,0.22,46.2,3569,20,8.0,3,2,9.9,428100
CUST0905,30,576700,37600,270100,0.51,71.7,1389,30,16.6,5,4,8.0,51300
CUST0906,36,1671300,88900,1013200,0.38,26.1,4076,32,4.4,0,1,14.8,1688600
CUST0907,53,1338300,55450,807800,0.38,44.4,1919,27,14.3,2,2,10.1,1377500
CUST0908,39,662500,28600,167700,0.56,55.1,5792,38,13.6,2,2,5.4,43300
CUST0909,55,985800,63250,230300,0.59,39.6,2748,26,14.9,3,2,7.5,282600
CUST0910,40,1798100,103200,2720100,0.52,68.3,1976,55,19.0,3,4,12.5,706700
CUST0911,45,650700,35900,194300,0.48,32.5,1212,18,14.4,1,3,7.8,118900
CUST0912,35,2247600,71700,1680200,0.29,35.7,3408,31,7.6,2,2,0.5,1409800
CUST0913,35,1268000,37800,1565200,0.16,36.9,3033,25,0.0,0,2,11.8,1434700
CUST0914,40,1582000,55800,932300,0.35,20.1,4179,24,3.2,0,2,10.2,1201500
CUST0915,47,772400,45600,178600,0.59,76.7,2099,40,18.0,6,3,9.9,126400
CUST0916,41,648600,33850,218300,0.37,65.2,2556,40,17.6,5,3,6.5,36400
CUST0917,39,1145000,43750,1211700,0.2,35.8,2968,22,3.1,0,0,15.7,535000
CUST0918,50,662600,13950,412600,0.47,30.2,2786,36,13.1,1,2,23.6,51100
CUST0919,50,1103700,61000,536200,0.45,43.4,2571,27,2.3,0,2,13.6,405300
CUST0920,35,649200,38100,167800,0.6,58.6,2637,36,12.4,3,4,5.6,176200
CUST0921,49,957700,29050,1042100,0.29,26.1,3031,27,2.4,1,1,17.9,409600
CUST0922,31,929600,31500,614000,0.21,23.1,3300,35,0.3,1,1,10.1,270300
CUST0923,35,1196000,52200,588000,0.48,44.6,4796,34,3.6,1,3,6.7,724100
CUST0924,50,3317100,114650,12992100,0.09,16.4,2590,45,2.6,0,2,20.9,12477700
CUST0925,61,1936800,49000,1935500,0.25,15.9,6737,44,1.1,0,1,24.7,894700
CUST0926,28,814300,36000,425800,0.39,45.5,3206,37,16.6,4,4,1.3,45800
CUST0927,41,744200,26800,447400,0.41,51.0,2322,25,2.4,0,3,10.6,100700
CUST0928,21,422000,27100,29000,0.56,52.7,3359,21,14.7,5,4,0.5,13300
CUST0929,43,751000,27500,408200,0.4,59.0,3444,40,14.4,5,3,12.0,112500
CUST0930,41,1078800,40700,622700,0.44,42.3,3782,29,4.0,1,3,5.2,217700
CUST0931,30,310100,17750,67000,0.75,87.4,953,45,27.8,5,6,0.5,32500
CUST0932,41,2266100,48200,3460900,0.05,5.0,6958,32,0.0,0,0,10.8,6111900
CUST0933,29,756500,44900,298400,0.79,86.6,3407,57,23.0,4,6,11.3,66500
CUST0934,33,593000,28850,206300,0.59,67.2,2510,39,2.8,0,3,11.1,75400
CUST0935,53,3359600,113300,2820800,0.3,40.6,9692,39,13.8,3,2,8.5,2943200
CUST0936,26,766800,26900,219000,0.29,9.8,6353,43,0.0,0,1,4.2,361500
CUST0937,48,1576400,47450,1404600,0.37,21.3,3019,36,1.5,1,3,12.6,722200
CUST0938,21,368800,22250,82600,0.64,63.5,1965,34,12.6,1,4,6.2,23200
CUST0939,48,1333900,51350,482600,0.26,27.8,4016,34,3.5,1,1,12.7,820000
CUST0940,33,832800,41400,433100,0.23,32.6,1740,32,0.1,0,1,3.2,93100
CUST0941,47,1110600,42600,684500,0.19,21.5,2971,25,9.3,1,1,7.3,351500
CUST0942,21,474200,31150,120100,0.65,80.7,2046,37,18.4,4,2,0.5,43300
CUST0943,42,1965500,78300,2436900,0.24,31.7,3978,24,5.2,3,3,12.8,1733200
CUST0944,44,1738300,81250,930700,0.24,71.4,4823,31,20.4,6,0,1.6,400900
CUST0945,47,864700,29450,693700,0.07,5.9,3355,28,0.0,2,2,17.5,1023300
CUST0946,26,534300,38100,58100,0.81,84.1,2436,31,30.0,5,3,8.3,28100
CUST0947,46,1008800,21000,1116600,0.3,44.2,4937,42,0.3,0,2,26.1,389000
CUST0948,45,611100,27900,179000,0.55,54.1,3552,24,10.2,1,2,11.2,273400
CUST0949,63,907400,50700,388300,0.34,43.5,3173,33,8.5,0,2,22.7,177300
CUST0950,43,856200,52450,149300,0.44,75.5,3020,56,16.0,5,4,4.8,65000
CUST0951,34,333500,21850,35100,0.65,95.0,2319,49,30.0,7,3,2.9,10100
CUST0952,45,1851900,75600,1101200,0.34,15.7,5067,27,0.0,0,2,8.3,1030300
CUST0953,23,366000,22050,62300,0.45,72.6,1377,34,23.6,3,2,3.7,6700
CUST0954,25,757700,29800,386300,0.66,73.9,3008,60,8.5,3,3,0.5,83700
CUST0955,36,563700,31800,97000,0.71,55.5,4890,31,18.3,2,4,12.0,81100
CUST0956,28,934800,32400,276100,0.26,22.4,3888,22,0.0,2,2,0.5,137400
CUST0957,46,1777300,42950,2862700,0.19,24.4,5131,22,8.3,3,2,11.0,284400
CUST0958,30,1254500,58350,647900,0.55,65.8,2873,24,18.6,3,2,0.5,274000
CUST0959,28,752600,43550,311700,0.43,46.5,2731,36,9.9,2,3,1.5,114000
CUST0960,36,439100,32000,147800,0.51,75.8,1947,36,14.3,6,5,11.9,92200
CUST0961,61,1673000,47550,1083400,0.1,38.1,5869,35,0.0,3,0,14.4,1277700
CUST0962,48,1092100,42100,623900,0.08,30.3,2541,25,0.0,0,0,13.6,333000
CUST0963,40,1136400,73450,235000,0.63,95.0,3805,49,16.3,4,4,1.7,127100
CUST0964,40,1625400,46950,1129900,0.17,15.8,3063,28,3.0,0,0,8.6,614100
CUST0965,32,678800,36650,199100,0.59,65.6,2170,24,18.5,3,4,5.1,32400
CUST0966,37,348000,17800,71600,0.72,91.7,2239,33,24.5,6,4,8.1,9100
CUST0967,49,931200,59500,239900,0.28,24.5,1646,27,2.1,2,2,10.5,163300
CUST0968,43,1517400,53450,1603800,0.49,42.6,4561,15,5.2,2,4,0.5,4033700
CUST0969,40,389400,22300,37400,0.84,77.3,2191,38,25.5,4,5,2.7,42700
CUST0970,52,1331300,65350,861500,0.31,43.8,1965,44,8.4,1,2,16.1,550100
CUST0971,21,422700,24250,149000,0.68,60.5,2852,43,14.6,3,6,0.5,54800
CUST0972,25,423700,22600,62300,0.52,53.8,2258,35,5.0,2,3,0.5,27500
CUST0973,46,1201300,42350,291300,0.21,23.2,5790,13,0.2,2,0,7.8,216500
CUST0974,37,1207800,25150,979000,0.2,25.3,2908,24,0.0,0,1,8.3,257400
CUST0975,46,948000,59750,368400,0.5,95.0,2341,51,21.8,6,4,7.0,76200
CUST0976,37,803300,41250,272100,0.57,33.8,2769,36,1.7,0,4,12.3,51200
CUST0977,27,1712100,47300,1267500,0.25,28.7,4085,35,0.0,0,1,2.5,625400
CUST0978,58,1545800,66300,916000,0.32,39.1,3098,38,0.9,1,2,17.2,632200
CUST0979,31,605400,45500,36000,0.69,65.5,3490,41,15.9,4,5,0.5,10400
CUST0980,48,1881400,66500,2426100,0.31,43.5,3599,40,6.4,2,2,16.0,797600
CUST0981,34,1237800,61850,654800,0.67,47.5,4412,22,9.3,2,5,5.9,300600
CUST0982,37,1252200,49800,872500,0.29,37.7,3144,35,6.0,0,2,11.2,152600
CUST0983,27,694100,48150,158600,0.45,67.7,1501,37,20.1,6,4,3.6,43800
CUST0984,42,1337800,37200,2400400,0.05,25.3,2448,26,8.9,1,0,14.5,721400
CUST0985,39,491400,34550,60500,0.65,57.4,1762,38,19.8,5,3,0.5,90800
CUST0986,39,1129700,43000,734100,0.12,31.6,2814,42,0.0,0,0,7.1,320700
CUST0987,50,924200,56600,107400,0.64,94.2,2400,41,23.6,6,3,0.5,113900
CUST0988,41,691300,41100,81100,0.7,83.2,3661,37,13.1,4,4,8.2,28800
CUST0989,37,1365500,60800,1085700,0.4,67.1,3213,41,3.6,0,0,10.5,600700
CUST0990,42,2443100,75950,2345900,0.25,34.8,8570,32,6.7,2,1,6.9,806500
CUST0991,51,3695100,107500,2303900,0.2,32.6,7423,31,9.2,2,2,4.6,822200
CUST0992,23,538400,33850,99900,0.59,78.3,2560,35,16.8,4,3,7.4,14400
CUST0993,56,1211300,39200,1285300,0.23,21.4,3895,36,0.0,0,1,17.7,990800
CUST0994,21,423200,25950,145800,0.56,73.2,2325,46,14.7,5,4,0.5,41600
CUST0995,48,581800,28200,308400,0.45,60.0,1266,49,6.0,0,2,7.5,128800
CUST0996,29,702000,32150,304800,0.29,15.0,2953,17,6.2,4,3,4.3,43300
CUST0997,30,414200,28200,59600,0.77,88.3,1646,38,20.8,5,5,1.0,33000
CUST0998,33,435300,31150,48200,0.58,67.4,1796,29,15.6,4,4,7.8,18400
CUST0999,43,917500,45950,392200,0.3,52.8,2626,24,11.9,2,2,8.6,241300
CUST1000,35,619300,22100,144500,0.47,49.9,2255,26,16.2,4,2,0.5,86600
CUST1001,36,1313600,55300,1655800,0.13,18.4,5941,28,8.7,2,1,15.5,1017900
CUST1002,49,731600,23850,771000,0.24,44.9,2617,22,4.9,1,0,17.1,910100
CUST1003,39,673000,39700,99300,0.5,51.3,3914,33,9.0,2,4,7.0,174300
CUST1004,27,565600,30500,99900,0.62,64.6,3530,32,16.1,3,4,0.7,51100
CUST1005,28,1375500,63800,2126100,0.36,59.4,2542,45,12.7,4,3,4.9,802500
CUST1006,37,1330600,62950,733600,0.23,12.4,2232,25,1.2,1,1,7.8,199300
CUST1007,34,1378200,72600,549800,0.6,62.3,2907,27,19.5,5,5,4.8,491300
CUST1008,43,1664000,95550,2010100,0.39,61.3,2513,40,7.6,0,3,10.5,1262300
CUST1009,34,613300,20850,575000,0.44,40.4,4214,28,10.2,1,2,16.0,75600
CUST1010,26,524000,41350,45600,0.62,81.1,1978,53,17.1,2,3,3.0,14600
CUST1011,31,575400,28050,174100,0.59,89.6,2059,47,19.5,2,2,6.6,36600
CUST1012,28,1142800,70500,536400,0.32,47.2,2814,30,11.0,3,3,4.7,112700
CUST1013,41,1754400,50900,1782700,0.27,39.4,4631,39,3.8,0,3,14.1,291000
CUST1014,49,2353900,116950,1912200,0.38,45.3,5335,35,5.6,2,3,6.3,1568500
CUST1015,31,706700,23800,386000,0.41,37.8,3589,29,3.2,1,3,6.4,55200
CUST1016,35,1126600,39600,614800,0.29,16.8,2257,33,0.0,0,1,8.5,823900
CUST1017,28,379400,16150,160600,0.35,28.7,1452,27,2.5,1,3,10.5,86800
CUST1018,37,458100,22650,139500,0.68,50.6,2202,48,8.3,2,5,14.5,56400
CUST1019,39,5000000,190800,5884200,0.27,21.1,10939,25,0.0,2,3,8.5,4100800
CUST1020,39,561300,30800,320700,0.32,48.2,2631,34,0.0,1,1,8.6,57300
CUST1021,44,2445400,109600,2049600,0.3,18.7,6092,22,0.0,0,3,14.7,3067900
CUST1022,45,538400,24800,387900,0.31,52.4,1799,42,9.4,2,2,16.0,95700
CUST1023,44,541000,36000,81200,0.54,61.4,2529,32,9.1,3,3,4.5,52200
CUST1024,37,500200,28600,128900,0.63,51.3,1492,31,13.8,5,6,0.5,65400
CUST1025,42,457900,29650,109500,0.68,78.6,1795,44,23.1,5,5,7.5,35600
CUST1026,21,475800,30200,54100,0.63,73.0,2080,32,20.9,4,3,0.5,22200
CUST1027,40,877400,34900,423400,0.13,8.6,3305,33,6.9,5,2,5.5,71500
CUST1028,30,1048800,39700,1235900,0.37,24.3,3045,26,1.1,0,3,6.6,112100
CUST1029,45,2053700,106850,1313100,0.34,23.4,2573,24,0.0,0,2,4.3,7640400
CUST1030,49,1620900,54400,903800,0.27,40.1,4293,23,0.0,0,1,14.1,278100
CUST1031,43,1453200,70900,909900,0.07,25.2,4085,28,0.0,2,0,12.9,581500
CUST1032,43,1196000,36150,1441200,0.24,15.2,1806,33,0.0,0,3,8.9,736100
CUST1033,54,1186300,40750,1073400,0.05,29.0,1903,32,2.5,2,1,7.3,434100
CUST1034,21,464100,28450,146500,0.73,70.4,2051,32,17.7,4,5,2.8,75400
CUST1035,39,1489100,58750,1732100,0.23,18.6,2943,32,0.0,0,1,12.9,526200
CUST1036,55,2274500,73050,2351600,0.07,25.1,2391,34,1.4,3,1,9.1,4557300
CUST1037,43,2116800,57800,4453100,0.24,14.4,5673,43,3.6,2,3,9.2,848300
CUST1038,51,1053000,74300,163400,0.53,50.0,3828,35,5.2,4,4,7.1,50800
CUST1039,42,1569500,32700,2212500,0.17,35.4,5202,34,5.1,0,1,17.1,814400
CUST1040,51,1440000,70900,1264700,0.36,56.5,4891,32,6.3,2,3,15.8,781500
CUST1041,46,346900,18250,69500,0.6,78.9,2119,42,16.3,5,4,10.6,16900
CUST1042,44,2482800,104400,3265300,0.05,32.8,3517,35,0.0,0,1,11.5,2491400
CUST1043,38,900900,55200,109800,0.62,75.7,3835,26,18.4,5,4,0.5,171400
CUST1044,38,1884700,68750,940900,0.46,19.8,6212,29,2.9,0,3,3.5,934200
CUST1045,32,834300,46050,206000,0.53,94.2,2563,37,12.9,3,3,4.3,29000
CUST1046,44,1530300,52250,1435300,0.33,48.7,3705,37,3.3,1,1,15.7,2398300
CUST1047,47,1960000,73050,3731800,0.3,20.5,4404,33,2.6,1,3,18.7,2078500
CUST1048,31,587600,38900,145600,0.41,64.5,1424,42,19.2,4,2,5.2,36800
CUST1049,42,669800,40350,246100,0.35,40.3,2084,29,12.5,4,3,12.0,177600
CUST1050,59,1744400,58800,2180400,0.09,18.9,2783,27,4.1,2,0,18.8,2762300
CUST1051,46,1088700,44250,505700,0.6,50.9,4202,24,14.9,2,2,7.7,239500
CUST1052,42,1308500,71750,832300,0.55,47.0,3074,24,1.3,0,5,11.1,1355200
CUST1053,51,2571200,101100,2423600,0.2,22.0,10604,32,0.0,1,1,21.5,773100
CUST1054,27,582900,33950,235300,0.32,43.5,2835,28,7.5,2,2,7.7,46400
CUST1055,34,1543400,61850,1865700,0.41,35.5,2708,25,9.0,1,3,1.4,3321400
CUST1056,26,318100,18850,63700,0.41,66.4,2089,45,19.1,6,1,7.7,14300
CUST1057,34,1889600,90200,951000,0.47,46.6,2643,36,3.8,1,3,1.1,594600
CUST1058,34,900300,34550,547400,0.33,28.4,3422,29,6.4,2,1,1.8,1041200
CUST1059,34,609800,32050,241900,0.45,62.8,1906,26,9.4,1,1,5.2,276000
CUST1060,38,649200,19900,423100,0.36,35.6,2821,20,10.0,3,2,7.6,47600
CUST1061,38,1032200,47050,507100,0.42,39.3,1601,33,0.0,0,1,0.5,578700
CUST1062,54,1085700,82750,138700,0.77,85.8,4002,42,20.1,5,5,4.1,185500
CUST1063,32,754300,41500,136100,0.46,40.5,2439,33,4.1,0,3,5.8,17200
CUST1064,27,2037100,99400,3052300,0.26,61.0,1707,31,10.3,3,3,0.5,1459500
CUST1065,21,523500,28900,117500,0.61,48.9,3341,40,10.7,0,2,6.6,29500
CUST1066,51,1541200,53850,972000,0.36,24.0,6380,24,2.4,1,2,14.4,689500
CUST1067,22,680700,26500,790700,0.32,57.4,3135,27,10.6,3,2,8.0,48200
CUST1068,48,1314700,29750,1269700,0.4,40.0,6806,30,16.9,3,2,12.7,1280800
CUST1069,35,1144200,44150,1419000,0.22,34.5,1830,31,3.4,2,1,9.3,1315100
CUST1070,29,1514700,49000,596000,0.23,14.5,8692,13,0.0,1,3,0.9,180000
CUST1071,35,1118200,50750,679200,0.15,26.8,3109,56,1.3,0,2,5.2,438900
CUST1072,45,1155700,37850,1264700,0.19,28.4,2909,24,0.1,1,0,16.5,385300
CUST1073,47,3040900,130550,4409900,0.09,44.5,5219,28,2.3,1,0,15.9,1283000
CUST1074,50,1880800,90450,1438000,0.45,45.4,3903,48,4.6,2,4,9.7,925200
CUST1075,38,1013800,42600,488100,0.29,27.8,4241,21,0.0,0,2,12.9,145700
CUST1076,35,1817500,71800,1161000,0.22,5.0,4063,28,1.4,0,2,3.0,399800
CUST1077,38,1055100,55700,706100,0.22,45.2,2482,32,5.9,1,0,11.7,317900
CUST1078,42,955900,57100,289500,0.39,67.9,4022,37,4.5,1,1,9.9,124600
CUST1079,43,644300,31600,364300,0.54,74.0,2352,36,11.8,0,1,14.5,165700
CUST1080,36,1355700,52700,633700,0.1,44.1,3308,30,3.0,2,2,7.9,74700
CUST1081,43,1418500,58050,524300,0.23,33.8,3535,17,7.4,3,1,0.5,853400
CUST1082,53,1511800,76350,618800,0.32,71.8,2587,37,14.2,3,1,5.6,317600
CUST1083,46,858400,46250,548600,0.18,60.2,1845,31,8.2,3,0,10.2,297300
CUST1084,21,592200,27000,233600,0.38,37.3,1550,32,4.4,0,2,0.5,53600
CUST1085,43,2059200,72550,1550700,0.13,13.9,4977,27,0.2,1,1,14.3,519000
CUST1086,45,1608500,48350,2116100,0.28,30.5,2779,29,2.9,0,0,17.0,218700
CUST1087,21,247900,14550,57200,0.68,79.1,1080,30,22.0,5,4,6.9,5600
CUST1088,29,285100,16300,30700,0.64,59.2,2463,40,8.6,3,3,7.7,22000
CUST1089,23,541800,38300,111000,0.58,95.0,2839,38,30.0,5,1,2.4,25400
CUST1090,37,1656100,63100,2408300,0.34,59.0,1591,32,14.0,3,3,9.5,239200
CUST1091,36,848700,59250,166800,0.53,92.0,2067,23,14.5,2,3,13.0,10600
CUST1092,43,2625700,67600,3974200,0.17,17.7,5248,30,2.1,0,0,13.0,1295200
CUST1093,27,477500,35000,42700,0.7,74.8,5385,39,20.8,4,4,6.8,8300
CUST1094,48,1436900,42450,3308000,0.3,42.8,3350,22,12.4,1,2,16.1,469300
CUST1095,47,1052900,42300,923600,0.27,7.0,2075,29,0.0,0,2,20.8,275300
CUST1096,42,711000,23100,396900,0.31,33.4,2906,27,5.1,2,2,14.1,151500
CUST1097,46,358000,17250,75500,0.73,82.5,2050,43,13.6,4,5,12.3,8500
CUST1098,43,412900,21200,92500,0.53,83.1,873,36,17.5,4,3,7.8,32000
CUST1099,39,496400,27400,94900,0.58,76.6,1545,30,23.2,6,4,1.2,20700
CUST1100,50,2838200,128700,3336500,0.18,37.2,3071,15,7.3,0,1,15.3,2562000
CUST1101,69,1849400,41600,3148300,0.15,40.2,2852,25,4.0,2,1,20.3,1345600
CUST1102,42,494000,26300,90900,0.54,66.2,2138,27,19.9,5,3,11.5,38100
CUST1103,46,686100,39450,101400,0.55,69.4,3330,31,22.2,5,3,10.2,47400
CUST1104,46,1680400,55150,1567900,0.21,28.6,6120,8,2.7,1,1,13.9,243300
CUST1105,36,479500,24500,157700,0.65,69.8,2666,39,19.3,5,5,9.6,29700
CUST1106,24,361600,25000,23900,0.58,72.9,2574,42,13.3,2,3,5.9,4800
CUST1107,38,774500,36800,342800,0.42,45.0,3441,39,15.5,2,3,3.4,281200
CUST1108,25,690900,45800,293500,0.6,72.5,1771,35,16.5,5,6,0.5,113400
CUST1109,34,1241700,60250,877000,0.59,58.4,3401,25,15.9,2,4,2.7,703800
CUST1110,44,1344700,65550,2328500,0.23,40.1,1790,44,9.2,1,1,18.5,701700
CUST1111,47,671300,32550,228100,0.34,31.7,2025,32,0.9,1,1,8.7,272900
CUST1112,37,1547300,71450,2916400,0.27,37.3,2661,29,2.2,4,4,9.3,554600
CUST1113,32,867600,25900,704300,0.06,18.0,3198,26,2.1,1,0,3.1,317400
CUST1114,42,1002200,39300,753500,0.35,36.1,2049,34,4.2,0,2,11.6,934900
CUST1115,34,1268900,40000,1017900,0.35,23.1,6636,16,10.3,0,1,11.5,365600
CUST1116,41,1002200,56550,253600,0.57,58.7,2958,29,6.6,0,3,15.0,40600
CUST1117,47,3616800,149600,3894100,0.28,15.1,4260,28,0.0,0,2,10.9,2152900
CUST1118,53,622900,32100,150700,0.44,33.9,3709,28,0.0,2,3,13.6,150000
CUST1119,49,2518300,85400,1737600,0.1,31.8,3464,32,2.9,1,1,5.1,629800
CUST1120,23,805800,45250,284400,0.55,72.1,4083,37,16.6,4,3,0.5,56000
CUST1121,25,695300,41000,232800,0.57,61.6,974,56,15.5,0,3,5.2,38000
CUST1122,41,1355700,69150,183500,0.56,67.4,4728,42,14.9,2,4,0.5,154100
CUST1123,27,994800,53150,391100,0.54,58.1,4404,35,9.8,1,3,7.7,107600
CUST1124,28,1479000,74550,1108800,0.29,26.3,3558,35,11.5,3,3,6.8,727200
CUST1125,49,475200,26700,64400,0.63,73.5,1485,26,19.7,0,2,8.6,49500
CUST1126,37,760700,49750,161800,0.72,95.0,1448,41,25.2,5,5,5.1,201100
CUST1127,32,954900,46200,396400,0.36,36.4,2863,40,6.2,3,3,0.5,64200
CUST1128,45,1376400,69850,992300,0.36,62.2,3157,26,15.4,1,2,11.3,300400
CUST1129,63,3779600,143200,3555300,0.1,37.0,5783,34,0.0,1,1,11.4,2308700
CUST1130,41,876300,46000,214800,0.45,68.7,6161,45,6.0,2,2,8.5,63200
CUST1131,40,576700,30700,245100,0.37,58.2,2007,43,18.9,2,2,17.0,32400
CUST1132,25,595400,34800,92900,0.43,43.2,5773,28,5.1,0,2,5.0,22200
CUST1133,30,783900,59900,190700,0.75,75.8,1459,36,24.0,2,3,2.6,201500
CUST1134,30,2268300,101850,3116700,0.11,14.8,3972,16,0.0,0,2,5.0,2476500
CUST1135,31,1660400,60800,1474700,0.23,19.1,5151,26,1.5,1,1,4.8,252400
CUST1136,42,790600,30050,199000,0.34,13.9,2687,35,2.0,2,4,5.5,371800
CUST1137,38,821200,40000,383400,0.33,59.2,2838,34,4.0,2,0,5.0,135000
CUST1138,37,747600,28750,317800,0.48,53.2,3777,40,7.7,0,1,9.0,69400
CUST1139,32,883400,41700,538400,0.46,68.1,1969,37,10.7,2,3,8.7,308800
CUST1140,33,373800,20050,61800,0.46,29.3,1690,18,3.2,1,3,9.1,34700
CUST1141,35,1042100,63750,186900,0.31,36.2,4793,30,1.9,2,3,2.2,59400
CUST1142,38,735900,49250,102500,0.6,60.1,1717,37,22.4,5,5,2.0,45600
CUST1143,41,3434800,116200,9775200,0.33,23.9,4109,18,0.0,0,3,12.8,7594500
CUST1144,50,2259400,72850,3026600,0.23,36.2,4998,9,4.4,1,1,15.1,2294200
CUST1145,32,493200,24550,115000,0.41,51.3,3162,27,4.3,2,3,10.8,14100
CUST1146,32,679200,43900,126900,0.77,92.1,2219,36,27.1,5,4,5.1,120300
CUST1147,43,554900,23000,153300,0.48,60.9,3329,18,12.9,5,3,4.5,124200
CUST1148,49,1289700,43750,829800,0.05,16.8,3168,38,0.0,0,0,7.7,257700
CUST1149,33,1742300,88100,2133000,0.05,14.2,3867,27,0.0,0,1,18.6,526000
CUST1150,51,1202400,37850,1361000,0.06,5.0,2629,20,0.0,0,0,18.8,689500
CUST1151,44,689300,27300,410400,0.25,5.0,1784,33,0.0,0,1,18.2,173700
CUST1152,21,1313500,45500,2351900,0.3,19.0,5004,24,0.0,0,2,15.2,626400
CUST1153,53,521900,35250,56200,0.58,95.0,1554,24,21.1,3,1,8.1,39000
CUST1154,46,458200,22400,128000,0.66,46.1,1910,24,4.4,2,4,8.8,72300
CUST1155,41,2419800,94700,1526800,0.3,5.2,5187,33,0.0,0,3,12.7,1886300
CUST1156,35,456300,36100,53200,0.49,50.9,2090,32,20.1,5,2,2.3,30800
CUST1157,45,1078400,45000,702000,0.5,42.1,3108,41,0.8,2,5,9.0,224400
CUST1158,55,1139100,36600,1001000,0.39,37.8,3183,38,2.5,0,0,13.4,442300
CUST1159,34,630400,29850,213200,0.42,61.2,1439,27,14.4,4,2,3.9,185500
CUST1160,32,2060500,50850,4133900,0.37,55.4,5412,36,18.9,0,1,16.6,825100
CUST1161,46,992500,49900,548000,0.34,30.6,3675,36,1.5,1,4,16.4,108100
CUST1162,32,930000,27500,640000,0.14,5.0,2537,26,0.0,0,2,3.7,225000
CUST1163,46,922000,48050,377200,0.2,39.1,3650,27,10.1,3,1,13.8,161600
CUST1164,48,2129800,102000,1362600,0.16,6.8,7125,29,0.0,4,3,6.8,1268700
CUST1165,47,1286200,52300,1282200,0.57,60.7,4836,26,11.9,1,4,21.6,256600
CUST1166,41,968700,28050,682100,0.35,46.4,2100,25,5.1,2,1,7.7,163900
CUST1167,40,786400,35450,399300,0.37,47.8,2032,34,10.6,2,1,9.2,174500
CUST1168,31,501900,28250,112200,0.48,77.3,2401,42,16.2,3,3,3.3,107500
CUST1169,25,507900,28750,95900,0.68,75.9,1593,45,21.5,4,5,0.5,59700
CUST1170,39,709800,14800,341600,0.19,19.8,2145,22,0.0,0,2,11.0,76600
CUST1171,31,219200,12550,81200,0.42,69.1,942,53,10.7,4,3,10.3,7600
CUST1172,43,752800,35300,291400,0.4,45.1,3375,18,15.8,3,3,12.5,55700
CUST1173,28,544500,39750,119300,0.65,79.2,1931,27,17.0,3,4,9.6,55200
CUST1174,43,912300,36600,526600,0.3,54.2,3582,34,10.1,4,2,4.2,259100
CUST1175,59,2638400,116400,1762400,0.18,22.6,4454,20,7.7,2,1,16.6,1610400
CUST1176,24,605500,21200,737900,0.17,35.0,1829,30,9.2,1,0,16.3,138300
CUST1177,49,782600,38300,506200,0.33,55.5,2025,36,9.6,1,1,15.4,168800
CUST1178,51,1719700,53900,1553500,0.23,42.9,10575,40,1.9,1,2,15.3,332700
CUST1179,52,1260100,49700,580700,0.14,17.2,3615,13,0.0,0,0,15.3,163900
CUST1180,34,1213000,64000,1064300,0.26,62.7,2770,48,9.8,0,2,9.3,227400
CUST1181,35,1314800,48750,851800,0.32,23.6,4791,30,1.4,0,2,12.5,1275600
CUST1182,28,460400,32550,62300,0.77,95.0,1964,28,23.6,5,4,4.1,42200
CUST1183,39,686300,28050,337000,0.47,48.0,3945,33,4.2,0,2,15.6,50600
CUST1184,56,866300,44650,480400,0.53,73.6,2135,35,2.2,1,4,20.0,187600
CUST1185,46,890700,39900,506300,0.48,36.0,3055,35,0.0,0,4,14.1,306700
CUST1186,33,783100,59050,100300,0.48,74.2,4410,36,22.4,4,2,1.1,52400
CUST1187,29,672100,29550,242600,0.47,55.8,2687,36,5.6,2,3,0.6,60600
CUST1188,26,647100,31550,157000,0.32,47.5,2357,22,12.7,2,2,1.0,48700
CUST1189,37,876500,44850,424500,0.58,64.3,2591,38,16.7,4,4,2.3,64500
CUST1190,42,503900,14800,231000,0.39,37.9,857,25,5.6,1,2,10.9,61500
CUST1191,60,1073400,48600,314400,0.25,32.0,4812,20,1.2,1,1,21.1,1683900
CUST1192,31,507500,23600,240600,0.37,56.5,1004,31,15.4,3,1,1.9,15800
CUST1193,45,1327700,62550,918700,0.31,5.0,3317,40,2.3,0,1,13.6,2848900
CUST1194,57,2000200,85000,1041300,0.1,23.6,4176,25,1.5,4,2,14.9,914300
CUST1195,22,650400,32750,218600,0.59,65.0,2731,45,19.0,4,3,0.5,49000
CUST1196,45,456600,24500,98400,0.6,83.5,1318,41,30.0,6,3,2.7,25900
CUST1197,40,468600,28150,51100,0.83,68.6,2442,40,18.3,2,4,8.6,18600
CUST1198,21,541200,20800,329800,0.16,13.8,3994,23,9.9,2,1,11.5,51100
CUST1199,32,1612500,79550,1278700,0.18,20.1,3350,25,0.0,1,0,10.3,647600
CUST1200,41,1570500,68900,427900,0.35,26.8,3845,30,8.2,2,2,7.1,600900
CUST1201,47,857800,51450,139300,0.56,58.0,2395,48,18.4,1,2,11.3,134900
CUST1202,33,802000,42300,449000,0.46,53.6,3300,43,13.1,2,2,6.1,159100
CUST1203,63,2184700,66000,2205400,0.29,11.4,3476,36,0.0,0,2,20.1,1092400
CUST1204,40,1271900,32950,1654100,0.15,37.3,2130,31,9.3,0,1,13.5,409700
CUST1205,24,617200,33200,242200,0.46,56.6,2907,38,8.5,2,4,5.5,66000
CUST1206,45,1499600,57850,1597000,0.29,28.4,1898,24,5.1,0,2,17.9,772300
CUST1207,33,632500,47450,73500,0.41,62.9,2588,39,14.7,6,3,0.5,19800
CUST1208,38,926400,61500,440200,0.59,84.0,2681,51,26.1,4,4,12.8,108700
CUST1209,39,896900,42700,796400,0.38,37.7,3856,29,6.0,0,2,20.4,187500
CUST1210,43,574400,32150,118500,0.59,90.6,2064,30,25.0,7,5,1.7,35600
CUST1211,46,1869800,91800,924000,0.24,32.8,4309,25,0.0,0,0,6.2,835800
CUST1212,38,1512900,46150,3070800,0.24,27.1,4605,11,0.0,0,2,16.5,421300
CUST1213,56,3347900,96650,5373200,0.21,16.5,4911,26,5.7,2,2,13.5,5079100
CUST1214,48,651200,26700,347700,0.35,40.9,1234,34,13.6,2,3,12.0,37400
CUST1215,26,881600,39650,420600,0.34,54.8,2442,25,15.1,3,2,3.2,66100
CUST1216,35,625100,30000,172700,0.35,21.2,1679,45,0.0,3,4,0.9,33000
CUST1217,46,971900,53350,295500,0.52,68.5,3825,36,16.0,2,3,12.3,71700
CUST1218,43,811700,47600,244300,0.5,67.7,1656,32,16.5,3,3,2.3,395200
CUST1219,36,1892100,60600,2224900,0.2,31.3,6582,29,6.0,0,0,11.3,427000
CUST1220,26,926800,42800,981800,0.43,58.6,1903,37,4.4,3,4,1.2,535800
CUST1221,54,869100,37350,337800,0.33,54.1,2947,39,6.6,2,0,12.7,174700
CUST1222,42,2086900,93450,1148700,0.17,7.1,9126,28,0.0,0,1,15.5,528700
CUST1223,41,728200,47850,133100,0.56,60.2,1676,39,15.5,3,4,5.1,36300
CUST1224,40,1356200,37900,2231700,0.05,6.9,2914,22,1.1,2,0,18.2,152900
CUST1225,27,922400,67500,233200,0.4,71.1,2882,39,14.7,4,2,0.5,230100
CUST1226,21,630400,32450,308600,0.57,74.9,2359,32,20.1,3,4,1.4,70200
CUST1227,33,2022300,59000,4375800,0.15,13.5,3408,6,0.3,0,2,4.9,3565200
CUST1228,32,473700,16500,191100,0.46,65.9,2828,40,7.2,3,4,7.3,42600
CUST1229,44,5000000,222500,6159100,0.22,38.8,4426,40,3.4,0,2,11.7,2480100
CUST1230,41,607300,30800,229600,0.49,67.0,1896,40,3.8,1,2,14.4,71500
CUST1231,45,1224100,60850,1023900,0.5,68.0,2396,38,14.9,2,1,5.2,987700
CUST1232,36,576600,29300,166400,0.42,49.5,2943,28,5.0,2,0,3.8,60300
CUST1233,50,822800,33250,485500,0.6,61.3,2994,31,9.5,2,4,14.3,281400
CUST1234,58,3905400,140650,5003500,0.34,43.1,4075,21,9.1,1,2,18.3,5145000
CUST1235,29,512000,32250,39800,0.59,62.7,2246,28,17.0,6,4,0.5,12500
CUST1236,32,1825900,56200,1900700,0.18,40.7,4350,31,2.6,1,2,9.3,682800
CUST1237,24,680600,34800,109800,0.47,69.2,3728,48,22.1,6,2,0.5,50800
CUST1238,23,1283400,40400,1575700,0.3,33.1,4667,30,6.2,0,1,9.8,744200
CUST1239,34,971000,61350,310100,0.5,74.7,2385,39,21.7,4,3,2.6,84500
CUST1240,31,860600,40600,438600,0.66,61.5,3692,38,11.4,2,4,7.3,137700
CUST1241,45,600000,16600,446900,0.42,47.3,1403,32,11.6,0,1,18.0,150300
CUST1242,43,956800,69550,86500,0.67,80.6,3207,39,26.4,6,5,2.5,217500
CUST1243,34,641500,30100,541200,0.59,71.6,2191,24,15.6,2,4,8.1,256600
CUST1244,64,1646200,66200,1420400,0.3,53.6,2004,25,11.1,4,3,16.2,612000
CUST1245,49,975600,41200,502800,0.5,34.1,1697,37,12.6,1,3,9.4,250300
CUST1246,33,473200,30150,48500,0.65,85.9,2547,47,26.6,6,3,0.5,72700
CUST1247,28,574900,28050,134000,0.44,62.9,2963,43,11.9,4,3,5.2,17100
CUST1248,43,573100,31050,182000,0.32,43.5,2916,23,2.3,1,3,10.5,81000
CUST1249,28,793900,39550,290100,0.62,67.9,4593,41,11.8,2,3,7.7,76200
CUST1250,38,2240600,99450,4446500,0.46,65.1,1974,34,9.9,2,2,9.6,3019800
CUST1251,28,686900,37550,530400,0.56,51.0,3348,32,14.6,3,3,11.5,389300
CUST1252,62,1222900,35100,1045000,0.43,21.0,3386,40,0.0,0,2,21.4,1494100
CUST1253,22,388300,17400,123200,0.41,53.5,1817,26,12.4,4,2,0.7,11400
CUST1254,55,1366100,50100,961200,0.29,20.9,3304,14,2.7,1,2,11.1,1772800
CUST1255,34,1264900,32750,1571000,0.25,34.1,4047,34,1.6,3,2,2.5,408500
CUST1256,21,381200,25850,40700,0.66,61.2,3102,41,16.1,4,3,0.5,21900
CUST1257,40,843700,33550,426400,0.49,61.7,2692,39,6.2,0,2,13.7,120600
CUST1258,60,1545900,67250,1130500,0.44,71.6,4627,14,10.5,2,1,3.8,874000
CUST1259,60,3202300,108250,2571500,0.37,33.9,3278,33,8.9,0,1,15.1,4384600
CUST1260,44,1083400,32100,556600,0.34,6.5,2720,10,1.5,0,1,18.2,590100
CUST1261,57,1889600,74050,1913900,0.16,31.5,2724,24,8.5,3,1,13.3,1066400
CUST1262,53,1256000,28700,1631400,0.32,36.8,3472,26,8.4,1,1,17.7,2392200
CUST1263,25,477400,35000,54800,0.81,85.9,2255,39,20.6,2,5,11.6,20600
CUST1264,52,2626200,152750,1959700,0.25,38.8,3105,26,2.8,1,2,14.6,4474600
CUST1265,46,1084600,43700,826900,0.29,36.6,3233,45,2.9,0,1,13.1,314000
CUST1266,49,1255700,32800,1826800,0.06,30.9,2606,28,4.3,2,0,18.0,517200
CUST1267,45,959700,51050,240800,0.48,56.2,3445,28,16.0,5,2,6.9,28400
CUST1268,29,1131900,38000,735700,0.42,71.6,4350,29,20.6,2,2,5.8,75900
CUST1269,34,1941100,60950,3914400,0.15,33.7,3954,35,3.5,0,1,14.0,1515900
CUST1270,37,739700,46300,135800,0.56,43.3,3781,37,5.0,0,1,5.4,222000
CUST1271,42,488500,31400,83400,0.86,95.0,2577,40,22.4,6,6,5.8,66400
CUST1272,49,1589000,42950,1628300,0.15,29.1,4723,40,3.2,2,1,12.3,926000
CUST1273,44,1673000,45450,2043700,0.29,34.4,4609,40,7.7,1,1,11.4,979500
CUST1274,39,1031700,43200,491200,0.35,65.6,5824,36,9.9,2,1,7.3,138600
CUST1275,41,2265300,64450,1858100,0.05,11.7,3808,31,0.0,0,0,3.7,900500
CUST1276,46,1346600,71000,232000,0.67,90.7,7197,46,28.5,7,5,6.1,30100
CUST1277,40,1007400,53200,546400,0.32,40.1,2563,26,0.0,2,3,3.3,259800
CUST1278,45,763800,43150,624800,0.59,71.0,1818,42,21.0,5,5,17.8,75100
CUST1279,45,1377100,45400,1164800,0.18,33.2,5463,26,5.7,1,1,20.9,388000
CUST1280,49,823300,33150,351500,0.44,44.4,2037,35,2.6,0,1,10.0,104100
CUST1281,43,679800,30700,397600,0.53,58.1,1580,31,4.2,1,3,9.7,209400
CUST1282,41,630600,40550,109300,0.49,36.6,3357,29,2.3,2,4,10.3,67200
CUST1283,51,1871600,56300,3413400,0.37,41.6,4722,39,10.6,2,3,21.1,703900
CUST1284,37,957100,29850,843500,0.3,5.0,2397,34,0.0,0,4,14.7,342100
CUST1285,33,964900,44500,309900,0.16,15.7,4086,26,0.0,0,0,5.3,865500
CUST1286,35,812600,27250,1057200,0.61,64.5,3015,42,5.7,2,4,17.9,159200
CUST1287,41,1342800,52700,1049500,0.36,54.5,5565,36,4.7,0,3,13.9,252600
CUST1288,38,499500,25650,221500,0.36,53.8,1589,26,19.2,3,0,11.3,93000
CUST1289,42,325700,16550,85500,0.81,75.6,2077,43,19.1,5,5,12.9,12400
CUST1290,45,1723000,70500,1994300,0.19,33.8,2789,33,0.9,1,2,14.0,1604900
CUST1291,30,373600,24350,37000,0.54,69.3,1969,35,13.3,3,3,0.5,18200
CUST1292,44,979500,30000,467600,0.39,41.0,2054,26,1.7,2,1,12.5,245600
CUST1293,42,1915400,68750,538600,0.32,36.6,6902,28,12.1,2,2,8.5,352900
CUST1294,31,725200,23350,438500,0.2,31.6,2788,34,1.6,0,1,5.9,243200
CUST1295,31,518000,20650,295300,0.43,41.0,1961,25,8.6,5,4,3.5,53200
CUST1296,49,810300,49650,91800,0.5,69.9,2523,34,10.8,2,2,2.0,102400
CUST1297,55,1826200,62350,2632000,0.11,57.2,3608,36,10.0,4,2,11.5,3048800
CUST1298,51,1589200,80550,778100,0.39,57.0,2446,28,3.7,2,3,5.9,884800
CUST1299,42,1157800,44750,839600,0.25,22.4,4170,25,0.0,0,3,10.6,703300
CUST1300,50,1506700,57900,852600,0.23,21.6,2667,31,0.0,0,2,13.6,757100
CUST1301,24,437500,16650,339500,0.36,45.1,1143,30,11.6,3,2,0.5,77700
CUST1302,48,1686100,76700,1124400,0.16,21.3,2466,31,3.4,4,2,7.9,727900
CUST1303,24,625600,27950,164900,0.54,71.2,3097,33,15.4,3,2,0.5,63600
CUST1304,43,1602300,78450,2347900,0.18,25.4,3842,24,13.0,4,4,15.7,250300
CUST1305,41,2281500,91850,3984700,0.11,28.6,2607,34,1.9,1,1,11.3,1180100
CUST1306,39,240200,13050,51800,0.61,95.0,828,54,20.2,6,3,7.9,18400
CUST1307,34,1720300,78850,1241400,0.21,13.6,3888,14,0.0,0,3,18.7,234000
CUST1308,47,381700,27250,16400,0.74,75.6,2087,38,15.3,4,4,7.6,28300
CUST1309,31,706100,40500,329300,0.56,88.4,1621,34,22.5,5,3,5.3,106600
CUST1310,43,762100,35750,317200,0.64,76.7,2944,36,16.2,3,3,6.7,384600
CUST1311,31,1051000,64300,352200,0.68,65.6,2263,34,24.0,6,6,0.7,282200
CUST1312,39,1645400,58250,1891100,0.21,38.8,1572,31,10.2,4,3,12.1,649900
CUST1313,44,639900,36400,122100,0.73,52.6,2141,40,9.4,3,5,1.7,91600
CUST1314,43,1374300,77200,728000,0.42,67.2,2328,54,8.5,1,2,3.4,1166300
CUST1315,32,1158100,64750,629700,0.32,43.5,3458,22,13.9,5,3,4.7,480700
CUST1316,28,314800,23400,72300,0.59,57.8,1718,28,13.5,3,3,9.0,12900
CUST1317,29,486000,25900,178600,0.46,48.4,2040,30,0.4,1,3,7.2,180500
CUST1318,48,848600,51800,230500,0.66,62.5,4041,40,13.3,2,5,14.8,111600
CUST1319,34,1049400,43800,291300,0.47,57.5,3895,22,12.4,3,2,0.5,158500
CUST1320,37,732600,36000,350700,0.49,47.7,1567,42,9.7,1,3,11.8,340000
CUST1321,26,407200,25000,86600,0.52,82.7,1494,38,27.9,5,3,7.4,16700
CUST1322,45,1628900,59250,3410200,0.32,43.5,2233,25,6.0,0,2,19.6,714400
CUST1323,46,697700,27300,474500,0.48,57.5,4504,38,6.9,2,3,19.4,128900
CUST1324,45,1365600,47350,640800,0.28,14.9,3677,33,0.6,0,2,12.5,260200
CUST1325,54,694600,32600,264600,0.41,18.5,1910,27,1.0,0,3,12.7,647400
CUST1326,32,1625900,63550,1597100,0.32,33.7,4562,31,3.5,0,4,10.1,421200
CUST1327,34,320500,15100,40200,0.76,61.5,1522,39,11.7,2,4,4.2,6900
CUST1328,57,1729900,36050,2143000,0.33,20.2,3645,21,8.8,2,3,18.7,817300
CUST1329,37,2000400,61300,3617700,0.2,46.6,2701,19,4.1,0,0,13.5,1241100
CUST1330,52,1057700,35300,921000,0.35,10.6,2833,29,0.0,1,2,9.5,1761900
CUST1331,30,654600,35250,277900,0.37,18.2,2019,25,0.0,0,3,6.4,187000
CUST1332,35,2339200,88100,2474600,0.28,31.2,5508,22,13.6,1,3,10.0,1607000
CUST1333,45,478700,28900,60500,0.57,52.6,2372,31,10.8,3,4,13.5,39000
CUST1334,43,1232200,64400,541600,0.42,33.1,3866,17,2.9,0,4,14.9,941500
CUST1335,46,1581000,62100,730900,0.31,42.9,5035,31,5.1,0,1,16.9,337000
CUST1336,46,797400,31000,304300,0.44,26.6,2516,31,6.2,1,1,13.9,152800
CUST1337,52,1499400,49100,2296400,0.18,18.7,5391,27,8.8,0,1,30.0,482800
CUST1338,63,529400,24750,92000,0.42,51.9,1189,33,14.1,2,1,11.8,62400
CUST1339,38,1182300,57350,614500,0.5,62.2,3703,33,9.9,3,3,10.0,120600
CUST1340,46,2450500,51050,3690600,0.05,28.4,2836,19,4.8,3,0,9.3,1330200
CUST1341,53,2290100,88000,1876700,0.36,82.5,5477,36,7.7,1,1,14.5,1352200
CUST1342,46,1026500,47100,356000,0.62,68.2,3798,31,13.5,3,4,11.1,104400
CUST1343,41,1494600,46600,2724600,0.26,46.9,3397,31,2.0,1,1,11.3,924900
CUST1344,45,1060000,81800,364100,0.57,74.1,1273,38,21.5,4,2,6.8,476500
CUST1345,30,755000,37900,462000,0.23,17.2,2482,9,3.4,2,3,4.7,137800
CUST1346,44,652900,33000,117500,0.64,42.6,2734,20,5.2,1,3,10.6,87900
CUST1347,40,1278200,47900,1207100,0.14,24.1,1704,30,4.8,1,2,8.5,586100
CUST1348,45,2550600,85750,3539800,0.3,14.6,4277,32,0.2,1,2,4.7,6627300
CUST1349,38,1740300,80850,2009000,0.07,18.8,2583,25,7.8,0,0,10.1,1639300
CUST1350,33,1534100,104800,553300,0.41,43.5,3300,34,11.0,3,3,0.5,665800
CUST1351,54,1680000,67550,1348500,0.09,20.1,2380,27,0.0,0,0,13.8,1405300
CUST1352,46,1118500,55300,492000,0.2,36.6,2397,34,7.7,3,3,5.8,128800
CUST1353,21,520100,36850,65800,0.66,71.9,3054,46,16.8,3,2,3.4,13000
CUST1354,37,2264900,68200,3480100,0.23,37.0,4809,23,8.9,3,1,2.1,2942900
CUST1355,29,508000,26600,140100,0.55,78.6,2374,34,10.1,3,2,4.0,29900
CUST1356,52,1155200,59150,1447200,0.52,80.2,1778,53,13.9,2,1,17.6,475200
CUST1357,39,629700,25650,599400,0.49,73.1,2157,45,8.9,2,3,17.8,134000
CUST1358,49,1454200,69050,1354400,0.39,76.0,4149,31,25.1,2,2,14.9,1384700
CUST1359,34,1217900,35750,800200,0.24,43.6,6912,28,14.5,2,2,10.2,206400
CUST1360,27,666200,34550,362800,0.59,73.4,3286,55,13.1,2,3,5.1,167200
CUST1361,46,1091100,56450,919000,0.34,57.8,2540,33,16.2,6,3,13.4,387400
CUST1362,43,697100,33000,243900,0.53,45.3,2960,34,3.9,3,4,4.7,284000
CUST1363,41,785900,43050,235200,0.38,71.1,2740,31,5.8,4,2,12.1,94300
CUST1364,25,391200,20650,41100,0.55,70.4,1843,34,19.7,3,2,1.6,13800
CUST1365,37,941200,34600,626900,0.33,57.2,3332,36,3.2,0,2,11.4,138700
CUST1366,44,1995700,68100,2335800,0.11,38.5,2777,27,4.8,3,1,5.8,899900
CUST1367,35,870300,41450,394000,0.53,62.7,3605,44,6.4,3,5,3.5,57900
CUST1368,50,2240900,52850,3090600,0.06,49.7,2528,24,1.6,0,0,21.6,328000
CUST1369,35,1342400,69350,456800,0.4,49.4,3803,37,11.2,3,3,2.0,60200
CUST1370,38,486000,32200,29900,0.89,88.5,5316,32,17.8,4,5,5.9,19700
CUST1371,40,312200,24700,14100,0.57,77.3,2747,37,14.0,3,2,8.1,8200
CUST1372,50,1368800,38200,4583000,0.11,25.7,1478,29,0.0,0,2,22.8,1441000
CUST1373,22,319800,16700,112500,0.45,69.5,1685,41,19.1,6,3,3.7,13600
CUST1374,39,533500,25050,229900,0.39,45.7,1999,49,0.0,1,3,7.3,85700
CUST1375,37,716200,47100,167500,0.39,82.1,1328,39,22.5,6,1,0.5,94500
CUST1376,36,473800,15050,249700,0.26,49.0,2184,41,6.9,2,1,16.6,57800
CUST1377,46,1144700,56450,1062100,0.26,35.2,3620,32,1.9,2,2,11.0,273900
CUST1378,21,894600,34950,658200,0.32,43.4,4439,37,11.9,3,2,0.5,141000
CUST1379,42,1881500,99000,2327600,0.4,68.7,5889,29,9.2,3,3,13.2,698000
CUST1380,33,866600,47900,175700,0.63,84.8,2407,44,27.2,7,4,0.5,169500
CUST1381,29,278500,15600,62700,0.5,63.4,2215,36,10.0,2,3,14.4,14200
CUST1382,32,821600,43550,547400,0.5,57.1,3480,28,2.3,0,2,8.5,150300
CUST1383,44,1474000,35350,2133800,0.05,24.1,2047,29,0.0,2,0,7.6,503400
CUST1384,38,922700,24950,349200,0.39,53.4,5996,18,12.1,4,1,7.9,47100
CUST1385,47,747400,37150,144700,0.41,61.4,2397,41,0.0,0,2,12.9,27700
CUST1386,45,1140300,32700,1185400,0.22,39.4,2797,30,8.2,3,1,5.6,307100
CUST1387,43,654900,23500,180200,0.44,34.1,2647,44,0.0,0,4,8.7,38500
CUST1388,49,1195200,41200,763200,0.22,20.2,4732,23,3.6,1,0,17.0,176800
CUST1389,39,663900,39150,195700,0.73,80.8,2407,36,20.4,4,6,11.8,78400
CUST1390,28,1597500,70700,1137100,0.34,24.5,2724,28,0.0,0,3,0.5,476600
CUST1391,47,916800,32650,538900,0.42,55.4,2265,42,9.1,1,2,16.5,180300
CUST1392,37,2000700,78650,1088500,0.14,5.0,6173,22,0.0,0,0,7.7,525500
CUST1393,62,1140400,63300,311500,0.58,50.3,3680,30,11.6,2,3,14.3,930500
CUST1394,46,878500,51750,201800,0.43,50.7,4226,34,9.2,0,1,15.5,31300
CUST1395,41,895000,39550,382300,0.47,70.7,2342,36,17.4,2,2,7.2,68900
CUST1396,56,795700,32750,241500,0.57,70.4,2417,18,11.1,3,3,11.0,96000
CUST1397,22,390400,23050,147600,0.81,91.0,2195,46,16.8,4,4,5.3,95200
CUST1398,37,711000,41300,158600,0.3,54.9,1766,19,14.2,3,2,2.0,34300
CUST1399,50,2317700,90550,1732700,0.26,30.5,5047,35,3.7,1,2,13.3,1673800
CUST1400,38,2384000,101650,2882100,0.42,44.2,2660,27,11.8,2,3,7.9,627500
CUST1401,38,645700,39600,107500,0.89,73.2,2050,41,14.9,2,6,8.7,68900
CUST1402,47,988400,45000,272700,0.54,70.5,2788,29,19.4,3,4,7.6,94800
CUST1403,21,2483900,115400,3075200,0.2,9.9,4664,39,0.0,0,0,9.6,1403500
CUST1404,45,883500,44300,260400,0.61,84.8,3260,57,11.7,1,2,9.4,700400
CUST1405,40,468500,30800,75500,0.57,85.8,1545,49,26.5,7,3,13.6,18500
CUST1406,43,862900,50950,133800,0.53,74.5,1704,49,16.3,5,2,0.5,32100
CUST1407,31,862300,43350,368800,0.67,62.0,2885,29,7.9,2,4,2.1,191000
CUST1408,43,537700,24250,189600,0.38,49.5,2247,27,11.2,2,4,11.9,23200
CUST1409,44,2121600,81800,1783700,0.34,45.4,4822,37,7.2,0,2,13.5,988700
CUST1410,45,1428000,67900,604100,0.41,22.2,4167,35,6.8,0,3,14.8,379300
CUST1411,43,1962200,62900,1596400,0.16,17.8,4560,28,0.0,0,1,19.2,277400
CUST1412,26,921800,56350,198400,0.48,68.2,4865,43,17.6,6,5,0.5,213100
CUST1413,39,1835700,110150,1125100,0.24,34.9,2852,41,12.1,3,2,10.6,239400
CUST1414,53,1059600,39200,809500,0.6,66.7,4114,30,9.0,2,2,22.5,283500
CUST1415,24,1016400,35150,870600,0.18,5.0,2608,19,0.0,0,1,5.6,391200
CUST1416,22,815800,37800,238500,0.33,35.7,4646,41,12.3,1,0,0.5,237800
CUST1417,33,396800,27800,38300,0.58,58.6,1549,30,18.8,3,2,3.9,14700
CUST1418,28,555000,37000,108200,0.61,78.8,1489,38,16.1,5,5,2.9,91100
CUST1419,39,1746200,62900,2783900,0.4,46.6,5589,35,14.8,4,4,16.6,885000
CUST1420,38,525500,32150,52300,0.86,91.2,2726,34,18.8,5,5,4.6,12400
CUST1421,39,608700,30700,222500,0.44,38.1,2602,27,1.9,2,5,15.3,68900
CUST1422,49,2282600,84600,3601200,0.25,51.8,4495,46,10.6,0,3,18.7,3115800
CUST1423,40,1130400,53500,970000,0.23,24.6,2750,29,9.3,2,2,18.9,192400
CUST1424,32,690300,39700,126600,0.26,68.6,3215,40,10.1,3,0,0.5,75400
CUST1425,32,568200,39650,159900,0.58,65.3,3030,28,26.1,7,5,10.6,10600
CUST1426,21,239700,10300,80800,0.62,86.2,1382,48,20.0,5,4,2.8,23500
CUST1427,39,767100,40150,411700,0.45,59.4,2389,21,15.8,1,3,14.6,62000
CUST1428,34,820200,45850,348500,0.51,56.9,2215,32,13.8,4,3,1.9,286600
CUST1429,44,1468100,42450,1187400,0.24,28.2,4698,37,0.5,0,1,15.5,315600
CUST1430,57,1640600,53500,1764600,0.15,38.0,3710,32,7.1,3,1,16.2,2008600
CUST1431,48,1855200,45400,3899200,0.2,14.1,5073,31,0.0,1,3,16.4,3247000
CUST1432,41,1208000,59950,335000,0.58,56.0,3415,30,8.9,0,3,3.8,372900
CUST1433,38,549500,20950,261500,0.37,51.3,1356,39,3.2,1,2,12.0,58800
CUST1434,28,428700,28650,51400,0.64,95.0,1533,37,28.0,7,4,5.3,14300
CUST1435,28,1342200,45750,1025900,0.46,44.4,5251,22,2.5,0,3,2.0,672700
CUST1436,44,2498400,76400,3304500,0.1,39.9,5136,25,4.1,2,0,9.1,912900
CUST1437,35,2238800,71050,2980900,0.27,23.5,5600,11,5.0,0,1,16.1,1378800
CUST1438,31,367800,20800,62400,0.58,51.6,1175,43,19.7,6,5,0.5,19600
CUST1439,33,1312000,45500,1525500,0.16,16.7,3460,35,10.2,0,1,9.6,1114600
CUST1440,40,1860200,39500,2069100,0.35,11.8,6684,37,0.0,0,3,10.1,1396800
CUST1441,21,848700,66750,210800,0.63,86.0,2313,38,26.2,4,3,0.5,168400
CUST1442,26,1252800,37550,778900,0.42,41.0,4390,24,7.5,2,2,2.9,660200
CUST1443,35,424900,24150,89000,0.53,66.5,1342,41,13.1,2,2,3.9,24500
CUST1444,23,915600,64300,122400,0.52,76.3,2939,43,16.9,6,4,2.1,42200
CUST1445,46,755400,30450,602500,0.45,66.1,2831,52,16.1,2,3,13.8,140900
CUST1446,34,589600,33700,98400,0.61,63.4,2287,52,20.6,5,5,0.5,150400
CUST1447,45,681800,38950,185500,0.32,33.1,2564,19,14.0,4,4,15.3,39600
CUST1448,30,955500,57000,461600,0.57,95.0,1870,34,28.2,4,3,9.9,27100
CUST1449,41,531700,28900,90000,0.76,89.1,2124,53,20.7,5,5,11.1,36800
CUST1450,32,447000,25400,147900,0.58,63.3,893,24,14.8,2,3,2.0,199200
CUST1451,49,1788400,57250,1592200,0.16,29.1,3860,24,0.0,0,1,15.4,356600
CUST1452,35,1399200,45150,2400500,0.31,38.6,3375,32,0.8,1,1,14.9,1744800
CUST1453,55,2178000,93400,1331800,0.34,43.4,7215,17,2.5,1,0,16.6,2760000
CUST1454,24,1311700,48650,2428900,0.41,54.3,3510,37,8.6,3,5,5.6,272900
CUST1455,47,1641900,97250,755900,0.42,63.2,2538,25,5.9,1,2,3.0,858300
CUST1456,60,1930000,81050,1252500,0.23,26.7,5534,30,0.0,2,2,15.5,227700
CUST1457,47,1606400,41050,1700700,0.26,31.3,4450,36,0.0,0,2,18.5,368500
CUST1458,56,838700,30950,550900,0.12,12.7,1861,27,6.4,4,1,17.4,413100
CUST1459,34,1167300,53450,411600,0.06,5.0,3940,25,0.0,1,0,5.4,794400
CUST1460,43,1342800,66950,388800,0.39,28.4,5054,37,8.1,2,4,0.5,263200
CUST1461,37,666200,39800,209000,0.43,40.8,3107,27,4.0,2,3,0.5,172300
CUST1462,37,1555400,52200,1482700,0.07,37.1,2948,38,0.0,0,1,13.2,364100
CUST1463,21,655700,31200,224300,0.56,83.4,2902,49,18.2,4,4,1.6,41800
CUST1464,55,1793500,64550,1383000,0.19,18.9,4221,21,5.3,2,2,12.2,343200
CUST1465,47,2843600,92200,2171000,0.35,29.2,8329,30,2.4,1,4,18.8,720700
CUST1466,35,514000,28950,105600,0.69,91.0,2709,35,25.9,6,3,3.6,58900
CUST1467,39,1996800,73700,2714500,0.2,34.2,3468,46,0.0,1,3,7.8,4904600
CUST1468,33,1177700,61300,653700,0.44,52.9,3777,38,10.6,2,4,0.8,202300
CUST1469,43,2157800,108800,763500,0.52,55.2,9969,44,7.0,2,3,5.1,822000
CUST1470,35,1064000,59650,611800,0.28,48.2,2134,34,3.4,3,3,8.8,320200
CUST1471,52,514100,24000,144700,0.44,56.4,2172,33,17.4,3,3,8.4,88700
CUST1472,37,200000,13550,22600,0.55,63.7,1319,37,18.4,4,5,9.5,31300
CUST1473,49,963500,47200,229700,0.23,56.7,3275,37,2.8,1,2,14.4,36600
CUST1474,57,2054100,69550,2452600,0.23,29.6,3315,17,0.0,0,1,14.7,1786500
CUST1475,37,694500,37900,206600,0.32,39.0,2635,31,6.8,3,2,2.4,22300
CUST1476,34,877600,52500,435400,0.54,78.7,1991,40,20.6,3,3,4.3,125900
CUST1477,53,2752000,109700,1589200,0.16,20.6,6884,27,6.0,3,2,15.4,400800
CUST1478,37,1814600,81750,847800,0.24,29.8,6283,26,0.0,0,2,7.9,626000
CUST1479,33,817000,29200,205900,0.56,51.5,3520,39,15.5,3,5,2.4,67700
CUST1480,34,467200,28750,56000,0.5,72.1,1823,34,17.6,4,3,7.6,18000
CUST1481,56,3873000,100250,6667500,0.2,49.7,4613,27,14.4,2,1,9.8,3451500
CUST1482,52,622100,23000,289600,0.57,61.7,2864,23,9.5,0,2,10.2,387200
CUST1483,52,1289900,45300,1004900,0.42,17.6,2549,47,0.0,0,2,9.3,1908800
CUST1484,43,3198000,99200,9470100,0.22,30.5,5214,30,4.8,0,1,14.5,1599600
CUST1485,60,1121800,36350,501300,0.53,32.5,3018,24,5.2,0,3,5.9,1202100
CUST1486,21,992400,51800,561000,0.32,60.3,2949,34,10.1,3,1,0.7,102200
CUST1487,44,1546400,51850,1001900,0.31,26.3,5934,26,0.0,0,1,10.5,319600
CUST1488,39,1080500,43700,538300,0.33,17.2,2318,32,1.5,1,2,5.5,1173300
CUST1489,34,658000,26450,223500,0.41,20.6,2703,25,6.6,2,2,1.9,85200
CUST1490,39,1493500,57500,933800,0.49,57.1,4233,41,6.2,1,2,4.6,931500
CUST1491,45,583000,31650,123000,0.54,79.4,1874,38,22.8,4,4,3.9,51900
CUST1492,33,429100,25400,115800,0.82,81.6,1184,36,22.5,4,6,14.1,9600
CUST1493,39,787800,36700,309700,0.36,57.8,3266,61,11.7,2,2,8.5,36900
CUST1494,32,650700,33100,232100,0.48,56.1,2407,45,12.6,3,3,3.0,376600
CUST1495,43,1976600,59800,2230900,0.25,31.8,5007,24,0.0,2,4,12.8,292200
CUST1496,47,1120600,58850,374100,0.61,45.9,3824,20,8.9,1,4,11.7,146800
CUST1497,50,1390500,48750,630900,0.3,39.8,3137,25,7.4,2,0,16.2,517500
CUST1498,39,2510400,77700,3211300,0.05,11.7,5618,29,1.1,1,2,7.6,375500
CUST1499,41,821100,32750,546000,0.38,27.9,2692,27,11.0,0,0,18.4,173500
CUST1500,38,1227900,35600,1326900,0.37,31.4,2307,19,6.2,3,3,7.3,1047100
CUST1501,41,795300,37000,285300,0.53,59.5,4021,44,12.4,2,4,12.1,455500
CUST1502,45,480000,28100,112000,0.41,61.7,2272,45,10.3,3,2,12.4,151600
CUST1503,28,258500,14850,43100,0.65,81.1,1280,46,17.3,2,3,10.0,6000
CUST1504,51,2755200,79050,6467200,0.37,33.8,4299,23,3.2,2,2,11.7,13624400
CUST1505,38,1456000,56950,1442700,0.3,23.5,3994,20,0.0,0,1,17.2,1016500
CUST1506,51,500100,22400,256200,0.5,81.8,1228,44,19.4,6,3,9.8,73800
CUST1507,37,461300,32050,42600,0.46,58.0,1303,39,11.1,4,4,0.5,13800
CUST1508,59,606800,16700,955500,0.31,17.5,1677,27,4.7,3,3,22.9,704400
CUST1509,26,1033300,46800,361500,0.17,50.8,2779,25,11.2,4,0,0.5,273200
CUST1510,37,2084200,67300,2142500,0.43,41.7,5371,26,3.6,0,2,14.8,784100
CUST1511,30,931600,43550,536700,0.12,5.0,2935,38,0.0,1,2,9.5,104500
CUST1512,46,3752900,95100,8111700,0.16,28.1,5743,37,2.2,2,2,9.4,2371200
CUST1513,25,338500,22850,58700,0.53,74.0,1279,37,19.2,5,4,3.1,8100
CUST1514,23,708300,46600,140100,0.79,95.0,3085,30,26.5,4,4,0.5,31300
CUST1515,42,1147000,72650,546400,0.49,81.6,1988,35,20.8,3,3,8.5,54700
CUST1516,35,957200,50700,562100,0.3,41.5,2934,42,4.7,1,1,13.7,164400
CUST1517,53,2636500,92850,2838500,0.2,31.7,7131,30,0.0,1,2,18.0,1828200
CUST1518,30,376000,16850,163900,0.47,71.8,2321,40,21.6,4,2,9.4,95900
CUST1519,42,232800,12750,31100,0.47,44.4,1244,39,14.3,6,4,5.5,4300
CUST1520,32,598300,29100,170900,0.61,76.4,1496,42,24.1,5,4,10.1,14200
CUST1521,37,327200,19800,65600,0.53,62.0,1133,38,22.5,5,2,8.0,17800
CUST1522,31,1205600,37950,842200,0.24,44.7,2905,38,0.0,0,1,8.4,408200
CUST1523,44,1437900,54300,969500,0.35,13.1,3270,41,0.0,0,2,13.5,497800
CUST1524,45,2245800,95650,2277300,0.13,26.4,6090,33,5.0,1,0,14.6,1138800
CUST1525,22,917700,39850,502400,0.3,47.8,4485,40,14.6,5,1,0.5,68700
CUST1526,38,997300,42550,958000,0.37,46.6,2193,30,10.0,2,3,6.8,215000
CUST1527,42,1463100,36600,1546600,0.12,5.0,2664,37,0.0,0,1,3.9,1670300
CUST1528,57,1755000,65250,3747200,0.34,31.6,2403,25,6.6,1,2,27.6,1667300
CUST1529,48,806100,27450,679300,0.38,45.5,2522,23,1.8,1,2,22.2,455500
CUST1530,37,898300,51100,661000,0.48,59.8,1570,18,16.3,4,3,6.5,283000
CUST1531,46,1148300,69050,647600,0.66,95.0,1624,21,21.5,4,3,11.9,360200
CUST1532,29,794000,36650,343300,0.38,40.5,4298,22,11.7,3,2,6.1,86500
CUST1533,31,737900,28400,232800,0.38,42.8,2839,30,0.0,0,2,0.5,72300
CUST1534,43,647600,20000,589200,0.33,33.7,3079,32,9.3,2,3,19.4,274100
CUST1535,39,657000,34000,115900,0.69,74.3,3716,40,19.2,4,4,8.4,43200
CUST1536,28,622100,30600,390700,0.43,67.5,1411,32,15.8,3,2,7.6,79500
CUST1537,45,1401800,60150,854400,0.41,34.8,3107,40,7.5,1,3,10.2,537100
CUST1538,48,1464400,33100,2078500,0.16,26.9,3487,14,3.3,1,2,15.7,175500
CUST1539,37,1090600,53400,448300,0.44,61.4,3642,27,9.3,2,2,6.8,250300
CUST1540,34,940300,36150,804300,0.43,51.0,3255,30,6.0,2,3,5.8,155200
CUST1541,38,1002000,54550,790300,0.52,51.3,1343,41,14.6,5,4,5.9,281500
CUST1542,34,1368100,57550,1400600,0.24,39.7,3920,39,5.6,1,1,3.0,1416000
CUST1543,27,1870000,82150,1235000,0.27,26.5,5386,23,0.0,1,2,11.1,466400
CUST1544,34,434200,27150,64000,0.47,70.8,1895,41,16.9,4,3,6.7,32600
CUST1545,38,3055300,108600,2937000,0.18,7.2,4284,36,0.0,2,2,3.5,2836000
CUST1546,49,366800,18850,99000,0.44,42.9,1425,29,5.8,1,2,18.5,18900
CUST1547,46,2231800,57500,2105400,0.06,30.0,5106,33,0.0,2,0,8.4,1337700
CUST1548,31,505600,33700,66500,0.66,79.9,1571,35,22.1,6,5,7.3,21500
CUST1549,40,721600,21600,443600,0.39,23.2,4724,21,0.0,2,3,12.1,201700
CUST1550,40,1299900,39650,2376700,0.13,8.5,3718,24,8.0,1,2,21.3,340000
CUST1551,39,1509400,52850,1517900,0.45,42.2,1822,31,6.4,1,3,9.3,980500
CUST1552,40,1040100,46350,676100,0.29,21.9,3477,18,5.0,2,3,15.8,124100
CUST1553,21,756500,34900,729600,0.42,63.0,2025,28,11.7,2,3,2.8,64200
CUST1554,33,714000,32600,321800,0.43,61.6,2850,40,10.5,3,2,9.5,101900
CUST1555,40,2485800,150850,473700,0.42,63.6,5963,31,10.3,3,2,1.7,361200
CUST1556,48,1793100,89300,1097800,0.14,22.8,3460,31,0.9,0,0,15.4,2121400
CUST1557,24,372300,24050,46600,0.78,93.0,2166,24,21.0,4,3,2.4,20600
CUST1558,42,518800,20750,182000,0.45,37.7,2978,28,4.3,2,3,12.8,30100
CUST1559,27,882200,28650,665100,0.56,41.9,1950,32,14.2,3,2,0.5,421700
CUST1560,30,886600,49100,624400,0.43,48.7,2202,45,16.4,5,5,2.5,223100
CUST1561,30,336400,17900,48900,0.58,89.0,1246,28,24.8,5,3,2.7,11300
CUST1562,43,1806600,72400,1419000,0.05,5.0,7608,17,2.9,0,0,17.2,294800
CUST1563,40,805400,22950,956300,0.26,33.8,2267,24,11.9,2,1,19.2,159200
CUST1564,45,2057200,87450,1524000,0.54,71.1,5632,30,19.2,4,4,5.6,842800
CUST1565,54,3078000,106150,7206200,0.18,18.3,3417,15,0.0,0,2,24.4,1013700
CUST1566,55,752200,37550,237500,0.4,76.0,2141,34,10.6,3,2,8.4,118300
CUST1567,48,2141100,74750,2046000,0.12,17.5,2835,21,0.8,0,3,8.1,877700
CUST1568,57,2664800,82850,2799800,0.38,52.6,2675,35,7.3,0,2,10.1,2104800
CUST1569,50,1589200,69350,878400,0.47,63.6,4334,36,15.9,1,1,20.1,790800
CUST1570,50,2331800,84450,2287800,0.38,29.6,5218,30,0.5,0,2,14.3,839900
CUST1571,51,739200,45700,356000,0.66,95.0,1216,31,28.3,6,5,8.2,262700
CUST1572,42,1478700,49800,1341000,0.3,32.4,3414,31,7.3,0,1,16.9,266400
CUST1573,39,2682700,92150,4002400,0.32,22.9,3595,25,6.1,0,0,13.7,1632500
CUST1574,28,2803900,73050,10445400,0.26,39.9,3399,30,3.1,0,2,2.0,9552600
CUST1575,32,383600,22800,97700,0.6,95.0,1345,43,21.2,7,4,10.6,12200
CUST1576,44,1220700,46800,684200,0.14,6.7,3720,38,0.0,0,1,17.0,290800
CUST1577,46,582200,28950,251900,0.4,32.3,1517,35,0.0,0,3,13.1,74900
CUST1578,31,379400,20050,68900,0.67,53.4,1273,31,10.0,3,5,1.9,31900
CUST1579,55,1204500,60200,378900,0.26,29.3,1961,31,5.5,1,2,14.3,492800
CUST1580,35,1230400,30300,1997000,0.22,17.3,3285,17,0.0,0,0,18.5,295700
CUST1581,21,549200,32100,189200,0.53,77.2,2023,39,19.6,4,2,2.5,91300
CUST1582,47,709100,31250,283300,0.59,79.4,3283,39,21.2,3,2,12.0,74100
CUST1583,46,919200,35250,357700,0.17,30.4,3403,24,9.5,1,0,14.2,110700
CUST1584,34,275500,18050,17400,0.71,79.6,1902,34,19.3,6,4,1.4,6200
CUST1585,47,2173400,59250,2985000,0.21,49.7,7684,18,19.3,2,1,20.4,342600
CUST1586,44,1978700,66350,1874600,0.09,5.0,3957,25,0.0,0,1,4.0,847300
CUST1587,40,884600,33750,622000,0.38,22.0,2176,30,1.3,0,2,9.7,302600
CUST1588,43,1665800,77350,1330700,0.24,26.4,3644,38,1.6,0,1,12.1,487000
CUST1589,47,1194400,82600,297000,0.75,86.7,2489,33,19.3,4,5,3.4,211900
CUST1590,40,1377100,40700,813600,0.13,5.0,2987,29,0.0,0,2,8.0,409900
CUST1591,30,548600,31400,79300,0.53,49.7,2193,48,3.3,0,2,0.5,61600
CUST1592,41,2520000,62400,2416500,0.11,22.2,7899,23,0.0,0,1,7.9,596100
CUST1593,33,745700,29950,319800,0.19,21.9,4198,10,0.0,0,2,13.6,147300
CUST1594,45,401200,26750,95600,0.61,72.4,1421,50,19.6,7,5,8.0,32800
CUST1595,28,668500,37100,253600,0.64,93.0,3092,44,15.6,4,4,3.3,142300
CUST1596,21,277600,16650,42300,0.78,82.4,2912,33,18.9,4,4,8.6,1900
CUST1597,27,496600,25500,79500,0.64,78.3,1461,30,18.6,5,3,0.5,30100
CUST1598,32,726900,30950,339400,0.42,73.7,2520,20,20.9,4,2,2.4,57900
CUST1599,38,995600,60800,279400,0.34,31.7,3312,20,3.2,0,3,5.9,192200
CUST1600,25,301500,22900,13500,0.68,95.0,2069,52,25.7,5,3,0.5,9400
CUST1601,44,822200,33550,666100,0.48,43.0,1625,24,10.7,2,4,9.7,142700
CUST1602,54,1674300,34900,2162600,0.17,22.8,3000,28,0.0,0,2,13.9,789800
CUST1603,39,780000,33700,233700,0.6,77.7,2286,27,13.8,3,3,5.4,101000
CUST1604,22,1176200,49100,1007100,0.32,38.0,5136,46,3.9,2,3,9.1,42600
CUST1605,59,1552400,58950,354600,0.32,24.0,3761,36,0.0,0,1,4.4,333400
CUST1606,44,1744600,86750,819100,0.21,51.5,3039,41,14.1,1,1,11.0,392800
CUST1607,40,838400,42250,358700,0.28,19.3,2415,34,0.0,2,3,10.9,224300
CUST1608,40,1299200,66700,609800,0.2,62.3,2398,47,11.9,2,1,12.9,299700
CUST1609,41,881700,42250,181200,0.39,46.9,2798,28,20.0,3,2,4.1,111700
CUST1610,28,255900,16300,15700,0.55,63.7,2105,53,19.6,6,4,0.6,20100
CUST1611,31,261100,11850,125300,0.37,45.5,1168,36,13.2,1,0,17.0,35700
CUST1612,64,2604000,96500,1758500,0.34,16.0,3013,21,10.2,3,3,10.3,1014000
CUST1613,27,1128800,35450,1511800,0.22,49.5,3834,28,8.0,1,1,6.9,274400
CUST1614,39,739700,25000,698400,0.13,50.1,1766,33,0.4,1,0,8.7,1551700
CUST1615,21,400200,29550,61800,0.65,64.4,1532,47,18.7,5,5,0.5,44100
CUST1616,43,365700,19600,72600,0.45,49.1,1154,34,1.8,1,3,12.8,18600
CUST1617,42,1834000,81250,804700,0.32,43.2,4513,29,7.8,2,2,10.5,291000
CUST1618,31,441900,20450,112900,0.51,77.6,1810,54,16.7,5,3,0.5,27900
CUST1619,43,2207400,50600,2638600,0.29,31.3,7536,17,15.2,0,0,13.4,627400
CUST1620,32,771500,48950,119300,0.51,88.8,2204,43,27.5,6,2,0.5,173400
CUST1621,48,544200,20100,186300,0.61,61.4,1895,22,9.1,1,4,15.0,30500
CUST1622,50,1903500,81100,2569800,0.4,66.4,3207,33,16.6,4,4,13.0,686400
CUST1623,37,2719800,91000,5257200,0.05,22.9,4093,25,1.3,0,0,12.9,1719600
CUST1624,42,1425000,51450,872700,0.31,47.6,2630,22,5.0,0,3,13.7,515800
CUST1625,41,1493100,33150,975100,0.33,24.0,2066,33,2.9,0,1,8.3,626000
CUST1626,33,633700,29700,362900,0.36,46.2,2727,31,12.9,2,1,10.6,133500
CUST1627,57,1930400,75950,1532500,0.22,17.8,4463,20,4.0,2,2,15.5,1473300
CUST1628,38,1849200,57000,2562100,0.22,24.5,3600,23,0.0,0,2,13.6,607300
CUST1629,38,863500,46450,291700,0.57,46.6,5593,40,6.3,1,4,12.5,261900
CUST1630,57,1498500,57650,479100,0.49,44.3,4222,34,0.0,1,3,11.5,487800
CUST1631,45,1944300,66650,2254000,0.23,26.4,3651,24,3.6,1,2,8.8,804200
CUST1632,51,364800,22450,45800,0.7,92.4,2929,41,27.8,6,4,7.5,51000
CUST1633,30,1183400,39850,549400,0.22,20.2,3739,28,0.0,2,2,0.5,304400
CUST1634,30,957200,51300,330300,0.64,79.1,4140,50,21.5,6,4,0.8,457200
CUST1635,28,1117900,58000,462500,0.43,59.8,3645,38,6.3,4,2,0.7,286500
CUST1636,37,1455000,35350,1392500,0.23,26.5,4682,39,4.7,2,3,11.2,328800
CUST1637,40,1206100,83900,263300,0.62,94.2,2271,56,18.3,5,4,1.8,70900
CUST1638,44,1644600,49200,2192900,0.53,20.7,4306,19,5.6,0,4,19.9,1083700
CUST1639,38,348500,22300,21500,0.8,86.7,3608,30,27.7,6,4,2.8,6500
CUST1640,21,340200,22000,73300,0.69,86.9,2402,43,11.4,5,4,1.9,22600
CUST1641,45,1288500,34050,583800,0.17,23.3,5712,24,8.6,1,0,7.4,522700
CUST1642,38,871000,68950,114300,0.74,73.8,4009,31,19.8,5,5,2.4,70900
CUST1643,40,950500,45050,350700,0.5,53.8,2757,44,8.3,3,4,9.7,174700
CUST1644,30,506000,29900,276200,0.5,78.3,979,40,18.0,5,4,10.9,87300
CUST1645,42,1683300,85450,978800,0.46,53.4,4599,31,13.8,1,2,4.7,736700
CUST1646,41,663900,42000,167500,0.36,44.9,2488,34,9.2,2,1,7.8,182200
CUST1647,43,1475500,63800,828400,0.48,50.7,3338,42,2.0,3,4,6.7,372500
CUST1648,33,535600,31000,128300,0.64,95.0,2839,47,28.2,8,3,2.9,13000
CUST1649,29,875100,36150,475200,0.24,17.4,2960,29,4.7,0,0,11.9,206500
CUST1650,52,711100,30550,185500,0.32,48.5,2862,44,11.8,5,2,6.2,39500
CUST1651,50,2510000,134600,1554600,0.23,67.9,5418,36,3.8,1,2,11.8,179700
CUST1652,30,584600,28850,234400,0.24,50.1,2504,17,8.2,1,0,2.0,100800
CUST1653,29,542500,26300,262500,0.6,70.5,1661,44,3.8,1,4,6.1,247000
CUST1654,30,1174900,51650,668800,0.16,21.0,5009,35,0.0,0,1,0.9,63400
CUST1655,28,671900,26050,420700,0.37,52.0,2671,36,10.9,2,2,6.7,20000
CUST1656,51,911600,31450,327000,0.26,43.7,3957,25,0.9,1,0,11.3,289900
CUST1657,54,1772700,43350,3208900,0.18,30.3,2712,41,0.0,0,1,14.6,1895100
CUST1658,40,1958100,86300,1699500,0.41,47.0,4585,31,7.7,0,2,14.6,895200
CUST1659,34,1568000,55650,1230700,0.14,7.8,4095,22,0.0,1,2,10.2,300300
CUST1660,31,1773900,51650,8117700,0.05,7.6,3409,38,0.0,0,0,12.0,1325800
CUST1661,33,310400,16650,66100,0.5,67.4,3544,42,20.0,3,1,13.4,9100
CUST1662,24,1159600,39200,949500,0.4,20.2,2991,5,0.8,0,2,9.6,608000
CUST1663,34,933300,51300,440700,0.48,30.9,2548,38,7.1,3,6,6.0,165000
CUST1664,35,1403000,60150,656900,0.17,30.3,3858,34,2.1,1,0,5.6,367000
CUST1665,21,342100,21350,40300,0.69,83.9,4276,48,12.6,3,3,5.1,5700
CUST1666,26,1411400,62700,2175800,0.29,38.7,4659,31,5.9,0,2,10.7,194900
CUST1667,36,992600,45150,1098800,0.58,72.3,4177,23,8.1,1,3,12.9,137700
CUST1668,46,1099900,56550,574900,0.44,59.7,1893,28,6.3,3,4,0.8,1060800
CUST1669,61,4176100,208500,2800500,0.27,41.3,7562,27,11.6,2,2,10.8,6580700
CUST1670,26,471900,25500,114500,0.49,52.1,2321,30,10.2,3,4,2.9,32000
CUST1671,31,920400,29950,1315100,0.34,13.3,4151,36,0.0,0,1,22.7,862900
CUST1672,38,1417200,68250,1805100,0.3,21.3,2862,42,4.3,1,3,14.4,440300
CUST1673,47,941400,28450,566200,0.24,19.5,3108,23,0.0,0,2,16.2,80700
CUST1674,43,1662100,79600,964000,0.25,17.8,5056,37,7.4,1,2,12.4,933800
CUST1675,48,878100,43500,498700,0.44,67.6,2252,43,12.3,3,3,16.2,243000
CUST1676,44,1985000,69450,1500000,0.19,12.1,5403,26,0.0,0,2,15.0,314500
CUST1677,21,221600,15150,21400,0.62,63.4,880,42,14.9,2,3,0.5,5100
CUST1678,31,744000,51400,69600,0.49,92.8,3956,32,15.0,4,2,0.5,31100
CUST1679,37,264300,14750,30500,0.66,78.9,1240,54,18.2,4,3,1.7,13300
CUST1680,21,229500,14600,29900,0.85,83.5,1022,37,20.4,3,5,0.5,15900
CUST1681,53,1676500,68650,1136300,0.29,12.0,1693,28,1.5,1,2,16.6,660800
CUST1682,62,1881700,41400,2034500,0.4,39.6,3082,23,3.3,1,3,21.2,1102700
CUST1683,37,521200,23500,249900,0.4,45.9,1300,33,2.4,2,2,5.3,380700
CUST1684,54,4586400,127950,6404700,0.11,43.1,8690,30,5.2,0,1,13.1,2155100
CUST1685,43,744700,38050,235900,0.52,62.6,4128,38,15.0,4,4,7.7,43900
CUST1686,48,1758600,87600,422500,0.34,30.3,6604,34,2.0,1,1,11.8,155800
CUST1687,28,728200,36150,141200,0.49,51.7,2316,30,7.8,4,4,0.5,53700
CUST1688,54,1056800,59600,460500,0.35,51.5,3125,33,10.6,3,2,3.6,1397800
CUST1689,25,2236200,93400,1573600,0.23,40.3,6214,31,10.0,1,1,4.3,596600
CUST1690,60,2395800,67450,2266200,0.38,48.2,4687,26,12.7,1,2,25.6,929000
CUST1691,41,432200,32150,41300,0.61,90.1,1559,43,18.3,7,6,3.3,24900
CUST1692,33,351400,19900,44900,0.64,91.0,2540,48,22.4,4,2,6.4,6500
CUST1693,50,1623900,34250,2795000,0.17,31.8,3139,31,0.0,1,0,22.2,2369500
CUST1694,52,719600,38350,232300,0.63,44.2,1998,16,10.1,4,5,10.2,281900
CUST1695,46,1140700,41550,416100,0.44,49.5,3630,33,0.0,0,1,8.9,645100
CUST1696,41,882400,41700,521800,0.34,50.9,2598,36,10.0,3,2,14.7,158600
CUST1697,41,376400,14800,104700,0.41,29.2,2654,32,4.6,1,2,13.3,24000
CUST1698,25,476700,25000,82100,0.65,70.0,1572,27,10.0,3,5,0.5,11500
CUST1699,55,1080400,29500,1148900,0.37,21.7,2891,16,1.7,1,2,17.6,359000
CUST1700,40,2235300,87950,2874000,0.09,16.2,4503,22,0.0,1,1,12.2,3173800
CUST1701,52,2342100,92300,2176700,0.25,42.0,3542,25,6.6,2,1,12.8,1601300
CUST1702,34,1604300,71150,995900,0.05,5.0,3127,21,0.0,0,0,10.1,261500
CUST1703,34,783800,45500,171900,0.81,95.0,2091,52,19.7,4,4,2.2,118800
CUST1704,50,1702600,42000,1812800,0.29,37.2,3779,41,8.4,1,2,21.2,1448200
CUST1705,27,1627900,68750,651400,0.31,42.9,6223,27,1.4,1,2,3.9,314100
CUST1706,32,544300,29700,107200,0.55,62.5,2278,46,3.8,3,4,0.5,254500
CUST1707,39,624300,33900,332600,0.58,62.0,1196,41,19.5,4,4,12.1,81300
CUST1708,41,632100,29300,178800,0.43,46.6,2089,35,9.5,1,1,8.3,123700
CUST1709,53,530900,21050,218600,0.51,23.3,1234,26,10.2,4,4,9.7,82700
CUST1710,28,324700,13000,71000,0.45,70.2,1958,35,14.8,3,2,4.4,16600
CUST1711,41,598700,45950,82300,0.67,84.0,1514,32,20.3,5,5,4.5,129100
CUST1712,28,1022500,24650,813900,0.35,27.1,4160,22,3.4,3,2,6.1,108300
CUST1713,43,566500,41550,234200,0.53,67.4,1097,20,24.5,5,4,17.4,33700
CUST1714,60,3063100,86050,6655200,0.25,36.4,6257,34,7.6,2,2,14.7,4891500
CUST1715,35,2150700,86550,2283700,0.13,13.9,3735,31,0.0,0,0,7.0,1532100
CUST1716,39,294700,17750,79200,0.72,87.3,1466,36,13.8,4,2,10.2,38300
CUST1717,38,478200,21350,122000,0.55,91.8,2220,35,12.7,4,4,4.9,32100
CUST1718,51,2371200,88800,2225000,0.19,9.8,3504,21,0.0,0,3,10.0,1908400
CUST1719,47,1300700,59950,625400,0.48,41.8,4076,34,5.9,2,3,11.1,138100
CUST1720,42,637700,32450,113100,0.57,60.7,3026,42,9.0,1,4,13.8,24800
CUST1721,40,750200,37150,139300,0.18,26.5,3409,6,0.3,0,0,12.8,27500
CUST1722,47,806800,56100,106300,0.4,60.3,3790,38,13.3,0,2,11.4,145200
CUST1723,32,560800,18600,247300,0.24,27.5,2965,31,0.4,0,1,12.0,127700
CUST1724,41,231400,13650,19400,0.67,83.5,867,29,18.2,4,4,10.4,4100
CUST1725,44,2498900,135050,2012900,0.21,30.6,6716,24,2.0,0,0,14.2,1896300
CUST1726,34,1398700,60850,1635600,0.06,17.4,4818,31,0.3,0,0,15.2,477200
CUST1727,45,2418900,75600,1961000,0.14,14.6,10021,20,3.7,0,1,15.2,577900
CUST1728,46,1542000,37250,2350600,0.23,23.2,5167,16,10.0,2,2,15.6,287600
CUST1729,58,3576900,224000,6616100,0.31,56.3,3942,33,10.7,3,3,12.2,7790500
CUST1730,27,1432700,67050,1188800,0.24,22.1,3790,25,0.0,0,2,6.3,441800
CUST1731,44,739300,37650,393600,0.48,59.4,2843,39,17.5,3,3,16.5,98100
CUST1732,48,906000,51600,197800,0.65,83.8,2203,26,30.0,7,4,6.0,120900
CUST1733,34,1186300,37300,790300,0.24,40.7,3992,49,4.3,1,1,9.6,355600
CUST1734,32,445700,24700,112800,0.72,56.6,1708,25,17.3,2,3,10.3,30800
CUST1735,34,898600,61600,145300,0.72,50.1,5609,23,17.7,4,6,3.9,21400
CUST1736,40,378900,19500,84300,0.79,82.0,1083,54,22.4,4,4,6.3,57200
CUST1737,38,760300,44900,116400,0.8,75.2,4193,25,22.6,5,6,9.8,22400
CUST1738,21,525500,28050,219000,0.32,83.4,1133,31,21.5,6,2,0.5,14700
CUST1739,46,1346000,60300,645800,0.33,26.4,3905,33,0.0,1,2,12.6,1036900
CUST1740,41,599900,33050,165100,0.49,39.7,2324,40,10.8,1,2,6.6,86800
CUST1741,30,793000,42900,322200,0.56,32.4,2263,41,9.4,2,5,0.5,400300
CUST1742,36,538000,18750,422000,0.5,69.5,1635,41,5.3,0,3,13.0,228200
CUST1743,37,820300,21800,640100,0.25,8.9,2908,23,0.0,0,1,10.3,477300
CUST1744,29,1525200,31750,2080600,0.36,40.7,5897,34,16.6,2,2,8.0,990900
CUST1745,50,1781900,63700,1365200,0.19,20.8,4655,32,0.0,1,1,11.4,993600
CUST1746,24,332400,22600,24900,0.57,72.7,2694,35,25.2,4,1,0.5,5200
CUST1747,50,1546700,64850,467000,0.27,21.1,6214,32,3.7,2,2,14.1,169900
CUST1748,21,302100,17550,43400,0.55,81.0,1291,43,22.5,5,4,0.5,6200
CUST1749,37,1840100,69850,924400,0.19,17.5,4466,16,0.0,0,1,9.8,347200
CUST1750,28,2086400,105350,1695700,0.05,25.1,3295,24,4.2,2,0,2.1,996100
CUST1751,30,424000,24450,33300,0.67,73.5,3525,28,16.3,5,4,0.8,13600
CUST1752,45,633700,37400,80900,0.66,44.0,2800,36,11.8,3,3,10.5,31500
CUST1753,44,434800,24100,118800,0.62,73.2,2045,43,12.4,5,4,15.9,12300
CUST1754,47,791400,23350,444600,0.21,43.5,2783,32,2.8,1,0,13.2,118500
CUST1755,32,493400,17500,128400,0.39,44.5,1829,34,5.8,4,2,0.5,53700
CUST1756,44,1030200,53950,614100,0.32,57.2,4201,33,8.2,3,2,7.4,638000
CUST1757,39,767400,28050,604800,0.43,41.9,2256,33,4.4,1,1,13.3,165500
CUST1758,34,1075300,31150,560100,0.3,13.6,2009,23,0.0,0,1,2.0,1322100
CUST1759,42,747500,32800,308400,0.39,76.1,3473,29,23.6,4,1,13.1,21900
CUST1760,34,652700,22250,231400,0.31,8.3,2437,26,0.2,0,1,9.6,76000
CUST1761,34,1801800,70150,914200,0.33,56.2,5305,29,7.9,2,0,4.9,513500
CUST1762,45,426200,18900,73300,0.48,61.1,1302,32,8.5,4,3,0.5,35600
CUST1763,41,1887600,57750,2355200,0.07,34.1,3787,39,1.4,1,0,13.6,450000
CUST1764,46,1240600,47000,819100,0.23,58.8,2034,40,3.9,1,3,9.4,246000
CUST1765,31,1225300,70850,716900,0.5,58.1,6621,39,6.1,1,3,8.1,132300
CUST1766,39,1235300,47300,694800,0.49,47.8,2793,27,8.4,2,3,1.0,578700
CUST1767,48,1486300,60500,1376900,0.48,51.6,2582,36,2.2,0,2,13.3,686800
CUST1768,21,735800,31650,497600,0.49,80.4,2743,39,21.9,5,4,8.4,13700
CUST1769,49,1595000,74600,1195000,0.5,37.2,3057,46,7.1,0,3,16.1,122400
CUST1770,44,1548000,53800,1250200,0.1,14.8,4985,16,0.0,0,0,13.2,1249900
CUST1771,39,552100,25300,221000,0.24,27.2,1866,30,0.8,1,1,3.3,73700
CUST1772,44,1375900,66750,845000,0.35,44.2,2490,20,4.8,2,2,5.4,367400
CUST1773,63,2392400,104400,1211900,0.31,21.8,5376,32,1.4,3,4,18.9,1486700
CUST1774,34,2671800,114300,7876500,0.36,43.2,4034,37,6.2,2,4,11.0,1732100
CUST1775,25,344700,17750,61500,0.75,82.9,1692,39,21.5,4,4,0.5,21900
CUST1776,38,297600,17550,26600,0.75,73.8,1799,36,12.2,5,5,1.2,15000
CUST1777,62,1452300,50750,651200,0.16,11.2,2766,23,0.0,0,1,11.2,550200
CUST1778,51,1613100,52200,2381900,0.39,27.0,3071,29,5.3,0,4,21.5,1345600
CUST1779,30,1076100,82500,100300,0.76,78.7,3193,42,15.5,4,4,0.5,215700
CUST1780,39,828100,38500,156600,0.55,58.4,4714,33,13.8,1,1,0.5,151700
CUST1781,49,908600,41700,515500,0.4,31.6,1883,38,4.8,0,3,11.7,154500
CUST1782,40,3411300,80350,8827800,0.07,34.1,5494,33,0.0,0,1,18.3,1739700
CUST1783,35,813300,42150,161200,0.28,59.3,2765,24,5.2,2,1,1.1,38100
CUST1784,24,918000,45150,459900,0.4,54.4,2534,32,15.1,2,1,1.7,88200
CUST1785,45,368400,19050,62700,0.59,61.3,1194,36,12.2,3,4,13.0,34600
CUST1786,35,1155100,42000,2813000,0.22,48.8,3544,34,1.9,2,0,22.0,750500
CUST1787,30,1044300,50100,831800,0.37,44.5,2701,13,3.3,2,4,10.2,210200
CUST1788,35,444200,20600,148400,0.64,66.7,1668,23,12.6,3,4,8.0,54800
CUST1789,47,1785800,83450,1446600,0.36,30.1,3038,26,0.0,0,2,11.4,2248600
CUST1790,43,740700,45700,144000,0.54,74.2,3966,47,16.7,5,3,9.8,31100
CUST1791,48,654700,18800,208700,0.38,39.1,3032,23,0.8,0,1,6.7,54800
CUST1792,40,2766000,113400,3607200,0.16,30.4,4662,23,3.8,1,1,13.6,3312200
CUST1793,44,466600,28900,57000,0.7,75.3,1826,38,11.9,3,5,7.5,45500
CUST1794,57,1966000,69450,1768400,0.44,48.5,6790,45,3.8,1,2,13.8,716200
CUST1795,32,531800,29900,132700,0.67,84.5,1995,47,19.4,4,5,2.0,15100
CUST1796,38,2063800,87350,1756200,0.37,51.4,4888,24,15.7,2,2,9.7,684500
CUST1797,53,1583300,64400,1152400,0.12,30.1,3640,49,7.8,2,1,15.8,333000
CUST1798,53,1348400,40250,1352400,0.43,56.2,3698,34,12.4,0,2,17.7,923600
CUST1799,32,1524900,35750,1341700,0.05,16.1,7134,27,2.2,4,1,2.3,249800
CUST1800,53,1056400,50050,969600,0.33,45.7,2197,22,9.7,1,1,14.1,322600
CUST1801,63,1839600,93550,1760200,0.05,11.5,2445,26,0.0,4,1,17.7,2389700
CUST1802,53,1696200,85350,2694500,0.42,52.3,2305,42,5.2,1,3,18.2,1119400
CUST1803,36,589500,23500,233700,0.39,40.4,2025,36,15.7,4,4,4.1,72500
CUST1804,37,1408800,53100,1524800,0.22,40.6,3384,36,2.2,0,1,17.3,673000
CUST1805,41,1652300,89700,1035900,0.41,31.7,4068,18,0.0,0,2,7.9,749600
CUST1806,21,410000,25900,66800,0.58,66.6,3320,37,28.6,6,3,2.7,15900
CUST1807,56,1064000,37550,816300,0.54,59.7,2096,25,7.4,3,4,6.2,715500
CUST1808,41,972800,45350,456600,0.43,49.4,3240,29,18.3,3,3,6.6,335900
CUST1809,32,362000,23750,39500,0.64,65.6,3276,27,15.8,4,4,3.5,6100
CUST1810,47,3343100,78550,9868300,0.14,25.7,3320,25,8.2,2,3,17.1,2613300
CUST1811,55,1111300,59550,394300,0.37,50.5,2432,39,0.5,2,3,9.6,104300
CUST1812,58,804300,38000,210700,0.39,64.8,3135,43,4.4,2,1,7.3,200200
CUST1813,33,393700,19450,73300,0.7,86.7,1276,48,16.4,4,3,3.4,22100
CUST1814,44,1029700,41600,1097800,0.48,45.7,3821,34,7.3,2,3,16.0,358600
CUST1815,48,3035500,109700,3380500,0.23,15.4,7913,28,0.0,0,1,18.5,1429500
CUST1816,50,2110000,60100,2754500,0.13,19.6,7954,28,0.0,0,0,12.6,863100
CUST1817,42,2722900,110550,2747700,0.19,31.2,3830,29,4.5,0,0,10.4,3133600
CUST1818,50,1256100,35350,1458200,0.21,37.8,2857,38,5.7,1,1,17.0,1143600
CUST1819,38,1209800,32150,2034300,0.33,39.6,5612,28,19.7,3,2,16.4,743600
CUST1820,41,3618800,160600,7707000,0.22,26.1,5750,25,10.3,2,2,14.6,11416700
CUST1821,38,2978700,80800,6529800,0.15,47.7,3592,25,2.1,1,0,6.6,789600
CUST1822,35,2259400,96100,2605600,0.29,34.9,5336,26,5.0,0,3,17.5,1849800
CUST1823,32,781100,43150,269200,0.46,67.8,2743,19,15.8,5,3,2.1,33900
CUST1824,50,1958000,79550,2360300,0.14,5.1,3066,32,0.0,0,0,22.0,1983200
CUST1825,57,1309700,77300,463000,0.44,68.4,4198,39,10.5,2,3,19.3,145200
CUST1826,41,1077400,71400,387100,0.55,84.1,2474,39,21.4,4,4,10.2,200700
CUST1827,31,1176800,38150,1455800,0.18,23.5,2780,17,0.0,0,1,12.7,344500
CUST1828,25,1604400,87100,1247100,0.09,25.8,2541,38,0.0,0,0,3.1,2072000
CUST1829,45,2483500,66700,4102600,0.34,13.3,4923,20,0.0,0,2,21.3,657600
CUST1830,49,874000,45250,914400,0.47,59.7,5060,34,13.6,1,1,21.0,437300
CUST1831,35,1076300,29800,1021900,0.39,52.6,3937,47,5.2,0,2,7.9,299500
CUST1832,30,791700,52750,194400,0.58,81.5,1402,41,28.0,6,4,0.5,117800
CUST1833,28,1494400,41200,1107200,0.25,42.3,5513,25,8.9,0,0,4.9,445800
CUST1834,36,1015700,49300,534400,0.39,40.9,3420,29,2.6,2,3,5.0,486300
CUST1835,49,972700,27650,658600,0.21,11.6,1687,16,0.0,0,1,12.9,278100
CUST1836,56,1773800,85700,755000,0.34,30.9,3761,33,1.7,0,0,21.6,1968400
CUST1837,25,717300,55200,99200,0.58,77.4,1852,33,28.2,5,3,0.5,114700
CUST1838,43,850000,39450,190300,0.6,54.6,4086,38,4.0,0,4,9.3,61900
CUST1839,36,2198000,76200,2317000,0.15,17.8,8058,30,0.7,0,3,16.8,294900
CUST1840,52,2053400,91450,585300,0.26,22.9,7705,40,0.0,1,1,5.4,823500
CUST1841,35,219400,12750,19200,0.71,95.0,1556,26,20.7,5,4,10.2,7100
CUST1842,49,613500,29900,169800,0.44,44.8,3778,32,8.5,2,2,12.7,167600
CUST1843,43,1458800,47450,1195100,0.34,34.9,4128,20,0.3,3,3,7.5,1918700
CUST1844,52,1667700,80600,1085900,0.27,18.3,4179,25,0.0,0,4,18.2,283800
CUST1845,39,711400,34050,208400,0.39,41.8,2246,40,9.8,1,1,5.7,391000
CUST1846,42,2084000,82400,1448200,0.12,22.5,5519,31,0.0,0,2,11.1,216400
CUST1847,45,826900,27750,557200,0.47,65.7,2589,32,21.5,4,3,8.9,239600
CUST1848,46,439100,34750,27000,0.58,78.1,2288,40,23.1,5,5,8.2,8500
CUST1849,34,484000,35850,52900,0.62,84.4,1974,44,14.5,2,3,4.9,16600
CUST1850,23,616600,36500,180000,0.45,27.2,3101,30,1.0,1,3,0.5,131200
CUST1851,21,200000,11850,19600,0.65,44.8,2465,23,9.7,1,5,4.8,2400
CUST1852,51,2901800,100400,5751200,0.05,29.5,3179,16,0.0,0,0,16.2,817600
CUST1853,21,521100,29350,94800,0.82,78.1,3675,39,22.2,4,5,2.1,34600
CUST1854,31,317200,17400,50100,0.59,61.1,2496,30,7.9,2,4,6.9,14200
CUST1855,53,1658200,42050,1725100,0.29,28.8,2339,43,6.6,1,1,15.4,456400
CUST1856,52,1454900,65650,593400,0.27,48.3,2909,43,3.7,1,2,6.6,303800
CUST1857,34,583800,29900,171000,0.32,69.4,1890,29,11.2,4,0,6.0,35200
CUST1858,29,516200,27300,129600,0.31,61.3,1700,34,7.3,2,1,4.7,43400
CUST1859,37,509000,19300,509200,0.37,52.4,1715,31,5.1,1,2,17.9,123400
CUST1860,37,362900,20600,72100,0.7,80.2,1763,39,21.6,5,5,7.4,20800
CUST1861,28,1320200,75950,817200,0.4,73.4,2012,45,10.5,4,3,0.5,365800
CUST1862,37,1135900,23650,1272400,0.15,16.5,2578,26,0.0,0,2,8.0,170700
CUST1863,59,2239100,129850,908500,0.32,38.7,3288,43,4.1,1,3,5.4,1081400
CUST1864,41,599600,34750,94300,0.58,69.8,2823,29,25.1,6,1,4.0,88700
CUST1865,46,356800,17300,134500,0.51,66.8,1597,44,21.6,5,2,15.7,40500
CUST1866,26,488800,24850,119300,0.38,42.5,3151,25,6.9,1,3,7.3,9300
CUST1867,21,482000,18650,280500,0.47,21.4,2121,35,3.5,1,3,0.5,95900
CUST1868,33,360700,20100,73400,0.56,81.4,1651,46,22.5,6,3,5.8,26600
CUST1869,32,1202800,27950,2605100,0.32,37.1,3190,39,9.8,3,3,10.8,1118100
CUST1870,37,1314200,54000,2604900,0.24,30.4,4359,41,2.7,2,3,14.3,223100
CUST1871,57,689300,16800,257700,0.3,23.2,1764,20,0.0,3,4,10.7,109800
CUST1872,28,1716000,45250,2687100,0.23,27.9,4705,29,0.0,0,2,14.8,1361000
CUST1873,35,366300,23800,83200,0.7,95.0,1234,41,19.9,5,4,11.0,49700
CUST1874,35,1377300,47850,686000,0.25,17.8,5874,27,0.0,0,2,10.4,154100
CUST1875,54,1631000,64350,1089700,0.39,42.1,2643,30,13.7,2,2,16.9,419600
CUST1876,34,801900,42450,188000,0.38,66.5,3266,18,18.4,5,3,0.5,74200
CUST1877,37,1353100,73950,629300,0.28,44.5,2833,46,9.7,1,1,2.5,276200
CUST1878,32,810700,31600,254100,0.29,30.6,2457,20,3.0,1,2,7.1,110900
CUST1879,21,657900,33150,100400,0.52,48.7,3390,27,5.9,2,3,0.5,24300
CUST1880,40,1079200,46100,716200,0.31,48.5,2239,26,7.9,1,2,12.1,209200
CUST1881,21,914200,48700,481400,0.26,45.0,3366,39,7.9,3,2,1.8,134300
CUST1882,39,3324300,81050,4387700,0.31,27.4,4336,39,4.3,0,1,12.9,1610900
CUST1883,43,1346100,47400,465900,0.22,36.2,3610,23,10.3,3,2,4.1,244600
CUST1884,45,564300,31150,166700,0.38,50.8,2079,39,6.3,2,2,7.4,122200
CUST1885,45,1289400,63250,1336700,0.41,51.6,1878,44,12.1,4,5,5.9,292300
CUST1886,43,1808500,96700,657400,0.27,36.7,4597,33,0.0,0,1,5.1,1293400
CUST1887,41,516800,28700,47200,0.46,49.4,2311,29,17.1,5,2,0.5,19000
CUST1888,33,908600,53450,219600,0.62,79.0,3084,40,20.6,4,4,2.3,116900
CUST1889,56,1308500,45600,732900,0.31,17.8,3375,30,0.0,0,1,12.1,611500
CUST1890,34,564400,34400,105100,0.77,73.4,2968,39,15.3,2,3,8.1,48900
CUST1891,44,435800,26800,47800,0.67,66.4,1792,33,19.0,4,4,6.4,16200
CUST1892,31,226900,15000,33500,0.74,89.2,1713,45,24.8,6,4,7.4,13500
CUST1893,38,562100,26900,193600,0.62,67.3,5082,17,8.2,1,4,12.7,26700
CUST1894,43,584400,37200,39200,0.57,59.2,2504,37,16.1,4,3,3.2,59800
CUST1895,42,1880700,69150,1977700,0.22,37.3,3765,18,7.8,0,0,8.9,1612300
CUST1896,43,553200,34200,151600,0.68,50.7,3663,17,11.8,1,3,13.2,78600
CUST1897,31,532800,27600,173100,0.77,95.0,3736,41,23.3,5,4,1.4,105000
CUST1898,38,1340400,47100,1099500,0.05,14.1,3581,25,0.0,1,0,4.0,543700
CUST1899,50,879600,37700,271100,0.53,40.1,3289,26,4.9,0,2,11.2,190700
CUST1900,42,504700,35300,43600,0.75,76.3,1462,42,26.1,4,5,0.5,18600
CUST1901,31,2906700,97700,2557800,0.14,5.0,7630,17,0.0,1,1,2.1,626900
CUST1902,30,1220900,38500,495900,0.41,29.9,5938,46,0.5,0,2,9.2,147900
CUST1903,41,1287800,70250,605800,0.35,49.7,3731,37,9.5,2,3,6.3,1229500
CUST1904,39,1264300,34050,1026500,0.21,17.4,2963,25,0.0,2,2,7.9,298600
CUST1905,33,555800,32900,184100,0.61,77.3,2081,44,20.4,2,4,10.4,60300
CUST1906,31,2642900,96000,2483600,0.14,5.0,3999,33,7.0,2,2,1.2,808200
CUST1907,21,307100,20100,30400,0.67,93.0,2341,37,22.2,5,4,0.5,10300
CUST1908,26,693800,36850,188300,0.43,48.9,4180,28,5.9,1,1,5.8,67200
CUST1909,32,696000,47650,99900,0.65,73.3,1405,41,12.6,4,3,0.5,65000
CUST1910,55,809100,16850,617000,0.16,18.5,2921,35,0.0,0,1,17.7,128400
CUST1911,46,619000,30150,272900,0.35,57.5,1810,30,13.3,2,1,15.9,91300
CUST1912,44,461600,28900,28200,0.66,60.7,1827,55,16.0,5,5,4.3,12000
CUST1913,30,466500,28350,67400,0.67,82.0,1516,47,11.4,3,5,3.8,15800
CUST1914,30,1057700,33800,738100,0.28,45.6,4566,23,9.7,2,1,10.4,205300
CUST1915,49,2112700,44000,6936600,0.05,5.8,4729,25,0.0,0,0,12.8,2698600
CUST1916,51,1199200,51250,518400,0.62,78.2,3346,36,12.0,2,3,9.3,995300
CUST1917,25,926100,51450,405900,0.61,91.7,1581,47,21.9,4,3,3.7,133300
CUST1918,40,1491700,73600,774300,0.38,34.5,4548,29,8.3,0,1,10.2,901900
CUST1919,25,936000,64250,424100,0.64,74.4,1168,27,23.1,4,4,0.5,320500
CUST1920,63,1004100,32200,446800,0.32,29.0,2873,36,0.0,0,0,18.5,199600
CUST1921,38,974500,49950,313800,0.42,60.5,4389,44,11.5,3,3,4.4,97300
CUST1922,54,1454500,39700,1753100,0.21,30.6,4091,24,0.0,0,1,18.4,333500
CUST1923,37,623000,44950,63400,0.77,79.7,5665,41,14.5,3,5,8.0,29400
CUST1924,35,916400,33700,692200,0.33,58.7,3340,38,2.1,1,1,6.8,45700
CUST1925,41,1223100,69950,370700,0.06,5.0,4588,36,0.0,1,2,9.4,244900
CUST1926,48,868700,37950,325000,0.51,76.2,1486,58,13.7,3,3,6.0,209600
CUST1927,24,1429900,70100,1292500,0.5,68.8,2879,39,21.5,3,4,5.5,226500
CUST1928,62,1789000,82600,963000,0.1,51.1,4392,31,0.9,0,0,14.9,486700
CUST1929,61,1468400,40550,995100,0.25,5.0,3479,20,0.5,0,1,18.8,971000
CUST1930,35,1744900,63100,3261800,0.51,69.2,3094,45,11.0,1,3,7.2,619800
CUST1931,42,1005400,52350,641300,0.44,57.6,3365,15,21.4,6,3,5.0,726800
CUST1932,34,636500,38650,154200,0.71,77.9,2493,47,18.8,3,5,12.3,80400
CUST1933,39,748600,40550,366400,0.49,67.4,2106,50,12.3,4,4,10.8,99900
CUST1934,29,565200,33900,75900,0.46,37.0,2381,29,1.4,1,4,3.2,62000
CUST1935,25,1172600,59900,588500,0.3,34.5,3801,28,12.6,2,2,0.5,207600
CUST1936,48,2651500,91250,3077500,0.25,5.3,5763,49,0.0,0,3,20.1,2178300
CUST1937,35,319900,20550,39700,0.9,89.9,2700,27,28.9,5,5,9.8,48700
CUST1938,42,1000600,49450,478500,0.5,95.0,3756,56,27.9,6,2,6.2,69200
CUST1939,50,913000,32850,278000,0.43,22.2,5978,34,0.0,0,3,8.4,68900
CUST1940,33,621900,29400,209200,0.56,55.4,3888,34,9.7,2,2,7.8,155200
CUST1941,46,622500,40200,67600,0.74,95.0,1385,54,19.3,5,5,2.6,41900
CUST1942,36,1156900,49450,1308500,0.15,15.9,1987,37,4.4,1,0,7.7,1072600
CUST1943,30,782800,52100,171800,0.43,36.2,4486,38,9.2,3,3,2.5,344600
CUST1944,36,504500,28000,89800,0.64,73.1,1718,41,19.3,5,5,2.7,26500
CUST1945,37,713200,41300,157500,0.71,70.1,1898,35,24.7,7,5,0.5,161700
CUST1946,54,1874900,55150,3345200,0.12,18.7,3911,19,0.3,2,2,22.2,1822500
CUST1947,26,524600,26600,121700,0.49,74.1,2812,25,10.3,2,2,3.1,52100
CUST1948,28,289000,17800,30100,0.41,55.2,1898,36,10.2,3,3,4.8,4100
CUST1949,25,487700,33200,64100,0.76,76.4,2239,29,21.1,4,5,0.5,21300
CUST1950,43,897500,41650,178900,0.27,62.5,2868,43,2.0,0,1,3.9,87900
CUST1951,53,931700,35750,780500,0.38,28.7,3711,35,14.8,1,1,21.5,395100
CUST1952,37,746800,27200,430200,0.22,37.8,2802,33,3.2,1,1,6.8,101700
CUST1953,39,1213900,48000,471200,0.4,16.2,3414,41,5.0,1,2,5.9,530800
CUST1954,40,2403100,91850,5108100,0.19,14.1,2535,39,7.2,1,1,17.9,1002600
CUST1955,36,1102000,33700,903100,0.29,35.4,3407,18,8.2,1,2,8.7,131500
CUST1956,37,784900,40750,406500,0.41,51.4,4796,42,12.1,3,2,15.1,136900
CUST1957,45,1570200,44750,1719900,0.18,13.6,2222,23,2.3,0,3,16.4,915100
CUST1958,29,571500,37350,108800,0.51,84.3,3979,40,28.8,7,5,6.4,19700
CUST1959,37,1252100,67150,282700,0.34,32.6,2410,38,14.0,2,3,4.9,121600
CUST1960,21,375000,21650,53300,0.68,70.9,1130,35,13.6,4,5,0.5,17100
CUST1961,56,2209400,106750,1904800,0.26,55.0,6380,22,12.0,3,2,19.7,1542700
CUST1962,48,1195900,48650,468400,0.29,28.8,7697,33,0.0,1,3,10.3,198900
CUST1963,43,1497800,72300,819700,0.48,46.2,5305,40,13.6,3,3,8.8,537100
CUST1964,26,633900,24700,421400,0.37,42.4,1941,34,7.0,2,3,3.7,53000
CUST1965,21,361100,17300,53100,0.69,80.6,2006,47,26.1,5,4,0.5,18400
CUST1966,34,1214000,43400,656600,0.39,67.1,3370,39,11.8,4,1,2.1,176400
CUST1967,57,985500,62000,381000,0.69,64.3,2063,35,20.4,4,5,13.5,470900
CUST1968,42,613400,40000,74400,0.66,75.1,2279,33,23.8,5,4,11.5,30900
CUST1969,33,599300,38300,113500,0.71,92.8,1942,33,11.8,3,3,4.9,41400
CUST1970,42,889200,45650,433200,0.6,67.3,3282,31,17.1,2,3,22.2,25500
CUST1971,38,499200,32900,56400,0.75,95.0,3052,42,21.6,8,4,4.8,33400
CUST1972,37,1066600,56750,503000,0.55,68.6,3729,26,7.3,3,4,2.3,66600
CUST1973,27,971200,22950,1093600,0.31,33.5,2548,30,1.5,0,2,12.2,395900
CUST1974,21,422000,18750,109200,0.69,69.6,1632,36,14.5,4,4,0.5,20700
CUST1975,46,924600,38000,490400,0.3,46.3,2531,25,4.0,1,1,11.7,106300
CUST1976,39,302900,15550,37200,0.72,95.0,3150,38,25.1,6,4,6.7,9600
CUST1977,46,2358100,101850,2986800,0.34,42.2,4376,39,4.9,1,4,21.5,1127600
CUST1978,53,1503100,46150,2212500,0.19,39.8,3456,27,7.1,2,2,17.6,853800
CUST1979,46,1352500,37850,796000,0.11,17.2,2463,20,0.0,0,0,13.2,191300
CUST1980,37,883400,47950,341500,0.45,65.4,3610,44,22.1,5,2,8.7,189800
CUST1981,29,725700,33650,699500,0.27,50.9,1541,29,9.9,2,2,8.4,106800
CUST1982,45,1726600,72550,1564100,0.27,34.1,3545,23,5.7,1,3,19.5,796700
CUST1983,26,381400,24650,49100,0.55,62.7,1724,29,13.3,4,3,0.5,45300
CUST1984,60,1222200,54950,452800,0.5,44.9,2538,25,10.8,3,3,15.9,973300
CUST1985,47,3003700,132750,950600,0.23,24.5,4000,28,7.5,0,1,2.0,795000
CUST1986,37,292600,19750,43400,0.62,64.9,702,43,26.0,7,4,0.5,44700
CUST1987,36,598300,36700,248600,0.73,74.3,3079,51,18.1,4,5,9.9,71500
CUST1988,35,946500,33500,562200,0.24,33.8,3605,32,5.2,2,0,7.3,92500
CUST1989,26,525700,22900,243800,0.54,63.2,3020,32,14.7,2,2,12.5,11800
CUST1990,33,220000,11200,22500,0.57,82.0,1546,44,21.7,5,3,5.9,3100
CUST1991,39,1016200,41600,1870300,0.32,53.1,2642,30,9.3,2,2,15.2,148800
CUST1992,36,1091900,44950,546000,0.5,43.9,2700,26,3.2,1,2,2.9,552300
CUST1993,42,1065800,30350,451300,0.33,28.1,3440,5,0.0,1,1,8.0,108000
CUST1994,37,1177700,40800,1607800,0.41,42.1,2694,48,2.9,0,1,18.9,1269200
CUST1995,45,985400,46750,1039200,0.32,64.8,2561,35,17.7,4,2,18.6,452700
CUST1996,50,1065700,50450,233700,0.2,27.8,6225,31,4.3,1,0,11.7,111700
CUST1997,28,1848400,108400,1337700,0.26,45.1,3146,33,8.6,2,1,9.3,461600
CUST1998,45,1691400,97700,880500,0.29,48.0,5577,30,0.0,0,2,4.5,770900
CUST1999,46,1338900,31900,2279300,0.09,31.3,2371,42,5.2,0,0,18.2,504000
CUST2000,47,765100,38750,302700,0.39,39.6,2189,46,10.6,3,2,4.7,467300
