customer_id,age,annual_income,monthly_expense,savings_balance,debt_to_income_ratio,credit_utilization,average_transaction_amount,monthly_transaction_count,payment_delay_days,missed_payment_count,active_loans,account_tenure_years,investment_amount,cluster,predicted_risk_group,PCA1,PCA2,true_risk_group,cluster_membership_probability,Low_Risk_Probability,Medium_Risk_Probability,High_Risk_Probability
CUST0001,44,745700,54350,84300,0.7,65.8,3309,49,19.1,6,5,4.1,43500,2,High_Risk,-3.1743096414549514,1.98042964095466,High_Risk,0.9971683850103052,5.943028012063601e-11,0.0028316149302644645,0.9971683850103052
CUST0002,31,1120800,38350,1397800,0.26,15.3,2668,33,0.0,0,2,10.0,2988400,1,Low_Risk,1.738816316678183,-0.7625208449696078,Low_Risk,1.0,1.0,5.1774175389300415e-30,0.0
CUST0003,27,1275500,40550,1173900,0.19,27.2,6907,26,3.6,3,1,12.5,244800,0,Medium_Risk,1.5561691346186222,-0.7978527495717437,Low_Risk,0.9854960664279313,0.014503933572069356,0.9854960664279313,1.665138272399109e-32
CUST0004,53,2853300,103850,1842800,0.23,29.8,3890,25,0.0,0,2,3.8,2661900,1,Low_Risk,3.6785911727969207,1.4195682108840584,Low_Risk,1.0,1.0,2.6469650632684158e-17,0.0
CUST0005,47,331400,24550,39500,0.63,89.2,1314,42,19.1,5,3,9.8,36300,2,High_Risk,-3.244780833219089,0.5089259375366071,High_Risk,0.9990998293400785,3.22910244124591e-10,0.0009001703370114085,0.9990998293400785
CUST0006,21,221900,13100,14300,0.66,82.0,1571,40,15.1,4,4,0.5,3400,2,High_Risk,-4.060184976680155,0.20576923085511653,High_Risk,0.9997648953739455,5.1352624600098634e-11,0.00023510457470171499,0.9997648953739455
CUST0007,49,2303500,133450,2266000,0.36,42.9,3719,48,4.6,1,4,17.7,544100,1,Low_Risk,2.1578583448122837,2.124837370926297,Medium_Risk,0.9999996323290646,0.9999996323290646,3.6767093483735195e-07,6.982012404559417e-202
CUST0008,50,735700,40250,305400,0.62,49.6,2851,26,12.3,2,4,11.1,438300,0,Medium_Risk,-0.9110545780595309,-0.15048652657796463,Medium_Risk,0.9999802664610661,1.9733538934134095e-05,0.9999802664610661,1.8104462390124542e-23
CUST0009,45,2979400,129450,3056700,0.18,5.0,4629,13,0.0,0,3,16.4,1511100,1,Low_Risk,4.9455560607712306,1.129541187157331,Low_Risk,0.9999997367510955,0.9999997367510955,2.632489031993014e-07,0.0
CUST0010,36,384600,23000,54900,0.73,84.2,1422,45,13.0,3,3,1.5,102600,2,High_Risk,-3.3528718134951716,0.24555270228786438,High_Risk,0.9985476867768263,1.5083230362918754e-10,0.0014523130723418745,0.9985476867768263
CUST0011,34,840800,52300,379800,0.54,86.8,1832,41,16.9,3,3,2.6,163900,0,Medium_Risk,-2.4636104473877363,0.9639606705463493,High_Risk,0.9379716838522636,4.4015747364798266e-06,0.9379716838522636,0.06202391457299995
CUST0012,34,655100,45350,228400,0.56,72.0,2961,49,15.5,3,4,6.7,33300,2,High_Risk,-2.46555489595113,0.8102679799656015,High_Risk,0.8920633223584705,1.40254038541141e-06,0.1079352751011443,0.8920633223584705
CUST0013,33,520300,26750,69700,0.61,73.3,2525,34,16.0,3,4,5.6,3900,2,High_Risk,-2.7071218194042594,0.16372591677310072,High_Risk,0.9978219103269863,2.2490546326361322e-08,0.0021780671824673395,0.9978219103269863
CUST0014,35,886500,29800,470200,0.23,34.9,4479,23,8.5,6,4,3.2,128300,0,Medium_Risk,-0.8387612898478798,-0.06350137019813111,Medium_Risk,0.9408572774311716,0.00018496007353436517,0.9408572774311716,0.058957762495294316
CUST0015,42,1166200,58900,575900,0.38,54.3,3745,43,10.2,2,2,4.8,907700,0,Medium_Risk,-0.1558888453140127,0.5457760969370549,Medium_Risk,0.9935348594509487,0.006465140549050966,0.9935348594509487,6.663818538887498e-123
CUST0016,49,1374900,67250,2207500,0.3,30.8,1570,42,3.6,1,2,12.8,677200,1,Low_Risk,1.362167182283025,-0.1458250544699497,Medium_Risk,0.9999999276957281,0.9999999276957281,7.230427113822537e-08,1.1778682982549997e-242
CUST0017,62,2082500,73950,2408800,0.32,8.2,2224,26,0.0,1,3,10.3,1828400,1,Low_Risk,2.9095546022340946,0.31190219320006973,Low_Risk,0.9999840874573471,0.9999840874573471,1.591254265164706e-05,0.0
CUST0018,36,792700,30250,880500,0.32,46.3,1888,32,13.8,6,4,10.5,399100,0,Medium_Risk,-1.5772042568535982,0.2505215922512909,Medium_Risk,0.9999801356076962,1.9864392303649965e-05,0.9999801356076962,3.9540650869624685e-26
CUST0019,33,375600,29350,19300,0.79,78.9,1815,42,18.0,3,6,0.5,17600,2,High_Risk,-4.091303451836866,1.0115406612956293,High_Risk,0.9994082660203522,3.655576010231181e-11,0.0005917339430922214,0.9994082660203522
CUST0020,39,1647500,69100,793900,0.26,14.6,3369,22,2.4,0,1,7.5,320100,0,Medium_Risk,2.121498878419225,-1.1560968013660018,Low_Risk,0.9786629781422688,0.021337021352867195,0.9786629781422688,5.048646350853927e-10
CUST0021,33,1133700,46350,1179600,0.38,32.6,4584,33,6.9,3,4,9.4,351800,0,Medium_Risk,-0.049844554431573214,0.14875568067909875,Medium_Risk,0.9960806001377378,0.003919399862262266,0.9960806001377378,4.586459867449701e-42
CUST0022,25,488800,26050,94500,0.44,61.7,1848,45,14.7,4,3,0.5,10100,2,High_Risk,-2.867569099206997,0.0570600132968292,High_Risk,0.9982386776925762,2.8790725680210207e-08,0.0017612935166979617,0.9982386776925762
CUST0023,49,490300,23400,149000,0.53,34.2,1947,33,7.8,3,4,11.8,117800,2,High_Risk,-1.1731572520089537,-0.9371756583265268,Medium_Risk,0.9890662584987473,1.4154354577336112e-06,0.010932326065794997,0.9890662584987473
CUST0024,30,714600,35000,287900,0.38,63.7,3120,42,13.4,4,4,9.0,204700,0,Medium_Risk,-1.9482469599588201,0.35345921575154504,Medium_Risk,0.9895612895889938,0.0002857063172561698,0.9895612895889938,0.010153004093749462
CUST0025,54,2178200,62200,3153500,0.12,34.0,3784,28,0.1,2,1,13.3,1189300,1,Low_Risk,3.21608306463103,0.19296107139173121,Low_Risk,0.999999997188354,0.999999997188354,2.8116468639623217e-09,0.0
CUST0026,24,737800,51150,129500,0.59,74.4,2839,33,17.2,4,3,0.5,14600,2,High_Risk,-2.6614344238206695,0.8518155316817336,High_Risk,0.9719784040156931,2.32310751422392e-08,0.028021572753231454,0.9719784040156931
CUST0027,47,736500,29900,439400,0.34,66.0,1349,40,12.6,3,1,2.7,184500,0,Medium_Risk,-1.288678336502937,-0.42834120005163584,Medium_Risk,0.8527464881111513,0.0005730010088491939,0.8527464881111513,0.14668051087999975
CUST0028,35,407600,19450,77800,0.6,88.5,1655,45,27.7,5,3,9.9,13200,2,High_Risk,-3.800955998184014,0.8436074091645455,High_Risk,0.9998660707270492,1.0623064700849195e-10,0.00013392916672006063,0.9998660707270492
CUST0029,39,1327500,58200,834500,0.4,42.7,3309,39,2.9,1,3,4.0,693000,0,Medium_Risk,0.2437679744951545,0.0697202250163756,Medium_Risk,0.9995272360401404,0.00047276395985997987,0.9995272360401404,4.7912853842469406e-55
CUST0030,31,541500,32450,73200,0.61,69.9,3118,43,14.9,4,4,3.9,57800,2,High_Risk,-2.89463397295044,0.6503778956671482,High_Risk,0.9986769852494382,2.151268492358141e-09,0.0013230125992933594,0.9986769852494382
CUST0031,63,1411000,58500,901600,0.1,29.7,4571,23,2.4,0,0,26.7,343100,0,Medium_Risk,3.6023523684414656,-1.8544347397928727,Low_Risk,0.9885870101916718,0.01141298953349401,0.9885870101916718,2.7483491092388467e-10
CUST0032,35,1932300,68550,958200,0.06,18.4,4864,27,0.0,1,1,0.5,234400,0,Medium_Risk,2.2983054881348988,-0.6741617688704721,Low_Risk,0.9144858616862661,0.08551413831373463,0.9144858616862661,9.403110104714341e-18
CUST0033,61,5000000,131050,11399400,0.2,50.5,4836,29,10.9,2,1,12.8,3097300,1,Low_Risk,6.841099795669385,6.044783267562085,Low_Risk,1.0,1.0,1.5122679366056997e-264,0.0
CUST0034,29,2523000,68850,3795000,0.27,49.1,4918,27,7.5,1,1,7.5,1344200,1,Low_Risk,2.4348260320277038,1.3157768634052478,Low_Risk,0.9999999999999964,0.9999999999999964,4.070152234230646e-15,0.0
CUST0035,50,806100,35550,354800,0.37,44.3,2662,29,5.4,0,1,12.9,192600,2,High_Risk,0.7024907614638956,-1.699939816529941,Medium_Risk,0.7950403270450276,0.00010351264077585595,0.20485616031419646,0.7950403270450276
CUST0036,40,1270900,64950,979800,0.16,27.0,2596,39,11.3,2,1,1.8,882000,0,Medium_Risk,0.7102578388663867,-0.007084930771555798,Medium_Risk,0.9499502858713079,0.05004971412869247,0.9499502858713079,6.782600006244128e-102
CUST0037,50,200000,10350,29600,0.52,59.2,1482,39,8.8,4,4,15.7,15900,2,High_Risk,-2.056243896813069,-0.8725600189254564,Medium_Risk,0.9968021449017394,6.504869662444384e-07,0.0031972046112944894,0.9968021449017394
CUST0038,44,442600,20200,91700,0.75,55.9,2457,33,3.5,0,4,11.4,14800,2,High_Risk,-1.3551044265079277,-1.2173120553952141,Medium_Risk,0.9995785974166177,1.7626913652861334e-09,0.0004214008206913142,0.9995785974166177
CUST0039,52,1682800,72650,1798900,0.31,57.9,4058,44,6.9,3,1,16.3,600300,1,Low_Risk,1.3349143408386845,0.8140507757082716,Medium_Risk,0.5865194641484045,0.5865194641484045,0.41348053585159517,4.0146976485904885e-106
CUST0040,37,440400,26950,72700,0.71,61.6,1624,48,16.1,5,6,3.8,12800,2,High_Risk,-3.870445246518401,1.0133082817550705,High_Risk,0.9999112123131646,1.0950595911198442e-11,8.878767588489299e-05,0.9999112123131646
CUST0041,50,3505100,152350,1767300,0.08,10.5,3898,27,0.2,0,1,10.8,842500,1,Low_Risk,4.964889480985981,1.2286979016316844,Low_Risk,0.9999999999551186,0.9999999999551186,4.4880523668399115e-11,4.32088176150376e-97
CUST0042,37,719400,25200,349300,0.36,44.1,2812,28,8.6,1,1,15.0,281600,0,Medium_Risk,0.15396201098432266,-1.6798906441713262,Low_Risk,0.9963722398393101,0.00362763198509446,0.9963722398393101,1.2817559550306203e-07
CUST0043,32,670500,42800,97600,0.42,51.2,2768,42,6.6,1,3,9.1,85400,2,High_Risk,-0.915461858277875,-0.7220093183368825,Medium_Risk,0.8224825703135655,0.00016216909845281704,0.17735526058798207,0.8224825703135655
CUST0044,44,1603000,68700,1877200,0.23,22.9,3863,23,1.9,1,2,17.9,1424900,1,Low_Risk,2.7264445582105674,-0.377381782133842,Low_Risk,0.998672516264428,0.998672516264428,0.001327483735571999,4.0047047326150007e-305
CUST0045,49,2034500,82450,825800,0.09,18.4,4642,32,0.0,1,0,8.0,301200,0,Medium_Risk,3.045987269689807,-0.6364707398160963,Low_Risk,0.6860389818237457,0.3139610181762539,0.6860389818237457,4.945768555171389e-16
CUST0046,38,1304700,72200,353400,0.59,71.6,3957,25,19.3,4,2,1.5,2059900,1,Low_Risk,-0.888432241147088,2.0053148226692112,Medium_Risk,0.9999999989579713,0.9999999989579713,1.042029022877095e-09,0.0
CUST0047,42,773900,30200,284000,0.38,47.5,2888,22,7.2,2,1,9.3,290800,0,Medium_Risk,0.05516522063198922,-1.3659737888435912,Low_Risk,0.9995244598003099,0.00047550512712935916,0.9995244598003099,3.507256027766193e-08
CUST0048,42,617600,31750,160300,0.36,72.7,3446,39,10.5,2,3,11.3,6800,2,High_Risk,-1.1056157039458927,-0.4364090449697712,Medium_Risk,0.9866095429445197,2.082115364782689e-05,0.013369635901832657,0.9866095429445197
CUST0049,62,1337400,54350,385000,0.21,41.8,3511,37,5.4,1,2,14.9,97500,0,Medium_Risk,1.408741525780655,-0.8014142271069555,Low_Risk,0.9620198779222009,0.03796390995691897,0.9620198779222009,1.621212087975647e-05
CUST0050,36,351300,23150,36100,0.67,78.6,3061,41,19.9,4,4,7.6,5300,2,High_Risk,-3.254845926420697,0.6212065028000239,High_Risk,0.9992722805753903,1.0452666360778735e-09,0.0007277183793430928,0.9992722805753903
CUST0051,59,984500,51650,308200,0.45,34.2,2878,31,14.0,0,2,20.6,143600,2,High_Risk,0.8659275197443292,-1.0238307655048535,Medium_Risk,0.8921240158062799,0.00018494709179629092,0.10769103710192345,0.8921240158062799
CUST0052,40,459100,23500,92800,0.62,76.6,2334,42,15.4,3,4,6.2,19800,2,High_Risk,-2.8262310292585715,0.2572649320237526,High_Risk,0.9991250329625905,5.906500289925501e-09,0.0008749611309092259,0.9991250329625905
CUST0053,45,735100,45850,327900,0.49,66.1,2210,43,19.0,4,3,12.5,309600,0,Medium_Risk,-1.7907508909228131,0.6487364605909389,Medium_Risk,0.9999663180611823,3.367727373980919e-05,0.9999663180611823,4.665077821641539e-09
CUST0054,46,1067700,38950,354900,0.36,43.0,2982,21,0.0,0,1,4.9,525700,0,Medium_Risk,1.0145492542758792,-1.5919101169036938,Low_Risk,0.9998012456476404,0.0001987543523598844,0.9998012456476404,3.8856075420155695e-38
CUST0055,45,2656500,81000,5303100,0.19,46.2,6362,32,4.7,2,1,20.7,1354600,1,Low_Risk,4.048866912412505,1.8171501179087655,Low_Risk,1.0,1.0,2.13923263338385e-45,0.0
CUST0056,33,1308700,59350,1664900,0.28,17.1,3600,33,3.7,1,3,13.2,581800,1,Low_Risk,1.3435094106900671,-0.49130990930062346,Low_Risk,0.6035113042562336,0.6035113042562336,0.39648869574376666,1.196006657501581e-105
CUST0057,36,255900,16200,47300,0.52,80.1,1993,34,22.0,7,4,11.9,3200,2,High_Risk,-3.544270048107652,0.5704291271504982,High_Risk,0.9999305561282443,1.8711242282591783e-11,6.944385304464781e-05,0.9999305561282443
CUST0058,36,373400,21300,81700,0.67,58.7,1989,27,18.6,3,4,7.9,72700,2,High_Risk,-2.6105809005338676,-0.22543788879345128,High_Risk,0.9993432380998105,4.1073372844815896e-09,0.000656757792852068,0.9993432380998105
CUST0059,54,2616100,67650,3542800,0.05,20.7,2432,37,4.8,1,0,11.6,1434200,1,Low_Risk,3.6178268726080307,0.3660994003561782,Low_Risk,0.9999999999899138,0.9999999999899138,1.0086922046391896e-11,0.0
CUST0060,39,1257900,32500,829400,0.32,16.5,5136,21,0.0,0,2,10.3,371600,0,Medium_Risk,1.7717520663304964,-1.6689807427414352,Low_Risk,0.9970564762166234,0.0029435237833764323,0.9970564762166234,1.1082731873611057e-16
CUST0061,31,374200,26900,59500,0.64,85.6,1164,39,27.4,5,3,5.3,28800,2,High_Risk,-3.975214532785699,0.8840731268839723,High_Risk,0.9999212451114051,5.139801464627952e-12,7.87548834550655e-05,0.9999212451114051
CUST0062,52,1410000,63000,852700,0.44,48.6,5428,24,10.6,3,3,10.7,443400,0,Medium_Risk,0.6679676203594869,0.6464259195217206,Medium_Risk,0.9991635754333916,0.000836424566608275,0.9991635754333916,1.1022201263888208e-20
CUST0063,45,2248400,79000,9505600,0.16,31.1,1748,24,8.9,0,0,18.9,10189200,1,Low_Risk,6.547301597076055,4.2802526577632865,Low_Risk,1.0,1.0,0.0,0.0
CUST0064,44,644600,32950,472600,0.42,64.1,2379,37,12.2,3,3,10.8,232100,0,Medium_Risk,-1.2890067743147937,-0.1954219467718992,Medium_Risk,0.9997277727837101,0.0002682765756202367,0.9997277727837101,3.95064066944566e-06
CUST0065,47,899400,39650,867500,0.27,35.5,1485,24,11.6,4,2,12.3,251900,0,Medium_Risk,-0.034503250877703645,-0.7639274866178173,Medium_Risk,0.9988860899409203,0.0011139100590799138,0.9988860899409203,1.6477610566161596e-19
CUST0066,41,744100,33250,384100,0.58,61.1,3716,38,16.3,2,3,11.6,224600,0,Medium_Risk,-1.3563957991410727,0.08103680042459856,Medium_Risk,0.986847208751727,7.804451509169925e-05,0.986847208751727,0.01307474673318097
CUST0067,47,1693300,61000,1814400,0.2,23.7,6184,49,0.0,0,0,18.1,1617400,1,Low_Risk,3.273265533878293,-0.25673291928115155,Low_Risk,0.9999674698015756,0.9999674698015756,3.253019842452693e-05,0.0
CUST0068,59,3190300,109650,6830800,0.17,8.8,6696,34,0.0,0,1,17.1,10281200,1,Low_Risk,8.035131916383493,4.940799390346764,Low_Risk,1.0,1.0,0.0,0.0
CUST0069,32,767100,36750,229600,0.73,66.5,4098,27,14.2,3,6,3.3,20900,2,High_Risk,-2.5870529309469013,0.8601484823407326,High_Risk,0.9810604604991229,4.112387887501868e-08,0.018939498376997998,0.9810604604991229
CUST0070,36,904300,53050,758200,0.59,50.1,1283,36,9.0,3,5,4.0,205600,0,Medium_Risk,-1.843322576428301,0.5414107747459538,High_Risk,0.9999176680820331,8.23319179667827e-05,0.9999176680820331,3.0582532218781345e-20
CUST0071,22,695600,38000,205200,0.64,77.4,1192,41,25.9,6,3,1.7,23100,2,High_Risk,-4.029709936184556,1.373695085718045,High_Risk,0.9989599268198043,9.517803338434322e-12,0.0010400731706780508,0.9989599268198043
CUST0072,45,742100,39750,115100,0.51,48.6,4622,32,14.4,3,3,9.8,104000,2,High_Risk,-0.8670405004685132,-0.012367245612276066,Medium_Risk,0.8591700051262375,2.204090988911638e-05,0.14080795396387333,0.8591700051262375
CUST0073,21,1150800,38000,3326400,0.28,65.7,3683,32,10.0,1,2,6.2,196600,1,Low_Risk,0.07644781119340342,0.17375746115789437,Medium_Risk,1.0,1.0,5.678245929973152e-27,0.0
CUST0074,36,562500,24600,399600,0.29,55.2,1976,36,5.5,1,2,9.4,121200,0,Medium_Risk,-0.5718239071031395,-1.478957780867077,Medium_Risk,0.6038163235205046,0.0008564872129847661,0.6038163235205046,0.3953271892665102
CUST0075,65,2234400,56250,2267800,0.21,33.3,3110,27,2.8,0,2,20.0,1942200,1,Low_Risk,3.4252800853881595,-0.07168450032970221,Low_Risk,0.9999998412724552,0.9999998412724552,1.5872754507226073e-07,0.0
CUST0076,25,340000,18100,66700,0.76,82.9,1686,32,23.3,3,3,6.5,14000,2,High_Risk,-3.6268002810872892,0.16863078006446108,High_Risk,0.9999540860831562,1.603548930340519e-11,4.591390080853697e-05,0.9999540860831562
CUST0077,32,1153800,54300,646300,0.51,46.1,1742,25,10.0,2,2,4.8,343900,0,Medium_Risk,-0.5803223077384537,-0.2648474897090528,Medium_Risk,0.9997049928840757,0.0002950064392597271,0.9997049928840757,6.766651945893745e-10
CUST0078,40,510200,33450,122700,0.52,82.7,1178,41,19.0,4,2,8.2,112600,2,High_Risk,-2.6033613669952116,0.24691508934757456,High_Risk,0.9880338607768424,6.211916173846727e-08,0.011966077103995608,0.9880338607768424
CUST0079,30,1519400,43550,986000,0.29,25.1,6220,18,0.0,0,0,14.0,1096400,1,Low_Risk,2.6793339488271615,-1.425194295153901,Low_Risk,0.9546771418064925,0.9546771418064925,0.04532285819350657,1.047054204542435e-177
CUST0080,48,735700,47350,78800,0.32,65.5,3503,39,12.7,4,2,3.0,105200,2,High_Risk,-1.1185723133753083,0.2579601753216603,Medium_Risk,0.943988748637163,1.7892022531984007e-05,0.055993359340304374,0.943988748637163
CUST0081,42,492000,24000,141700,0.36,44.4,2458,33,0.3,1,2,11.2,56400,2,High_Risk,-0.10693166469220668,-1.9204961625652592,Medium_Risk,0.9959103230570316,5.2509428306177264e-06,0.004084426000137604,0.9959103230570316
CUST0082,58,1950300,75000,1449600,0.31,50.2,3819,44,3.4,2,2,12.7,1559100,1,Low_Risk,1.7909379764558508,1.0418535144512782,Low_Risk,0.996320170633423,0.996320170633423,0.0036798293665763334,0.0
CUST0083,29,692800,30350,250100,0.42,61.6,4100,42,11.8,2,0,4.9,23000,2,High_Risk,-0.9850125252160846,-0.6532099998504786,Medium_Risk,0.9386701894290115,9.653072869457139e-06,0.0613201574981195,0.9386701894290115
CUST0084,21,450700,35700,111600,0.62,93.7,2593,39,27.3,7,3,3.9,46800,2,High_Risk,-4.270424750324353,1.656418932748068,High_Risk,0.9999184784057696,2.7201502828050557e-14,8.15215942030677e-05,0.9999184784057696
CUST0085,35,516300,33650,76200,0.76,95.0,1531,41,28.8,6,4,3.4,14700,2,High_Risk,-4.567084314137009,1.818619687460369,High_Risk,0.9999585846709786,2.8404046351421628e-14,4.1415328993098696e-05,0.9999585846709786
CUST0086,34,560000,34650,83900,0.57,76.8,2190,30,10.8,3,2,0.5,33800,2,High_Risk,-2.1357952943800846,-0.19991893493512916,High_Risk,0.9976557767320648,5.391564162641069e-09,0.0023442178763708257,0.9976557767320648
CUST0087,40,901200,32050,394300,0.19,20.2,4106,29,0.0,0,1,4.5,437400,0,Medium_Risk,1.3622251625235602,-1.9642617494467316,Low_Risk,0.9989323418759403,0.0010676581240598084,0.9989323418759403,3.3408387840618513e-23
CUST0088,50,998900,33850,618500,0.34,23.4,1403,18,2.3,0,3,15.7,321100,0,Medium_Risk,1.1006025853443686,-2.03042599924457,Low_Risk,0.9967319081847184,0.0032680221668778342,0.9967319081847184,6.964840304595423e-08
CUST0089,41,546400,29350,144400,0.71,95.0,3134,34,30.0,6,3,10.0,133500,2,High_Risk,-3.550616934519687,1.5149372473955078,High_Risk,0.9971026958934812,4.118116984390593e-11,0.002897304065338252,0.9971026958934812
CUST0090,21,581700,35950,143700,0.67,69.3,3514,36,25.4,4,5,0.5,170500,0,Medium_Risk,-3.6498644707588612,1.3956239632589365,High_Risk,0.6967464270009653,7.798834356432061e-07,0.6967464270009653,0.30325279311559983
CUST0091,49,1825800,71150,1151400,0.23,26.6,2579,19,0.0,1,2,12.0,244200,0,Medium_Risk,2.24050501581111,-0.8659120466656557,Low_Risk,0.6922751726427943,0.3077248273572055,0.6922751726427943,1.1470784538996002e-22
CUST0092,22,1013800,70850,286800,0.62,63.8,1685,36,23.7,5,6,2.3,76500,0,Medium_Risk,-3.3938633262870326,2.0875913148254344,High_Risk,0.5070007283278182,5.486024134381665e-07,0.5070007283278182,0.49299872306976783
CUST0093,32,761400,44700,280800,0.54,79.4,4794,46,21.4,4,3,5.7,126200,2,High_Risk,-2.402417017758564,1.3541042586517977,High_Risk,0.8800545393673558,1.5366467369444807e-06,0.11994392398590777,0.8800545393673558
CUST0094,36,941200,35550,797000,0.25,60.8,3135,50,12.1,2,1,9.1,158900,0,Medium_Risk,-0.5589695115760313,-0.312421398359399,Medium_Risk,0.9983358871518361,0.0016641128430142128,0.9983358871518361,5.150567014845408e-12
CUST0095,31,772500,41200,458300,0.39,60.9,1993,36,15.3,3,2,5.2,333100,0,Medium_Risk,-1.49664290947042,-0.02204370354097336,Medium_Risk,0.9998723074073054,0.00012769246525174462,0.9998723074073054,1.274428442802546e-10
CUST0096,34,962500,36700,512900,0.57,74.6,3822,20,9.5,1,3,1.9,192500,0,Medium_Risk,-1.0615198109794841,-0.1509624284542367,Medium_Risk,0.9961790824763233,4.939741427569387e-05,0.9961790824763233,0.0037715201094011773
CUST0097,42,1317200,42800,658200,0.43,17.6,4038,34,0.5,0,1,9.9,381500,0,Medium_Risk,1.4225414473029632,-1.372735711492475,Low_Risk,0.9976256247531994,0.0023743752467885967,0.9976256247531994,1.2026577616827731e-14
CUST0098,42,621900,33300,67400,0.64,85.8,3167,42,20.9,5,3,4.6,40000,2,High_Risk,-3.065429390578124,1.151566718029368,High_Risk,0.9990743199951138,2.085818490831799e-10,0.0009256797963042919,0.9990743199951138
CUST0099,47,5000000,206900,6855900,0.27,28.3,6364,34,2.7,1,2,10.5,7225000,1,Low_Risk,7.755603885078338,7.2798800360266105,Low_Risk,1.0,1.0,1.472377920737227e-173,0.0
CUST0100,44,1536100,43350,1447400,0.38,24.2,2587,34,4.3,0,1,8.6,1201500,0,Medium_Risk,1.475144294076365,-0.7411379037661412,Low_Risk,0.7010279026888028,0.2989720973111968,0.7010279026888028,4.3138007718545543e-190
CUST0101,62,952700,35850,532500,0.34,58.1,1926,37,4.2,5,3,10.9,185900,0,Medium_Risk,-0.5620515782448422,-0.1565696563556287,Medium_Risk,0.7402671808929584,0.0004915423926062366,0.7402671808929584,0.2592412767144365
CUST0102,51,3202900,140700,2869600,0.23,19.5,3850,18,0.0,0,0,10.9,8452700,1,Low_Risk,6.528268785020823,3.4831243415688604,Low_Risk,1.0,1.0,8.985114862527609e-262,0.0
CUST0103,56,1410900,40900,772200,0.27,48.3,7400,18,5.5,0,1,19.8,188300,0,Medium_Risk,2.6207908498443198,-1.18384291884394,Low_Risk,0.804215404469533,0.19578459551655888,0.804215404469533,1.3908288692138585e-11
CUST0104,38,1665100,74100,1541100,0.05,23.2,2952,33,0.0,1,0,10.6,1318900,1,Low_Risk,2.7334874622895113,-0.6748275603028716,Low_Risk,0.9449258920417085,0.9449258920417085,0.055074107958292276,1.3245695319444388e-237
CUST0105,41,527600,29250,82000,0.71,67.6,2288,48,17.8,3,6,14.0,22000,2,High_Risk,-3.057841630600126,0.7080740478829911,High_Risk,0.9993369386195825,9.401269244879729e-09,0.0006630519791483709,0.9993369386195825
CUST0106,55,1279700,68650,1122900,0.34,38.0,4443,32,10.2,1,2,16.5,616900,0,Medium_Risk,1.575705878115267,-0.03509528502400644,Medium_Risk,0.933633681854935,0.06636631814506494,0.933633681854935,1.5539908198467274e-59
CUST0107,45,564600,28450,134700,0.52,65.0,2061,30,14.7,3,2,5.1,37300,2,High_Risk,-1.6963331847831506,-0.4259092181503566,High_Risk,0.9984988567309017,4.0564728188347694e-08,0.0015011027043702475,0.9984988567309017
CUST0108,37,656700,32750,280000,0.42,50.1,3377,35,8.6,2,4,11.2,54400,2,High_Risk,-0.9755107970645157,-0.5751400395480079,Medium_Risk,0.9932441622133109,4.883085385259304e-06,0.006750954701303999,0.9932441622133109
CUST0109,45,375400,23200,58600,0.46,46.2,1700,36,3.7,3,4,9.2,19300,2,High_Risk,-1.4304641097162727,-1.0453368484165335,High_Risk,0.9971197679632702,6.88686789140559e-07,0.0028795433499404052,0.9971197679632702
CUST0110,41,4375400,178650,6173700,0.11,24.5,6361,25,4.2,0,0,11.2,1663300,1,Low_Risk,6.771561221758958,3.739889805723905,Low_Risk,1.0,1.0,4.576494751685186e-58,0.0
CUST0111,37,1773300,84850,854700,0.49,50.7,4999,27,15.6,2,4,1.7,369700,0,Medium_Risk,-0.0967355950241561,1.64152227919219,Medium_Risk,0.9990844169796322,0.0009155830202933605,0.9990844169796322,7.418813639695561e-14
CUST0112,35,551400,31050,93700,0.65,63.7,1944,40,16.5,3,3,0.5,46700,2,High_Risk,-2.773834729717096,0.243264939713199,High_Risk,0.9996514257454695,4.906136307279337e-10,0.0003485737639169927,0.9996514257454695
CUST0113,21,518100,30200,285900,0.54,55.7,1408,32,10.6,4,4,2.4,121300,2,High_Risk,-2.677169614316659,-0.11878250560472269,Medium_Risk,0.9366578957594893,1.9024071020847842e-07,0.0633419139998006,0.9366578957594893
CUST0114,43,2127500,49650,2598800,0.12,43.9,5889,14,0.0,0,0,6.7,3221300,1,Low_Risk,3.8850831436826114,0.17399627175547175,Low_Risk,1.0,1.0,2.369140420560142e-32,0.0
CUST0115,36,360000,18800,69400,0.57,61.6,1858,42,11.7,2,3,12.8,15800,2,High_Risk,-2.0331040522915775,-0.8176595288329704,Medium_Risk,0.9982808691073258,2.2363916926115292e-07,0.0017189072535050084,0.9982808691073258
CUST0116,27,455100,21250,142000,0.48,61.2,2084,34,5.8,0,1,7.4,38800,2,High_Risk,-1.0339200382472105,-1.7331472265019747,Medium_Risk,0.9985493674900804,2.515749387609257e-07,0.001450380934980781,0.9985493674900804
CUST0117,28,703200,43200,169500,0.36,75.6,1895,48,18.1,4,1,7.4,46300,2,High_Risk,-2.118487517576347,0.24874423913640772,High_Risk,0.9960079389801457,1.4868644379781777e-07,0.003991912333410421,0.9960079389801457
CUST0118,43,351600,14400,182300,0.32,56.6,1909,29,0.2,1,3,13.6,22100,2,High_Risk,-0.442871341042316,-2.070960432396559,Medium_Risk,0.9877669290182001,3.535445140824787e-05,0.012197716530391664,0.9877669290182001
CUST0119,28,686700,46650,161600,0.49,54.9,2366,43,19.0,5,3,0.5,70200,2,High_Risk,-2.6835007468022116,0.8533712745179265,High_Risk,0.9970211247461143,3.44925127293563e-09,0.0029788718046346,0.9970211247461143
CUST0120,49,754800,33650,191500,0.51,49.0,2267,26,11.6,1,2,12.0,90900,2,High_Risk,-0.37445644778273834,-1.12097423008573,Medium_Risk,0.9769519473413004,6.3965795667936865e-06,0.02304165607913314,0.9769519473413004
CUST0121,25,357900,23050,43700,0.7,60.1,1874,41,19.2,3,3,2.4,8700,2,High_Risk,-3.2855615721575173,0.058668950387976974,High_Risk,0.9998986081618647,1.2056265231730579e-10,0.00010139171757280737,0.9998986081618647
CUST0122,36,1775700,41700,3019200,0.23,26.7,6512,23,12.3,2,0,13.0,490700,1,Low_Risk,2.382067950501626,-0.07701679370674548,Low_Risk,0.9999999999993925,0.9999999999993925,6.059237993092889e-13,0.0
CUST0123,39,336300,21750,20400,0.75,67.4,2168,36,23.3,5,4,4.4,42100,2,High_Risk,-3.653407868442795,0.7512586901681143,High_Risk,0.9999406277535474,1.5917479785899534e-12,5.937224486073102e-05,0.9999406277535474
CUST0124,44,941700,44450,395200,0.28,44.6,3714,24,3.2,1,1,6.5,443900,0,Medium_Risk,0.9062987338337252,-1.2447453688756007,Low_Risk,0.9991513507690768,0.0008486492309230813,0.9991513507690768,1.0027483941646202e-21
CUST0125,42,1400300,51450,881000,0.31,42.5,4075,33,5.7,1,1,12.2,469900,0,Medium_Risk,1.2197412301826733,-0.62621530959538,Low_Risk,0.9952843120550511,0.004715687944949063,0.9952843120550511,3.9929920937009915e-21
CUST0126,26,2489400,78600,4087500,0.33,15.0,3500,13,0.0,0,3,5.5,728900,1,Low_Risk,2.846259438863112,0.46182480670565973,Low_Risk,1.0,1.0,4.527223477592251e-24,0.0
CUST0127,40,643900,27300,271800,0.53,55.4,4231,28,11.3,2,3,9.2,321600,0,Medium_Risk,-0.9139573145800372,-0.4659855114102496,Medium_Risk,0.9997642409373305,0.0002357590595267165,0.9997642409373305,3.1428436236945176e-12
CUST0128,44,371200,20800,25900,0.83,95.0,1306,35,26.2,5,4,2.7,18500,2,High_Risk,-4.382674645551143,1.2175482438754386,High_Risk,0.9999426283962852,1.4966626890299209e-13,5.7371603565397026e-05,0.9999426283962852
CUST0129,64,3119600,108450,2394000,0.1,16.4,4146,22,0.0,0,1,11.0,1438000,1,Low_Risk,4.934908732988528,0.7043791491792365,Low_Risk,0.999904212023755,0.999904212023755,9.578797624557511e-05,1.5341679883621703e-250
CUST0130,60,2297100,94650,1725100,0.24,19.9,5844,18,5.2,1,2,21.9,2829800,1,Low_Risk,4.375910599974332,0.9195248622537412,Low_Risk,1.0,1.0,5.179252123264658e-22,0.0
CUST0131,31,624600,27900,378800,0.43,53.8,2748,29,16.2,3,2,7.1,246000,0,Medium_Risk,-1.4062007952182705,-0.4742888296168167,Medium_Risk,0.9996515806985197,0.00014738579583626734,0.9996515806985197,0.00020103350564379922
CUST0132,45,855600,21500,664800,0.49,44.6,1739,5,11.9,1,3,10.3,435600,0,Medium_Risk,-0.1732705008070148,-1.3830858376051791,Low_Risk,0.9982693483233647,0.0017306516766348904,0.9982693483233647,3.280878600308572e-21
CUST0133,49,605600,35550,269300,0.58,57.6,1573,25,6.2,1,4,19.9,92600,2,High_Risk,-0.6006293037872698,-1.1526551020511273,Medium_Risk,0.9514707470202587,2.0864977541695142e-05,0.04850838800220036,0.9514707470202587
CUST0134,46,2329900,88500,1859700,0.21,51.1,5107,38,9.0,2,1,14.0,1220100,1,Low_Risk,2.373064008733322,1.3536109775860339,Low_Risk,0.9757083170461468,0.9757083170461468,0.024291682953852783,3.2944218698114964e-185
CUST0135,53,1101100,36600,805900,0.2,41.9,3902,33,13.1,1,0,21.4,170700,0,Medium_Risk,1.4999496668488694,-1.3324074895164533,Low_Risk,0.9918626368801202,0.00813735586068965,0.9918626368801202,7.259189697017848e-09
CUST0136,33,981900,38000,1723300,0.2,45.9,1174,33,5.1,3,2,9.6,148900,1,Low_Risk,-0.08252667877110306,-0.7753593031099512,Medium_Risk,0.8706472331443312,0.8706472331443312,0.12935276685566874,8.045907067251017e-154
CUST0137,51,1812000,74100,2025800,0.13,5.0,5635,27,0.0,0,2,19.8,769100,1,Low_Risk,3.8684890617462457,-0.6986652347071561,Low_Risk,0.8814135676468979,0.8814135676468979,0.11858643235310294,4.632195743007695e-140
CUST0138,53,1938000,66400,1043400,0.15,7.0,6975,30,0.0,0,0,11.4,1109000,0,Medium_Risk,3.8944875429011194,-0.7607011229825243,Low_Risk,0.8914411822462669,0.1085588177537325,0.8914411822462669,1.1226541350278869e-165
CUST0139,31,587000,25050,387200,0.52,83.4,1742,49,22.4,4,3,11.7,70400,2,High_Risk,-3.072660854424581,0.6161982337805685,Medium_Risk,0.9882949833675733,7.587370405435156e-08,0.011704940758722398,0.9882949833675733
CUST0140,34,494600,31900,66700,0.53,82.1,1494,33,15.1,5,3,3.9,12400,2,High_Risk,-2.9311485022997257,0.32097387504982855,High_Risk,0.9986437384495069,1.3980425526287995e-09,0.0013562601524506719,0.9986437384495069
CUST0141,37,756900,45750,211800,0.57,39.3,6592,27,10.6,3,3,12.9,199300,0,Medium_Risk,-0.21662067701398155,-0.056656546324411465,Medium_Risk,0.9981005688648682,0.0017730494619539198,0.9981005688648682,0.00012638167317792712
CUST0142,35,596800,31100,164400,0.53,73.0,2712,37,22.6,6,4,6.5,57600,2,High_Risk,-3.152715091438928,1.0677349937735368,High_Risk,0.9997388890842155,1.829228581711988e-10,0.0002611107328616435,0.9997388890842155
CUST0143,21,762100,33600,529900,0.43,58.0,1969,33,9.5,3,4,1.9,55200,0,Medium_Risk,-2.067107388830217,-0.1194028925543011,Medium_Risk,0.9996078636443873,4.028050160169733e-05,0.9996078636443873,0.00035185585401131613
CUST0144,41,1273700,52900,1528000,0.4,52.5,2895,33,11.7,2,2,18.9,677400,0,Medium_Risk,0.503083132161129,0.050793084969383964,Low_Risk,0.9810464564280258,0.018953543571974915,0.9810464564280258,6.716247714007241e-91
CUST0145,25,1000600,48500,845500,0.29,49.3,2886,37,2.9,2,1,0.7,128800,0,Medium_Risk,-0.2536408308966964,-0.6362144086368021,Medium_Risk,0.9983705345525988,0.0016294654474002471,0.9983705345525988,6.412380952019887e-22
CUST0146,33,429200,19600,231500,0.56,69.3,2031,39,13.2,1,2,9.9,207300,0,Medium_Risk,-1.8079964816051466,-0.8399456366598026,Medium_Risk,0.9908901261973263,6.700064814356432e-05,0.9908901261973263,0.00904287315453043
CUST0147,30,634300,33700,373600,0.36,37.9,2572,35,6.9,2,3,8.8,106700,2,High_Risk,-0.7745802255862195,-1.0069903661277244,Medium_Risk,0.7986454415218058,0.000182815145148516,0.20117174333304613,0.7986454415218058
CUST0148,52,1619800,61550,1723500,0.14,15.5,3525,34,0.0,0,1,19.2,852400,0,Medium_Risk,3.1412792569207335,-1.1286314732270175,Low_Risk,0.8956997811201287,0.10430021887987108,0.8956997811201287,1.3090709884839423e-111
CUST0149,26,856000,37650,524100,0.28,16.8,1891,17,0.8,1,3,8.2,139800,0,Medium_Risk,0.42186691823288425,-1.9676360257243233,Low_Risk,0.7621461166796734,0.00243673457464246,0.7621461166796734,0.23541714874568348
CUST0150,26,652300,34200,233600,0.32,28.3,5150,33,0.0,1,4,8.9,8600,2,High_Risk,0.024508816789152944,-1.2795668593529257,Medium_Risk,0.9138109502634489,0.0005744286908613116,0.08561462104569055,0.9138109502634489
CUST0151,60,2768000,82800,4606000,0.23,23.0,5349,30,2.4,0,2,21.1,2319000,1,Low_Risk,4.874193128951189,1.4127304889346053,Low_Risk,1.0,1.0,2.3235831506007777e-29,0.0
CUST0152,48,1325700,81200,942600,0.36,89.5,4061,43,11.3,1,0,13.4,1358600,1,Low_Risk,0.8420307142053158,0.976300628151947,Medium_Risk,0.9878715076039617,0.9878715076039617,0.012128492396038673,1.4478699715255968e-290
CUST0153,35,392300,24750,49900,0.71,81.1,2188,46,22.7,5,2,6.5,14300,2,High_Risk,-3.5314345783032466,0.7283767578950685,High_Risk,0.9999584393152965,7.029079346506236e-13,4.1560684000175817e-05,0.9999584393152965
CUST0154,33,1312200,89250,287800,0.56,83.0,1976,32,22.9,7,4,1.4,69300,0,Medium_Risk,-2.8226345790205514,2.662767895441389,High_Risk,0.9999136674881565,1.7798717760224543e-07,0.9999136674881565,8.615452466604324e-05
CUST0155,33,1166200,45950,1036500,0.16,26.4,6391,28,0.0,0,1,13.5,345600,0,Medium_Risk,2.2874486414197386,-1.4824532974481415,Low_Risk,0.9730486332302697,0.02695136676973063,0.9730486332302697,3.5520131568753953e-26
CUST0156,33,423400,24000,79300,0.57,68.1,2096,32,17.2,3,2,7.8,57100,2,High_Risk,-2.240203259395836,-0.43397546627911876,High_Risk,0.9992148163040753,9.278900667586593e-09,0.0007851744170240776,0.9992148163040753
CUST0157,35,625300,35150,307900,0.29,44.8,2072,27,9.2,1,1,10.0,46600,2,High_Risk,-0.0844819495719883,-1.6505461896768785,Medium_Risk,0.8201417311999227,0.0005927390219518247,0.17926552977812577,0.8201417311999227
CUST0158,24,399100,21550,113100,0.51,74.1,1142,30,13.4,3,3,2.9,7000,2,High_Risk,-2.773858410173815,-0.4986162607868005,High_Risk,0.9982284531910125,3.830901573103368e-08,0.0017715084999716394,0.9982284531910125
CUST0159,21,1089900,36600,801600,0.37,47.7,3682,13,11.0,2,2,6.5,108800,0,Medium_Risk,-0.22406238210891233,-0.8068354841207498,Low_Risk,0.9983956273171405,0.001604372671513236,0.9983956273171405,1.1345709328916229e-11
CUST0160,32,714100,50150,324700,0.24,51.7,2721,31,9.2,3,0,5.8,217800,0,Medium_Risk,-0.19817139493749716,-0.8496910739861834,Medium_Risk,0.99803069262163,0.0019087405629159798,0.99803069262163,6.056681545483173e-05
CUST0161,47,813500,53600,115900,0.72,95.0,2552,42,20.2,4,3,7.4,61100,2,High_Risk,-2.729838029377274,1.4530927421550117,High_Risk,0.9902552336740583,1.0200183569717287e-09,0.009744765305923652,0.9902552336740583
CUST0162,31,398700,21250,64200,0.85,87.8,1757,31,15.5,2,5,2.6,13200,2,High_Risk,-3.6847050105661716,0.3390888516109314,High_Risk,0.9998031213055075,1.1775461315082292e-11,0.00019687868271700288,0.9998031213055075
CUST0163,28,1434500,84300,629000,0.34,39.0,2928,31,6.4,0,4,3.2,240600,0,Medium_Risk,0.25398210952548406,0.18852398079673852,Medium_Risk,0.9970494159404467,0.00292836208227428,0.9970494159404467,2.2221977278322086e-05
CUST0164,38,534500,39850,130700,0.67,72.8,1205,43,25.1,2,4,11.1,21000,2,High_Risk,-2.9461955090767873,0.5713202577421755,High_Risk,0.9961234307163704,3.7182762971545394e-08,0.003876532100866745,0.9961234307163704
CUST0165,52,456900,30750,51700,0.69,92.1,1689,45,23.5,4,4,14.2,16300,2,High_Risk,-3.2097404672843837,0.9293914151157661,High_Risk,0.9989592848884673,8.737187623271996e-10,0.0010407142378141413,0.9989592848884673
CUST0166,38,2101400,119850,1953900,0.37,62.3,4803,17,14.2,3,2,8.1,367700,1,Low_Risk,1.4043846941041496,2.0381535904259307,Medium_Risk,0.9998640045994752,0.9998640045994752,0.0001359954005248636,1.0626057211472481e-160
CUST0167,27,291100,16550,22400,0.71,90.3,3182,32,26.3,5,1,0.5,7400,2,High_Risk,-3.710016678841682,0.5911074550155954,High_Risk,0.999938211892749,3.4194426429718195e-13,6.17881069083733e-05,0.999938211892749
CUST0168,32,512100,27500,124100,0.64,70.5,3975,41,23.3,3,2,10.0,95700,2,High_Risk,-2.3817282048541584,0.3479722109930474,High_Risk,0.9973113965338192,2.2843196369727255e-08,0.002688580622984403,0.9973113965338192
CUST0169,39,1408400,69150,744600,0.29,27.2,3897,28,4.7,2,3,11.5,604600,0,Medium_Risk,1.1482958139397614,-0.1674979932067459,Low_Risk,0.9873173075945041,0.01268269240549629,0.9873173075945041,5.730760751438086e-40
CUST0170,46,528200,20250,217100,0.47,57.2,1915,41,5.6,2,3,12.1,132100,2,High_Risk,-1.1746006090913355,-1.019876107040137,Medium_Risk,0.9719739141662289,9.321963181497013e-06,0.02801676387058915,0.9719739141662289
CUST0171,44,1036700,61950,287800,0.51,57.8,4412,32,9.0,3,3,6.0,518300,0,Medium_Risk,-0.49195331536939674,0.6224378507194224,Medium_Risk,0.9999422069746251,5.7793025374986435e-05,0.9999422069746251,2.4108728819771626e-37
CUST0172,31,771500,34150,369900,0.63,63.5,3497,30,8.8,2,6,6.3,135300,2,High_Risk,-2.0162856674167093,0.28230409063399714,Medium_Risk,0.9507784322000422,7.683297314979759e-07,0.04922079947022632,0.9507784322000422
CUST0173,38,597700,30250,343400,0.54,66.8,1239,24,14.1,3,3,15.5,110300,2,High_Risk,-1.5862940665806011,-0.6159316601458736,Medium_Risk,0.9422762328537819,5.504947065219174e-06,0.05771826219915249,0.9422762328537819
CUST0174,46,1198700,47350,812300,0.44,55.6,1867,34,12.9,4,3,3.2,386700,0,Medium_Risk,-1.148692848470393,0.6296708386479478,Medium_Risk,0.9998690110878904,0.00013098891210873187,0.9998690110878904,4.453695029957658e-16
CUST0175,34,455800,26500,89900,0.39,52.2,2754,39,8.4,2,2,8.0,44300,2,High_Risk,-1.1376179098278851,-1.071157659603133,Medium_Risk,0.9932011358991693,4.669453822169335e-06,0.006794194647008676,0.9932011358991693
CUST0176,26,577800,36500,182600,0.77,92.3,2400,45,25.2,5,5,1.8,127600,2,High_Risk,-4.518019061989676,1.9741004172169614,High_Risk,0.9973786387087492,1.0378789537880927e-11,0.0026213612808715686,0.9973786387087492
CUST0177,36,496800,26700,105200,0.42,43.5,2449,22,0.0,1,1,8.0,139600,2,High_Risk,0.011465366417475073,-2.1378299725216494,Medium_Risk,0.7896396254049627,5.390394589597795e-05,0.21030647064914054,0.7896396254049627
CUST0178,44,972700,45150,333800,0.53,55.0,2874,31,6.7,1,2,6.6,311400,0,Medium_Risk,-0.32061703651255696,-0.5459513561556731,Medium_Risk,0.9999671515962663,3.258737372653582e-05,0.9999671515962663,2.610300071090219e-07
CUST0179,36,2161300,53400,3125000,0.23,22.4,5113,47,0.0,0,2,11.2,2079400,1,Low_Risk,2.760238899790312,0.644788228897801,Low_Risk,0.9999999999996856,0.9999999999996856,3.147792836435168e-13,0.0
CUST0180,46,642400,41150,86900,0.52,85.7,2757,46,17.4,6,3,2.6,32700,2,High_Risk,-2.911337678203232,1.2980180754771211,High_Risk,0.9994485534141053,1.9570809419378483e-10,0.0005514463901869181,0.9994485534141053
CUST0181,38,341300,21450,23900,0.68,79.5,3229,41,15.9,6,4,6.0,6300,2,High_Risk,-3.4602374969468364,0.8460746776374243,High_Risk,0.9997701594939791,8.364334125541546e-12,0.00022984049765705243,0.9997701594939791
CUST0182,47,963400,33200,370900,0.19,42.5,3398,32,0.0,0,1,13.4,43900,0,Medium_Risk,1.309740016676583,-2.0126015165098567,Low_Risk,0.9108736101400335,0.006721291299133704,0.9108736101400335,0.08240509856083335
CUST0183,38,606500,41150,80400,0.54,73.3,2276,40,14.8,5,3,1.4,91400,2,High_Risk,-2.677685094637496,0.7388939136150949,High_Risk,0.9960133152796767,1.9337643013115477e-09,0.00398668278655897,0.9960133152796767
CUST0184,21,517800,27050,157800,0.6,59.0,2415,37,16.7,4,4,2.0,21100,2,High_Risk,-3.1209591747152823,0.3293829980978251,High_Risk,0.9995185602459711,8.623948109918701e-10,0.00048143889163413875,0.9995185602459711
CUST0185,47,776300,29200,205900,0.29,36.9,3443,17,1.8,0,0,13.8,206400,0,Medium_Risk,1.5235929029847646,-2.5188359562432394,Low_Risk,0.9980664062168173,0.0016675604096529194,0.9980664062168173,0.0002660333735305296
CUST0186,23,366900,25000,27100,0.85,81.0,3068,44,19.9,3,5,3.2,6700,2,High_Risk,-4.122299089088266,1.00680957159388,High_Risk,0.9999438785281698,2.446402717264483e-12,5.612146938396024e-05,0.9999438785281698
CUST0187,48,375300,21050,183600,0.68,70.7,889,24,20.0,5,6,9.2,34400,2,High_Risk,-3.347191198042719,0.48553182235308245,High_Risk,0.9890261265307352,1.0308742081616988e-08,0.010973863160522799,0.9890261265307352
CUST0188,48,887600,35300,355600,0.42,5.0,2508,11,0.0,0,3,12.7,332000,0,Medium_Risk,1.3834829195974736,-2.3036831017026245,Low_Risk,0.9996301505455782,0.00036984887776124903,0.9996301505455782,5.766607819933358e-10
CUST0189,43,346800,23700,34000,0.61,86.1,1313,58,19.0,5,5,8.2,25900,2,High_Risk,-4.01397946951228,1.1241969248007926,High_Risk,0.9997158637021525,2.1412445463623934e-10,0.0002841360837226655,0.9997158637021525
CUST0190,49,820800,37400,349300,0.28,15.3,3487,26,0.0,0,0,11.0,245800,0,Medium_Risk,1.82148720360298,-2.3968063460923945,Low_Risk,0.9768745387155566,0.0006227716894202927,0.9768745387155566,0.022502689595023037
CUST0191,40,784000,34200,375200,0.37,78.6,2432,34,11.6,5,1,5.7,115900,2,High_Risk,-1.5040824124079675,0.0035325934320157206,Medium_Risk,0.9860466776690645,3.464745311322914e-07,0.013952975856403987,0.9860466776690645
CUST0192,49,1606500,54800,2539400,0.34,39.6,5500,26,13.2,2,5,17.3,623700,1,Low_Risk,1.2245327224985105,0.9935931558489001,Low_Risk,0.9999990836446002,0.9999990836446002,9.163553981142228e-07,3.854867106255469e-281
CUST0193,29,1523900,43200,1122800,0.21,23.7,3743,32,0.0,1,2,0.6,292200,0,Medium_Risk,0.9577638066779014,-0.8718501428134955,Low_Risk,0.9863246787807537,0.013675321219246597,0.9863246787807537,2.1955933356274837e-23
CUST0194,31,386300,22800,31200,0.52,75.1,1440,31,18.4,4,3,0.5,5400,2,High_Risk,-3.0981732745234245,0.020682519530206653,High_Risk,0.9989697386846749,7.616071629605045e-09,0.0010302536992537186,0.9989697386846749
CUST0195,25,557500,33200,67900,0.53,54.4,2264,40,10.8,4,4,0.5,25600,2,High_Risk,-2.683304456384888,0.15535332580467742,High_Risk,0.9970594997771814,1.156410793367308e-08,0.0029404886587107147,0.9970594997771814
CUST0196,21,731900,45700,102600,0.51,50.7,3638,25,16.8,4,3,0.5,40000,2,High_Risk,-1.98997350757683,0.30040647517882535,High_Risk,0.986187392761402,1.054970940528548e-07,0.013812501741503532,0.986187392761402
CUST0197,43,533600,23950,232200,0.64,76.5,973,36,15.6,2,3,7.7,51800,2,High_Risk,-2.4181205438638798,-0.2615865142451654,High_Risk,0.9931086484918942,1.0043888512420197e-07,0.006891251069220526,0.9931086484918942
CUST0198,41,2024200,78150,2398000,0.49,48.7,6066,27,3.4,0,3,16.9,1649900,1,Low_Risk,2.414502912007849,1.1122166866319931,Low_Risk,0.9999963119820068,0.9999963119820068,3.688017992527415e-06,0.0
CUST0199,42,967900,41750,357600,0.28,12.6,5571,35,0.0,0,2,14.4,101900,0,Medium_Risk,1.6980988676873139,-1.7091272851055617,Low_Risk,0.6565386072089381,0.005791053975246423,0.6565386072089381,0.33767033881581615
CUST0200,21,340900,15450,66900,0.58,40.1,2112,27,13.0,2,3,0.6,35100,2,High_Risk,-2.26716524355863,-1.0564246186882174,Medium_Risk,0.9994247928271204,2.379383549072235e-08,0.0005751833790444349,0.9994247928271204
CUST0201,36,508200,27050,188800,0.53,83.3,2525,44,16.7,4,1,8.4,89100,2,High_Risk,-2.3318887597409286,0.09024706942067945,High_Risk,0.9990699610156546,3.0716581422813258e-09,0.0009300359126875285,0.9990699610156546
CUST0202,44,977600,51500,227900,0.53,87.5,2120,33,16.3,7,4,1.3,37400,2,High_Risk,-2.8877221481346553,1.6824623828031144,High_Risk,0.8877157538177356,2.014641720944266e-08,0.112284226035848,0.8877157538177356
CUST0203,39,653200,34450,152900,0.51,59.6,2616,38,3.5,1,3,15.7,51900,2,High_Risk,-0.7024751934556714,-1.055896240129528,Medium_Risk,0.986843198412695,1.1243999721591291e-05,0.013145557587583734,0.986843198412695
CUST0204,47,2084900,70800,1996100,0.21,10.5,4288,28,7.5,1,0,11.2,7983700,1,Low_Risk,4.503212342898009,2.051122125626659,Low_Risk,1.0,1.0,9.860839377950475e-258,0.0
CUST0205,37,568500,34900,123500,0.81,81.9,1940,34,23.5,2,4,12.1,33700,2,High_Risk,-2.978564350238215,0.555626950767242,High_Risk,0.9997800752933138,2.2705530069873672e-10,0.00021992447963124732,0.9997800752933138
CUST0206,52,2435100,90300,1475100,0.22,17.5,6762,36,4.6,0,0,6.9,5203300,1,Low_Risk,4.502368091616571,1.861756570241743,Low_Risk,1.0,1.0,4.436600993525873e-97,0.0
CUST0207,52,778500,40250,279700,0.51,71.3,1745,54,11.5,4,3,12.7,100800,2,High_Risk,-1.8313536295164194,0.45501340347798297,High_Risk,0.9975502203471757,1.611348873809698e-07,0.002449618517937343,0.9975502203471757
CUST0208,23,1835400,50700,2218100,0.08,5.0,4416,20,0.0,1,1,3.9,1353900,1,Low_Risk,2.678186177153628,-0.7952474800074552,Low_Risk,0.9934792976902423,0.9934792976902423,0.006520702309757604,2.970349149110531e-279
CUST0209,35,816800,35750,719100,0.48,53.2,1697,30,12.6,3,3,8.9,355000,0,Medium_Risk,-1.2982842007835937,-0.20798846391352918,Medium_Risk,0.9998995400798933,0.00010045992010670163,0.9998995400798933,1.621688213303333e-16
CUST0210,36,532100,28250,172400,0.49,53.3,2125,42,13.7,4,4,11.4,44600,2,High_Risk,-2.164544642112592,-0.07517951348736154,Medium_Risk,0.9991868731026833,5.8592304276532207e-08,0.0008130683050125607,0.9991868731026833
CUST0211,50,685900,34850,288000,0.45,56.4,2542,35,6.3,1,2,14.8,179400,2,High_Risk,-0.1512795140291026,-1.1318140292313772,Medium_Risk,0.7084197486519985,0.00010848599032604048,0.29147176535767544,0.7084197486519985
CUST0212,34,603000,29600,202400,0.57,66.7,1510,38,11.5,2,3,8.8,130500,2,High_Risk,-1.9891375897528971,-0.4250477223654681,Medium_Risk,0.9794213701677457,1.059176026251116e-06,0.02057757065622814,0.9794213701677457
CUST0213,39,1203100,64500,980500,0.1,54.9,2941,23,12.5,3,1,12.8,230900,0,Medium_Risk,0.8229499694774036,-0.33378588297789874,Medium_Risk,0.9933661608711649,0.006633839128835658,0.9933661608711649,5.716995113337324e-23
CUST0214,52,1457700,46350,1282400,0.31,30.5,4803,24,0.0,2,2,12.7,872900,0,Medium_Risk,1.9549287163937699,-0.5961394648546667,Low_Risk,0.9780317825729811,0.0219682174270185,0.9780317825729811,5.285220637243028e-97
CUST0215,30,315300,20150,35900,0.64,77.8,2089,41,18.5,3,3,7.8,8200,2,High_Risk,-3.1055180742125805,0.005193458811175823,High_Risk,0.9996053392067518,1.4394750260175392e-09,0.00039465935377322225,0.9996053392067518
CUST0216,32,1922500,71450,2103200,0.05,40.3,3054,48,0.0,0,0,7.6,392500,1,Low_Risk,2.1346827073683663,-0.3530768882444162,Low_Risk,0.7867063377556025,0.7867063377556025,0.21329366224439592,4.658172164968266e-133
CUST0217,48,1377900,59800,408900,0.33,39.6,6680,31,1.3,1,1,8.4,107300,0,Medium_Risk,1.739250557488922,-0.5822791893247161,Medium_Risk,0.9973836334283616,0.0025182252728084007,0.9973836334283616,9.814129882944011e-05
CUST0218,30,1222400,55350,472500,0.51,51.1,5063,40,10.0,5,3,0.5,289100,0,Medium_Risk,-1.3141451521296896,1.2117369675496108,Medium_Risk,0.9999961086192931,3.764407085118077e-06,0.9999961086192931,1.2697362119010266e-07
CUST0219,52,901900,30700,295800,0.35,49.2,2881,32,10.3,0,0,16.5,31900,0,Medium_Risk,0.7576570387039311,-1.7354177851686654,Low_Risk,0.987009659163722,0.006026156267715249,0.987009659163722,0.0069641845685619
CUST0220,45,799000,43050,315900,0.64,52.3,1446,37,14.1,3,5,6.6,103100,2,High_Risk,-2.1442658984080603,0.4643010164104975,High_Risk,0.9834831151532129,1.9676743133346168e-07,0.016516688079355964,0.9834831151532129
CUST0221,43,906400,57000,211400,0.41,83.9,2206,39,24.5,6,3,7.8,56700,2,High_Risk,-2.46762962143437,1.5379797891105231,High_Risk,0.9959674765294056,1.4254425202514885e-08,0.00403250921616933,0.9959674765294056
CUST0222,39,1009300,39800,928400,0.61,47.3,3220,25,22.2,5,5,5.4,262600,0,Medium_Risk,-2.081970272228202,1.2471428534233506,Medium_Risk,0.9999850250369122,1.4974963087938378e-05,0.9999850250369122,6.800594469388117e-25
CUST0223,35,1007200,45350,484900,0.42,29.5,5416,28,4.6,2,3,7.4,342700,0,Medium_Risk,0.3450732921860179,-0.4797628239302713,Low_Risk,0.9993716283051399,0.0006283716394115697,0.9993716283051399,5.5448407646868246e-11
CUST0224,31,215600,11050,25200,0.59,66.5,2552,48,17.0,5,4,10.4,6200,2,High_Risk,-3.3920955220049165,0.19150481099838654,Medium_Risk,0.9996661869543715,1.3162650854290257e-09,0.0003338117293638844,0.9996661869543715
CUST0225,41,504800,39100,91600,0.56,71.8,1545,41,13.5,3,2,8.4,131500,2,High_Risk,-1.9975442207212952,-0.1156391801068034,High_Risk,0.6184320758474434,4.6997594101474526e-06,0.3815632243931463,0.6184320758474434
CUST0226,37,529800,29700,173700,0.59,39.3,4076,18,2.3,0,4,14.9,61700,2,High_Risk,-0.06114522745370864,-1.6306626282793992,Medium_Risk,0.9966126042371023,1.570735216323683e-06,0.003385825027681199,0.9966126042371023
CUST0227,25,480200,31150,124000,0.77,78.7,2079,39,23.5,5,6,0.5,81800,2,High_Risk,-4.559855392638308,1.6274569197448994,High_Risk,0.9997633693194341,1.9692440511704094e-12,0.00023663067859663238,0.9997633693194341
CUST0228,36,794300,47450,291000,0.62,87.6,2300,46,14.4,4,5,8.2,152300,2,High_Risk,-2.9178109581501532,1.3345728359210187,High_Risk,0.9468671503976703,7.198879283642595e-08,0.05313277761353667,0.9468671503976703
CUST0229,26,595700,36350,95500,0.58,95.0,3634,53,14.7,4,3,3.0,46200,2,High_Risk,-3.2020246378906405,1.1011911029110695,High_Risk,0.9978922758628389,1.649752958245279e-09,0.002107722487408524,0.9978922758628389
CUST0230,32,529500,29400,108300,0.61,74.0,3241,28,29.0,6,4,5.7,8800,2,High_Risk,-3.468030120967323,1.2216360660587633,High_Risk,0.9998790347803963,2.251058089488475e-11,0.00012096519709320934,0.9998790347803963
CUST0231,39,810600,43350,250900,0.41,58.4,2246,30,11.4,4,3,8.2,91500,2,High_Risk,-1.2921627332090369,-0.08392310980079475,Medium_Risk,0.9915142755351808,1.0119184451648092e-06,0.008484712546374115,0.9915142755351808
CUST0232,45,2846800,96050,5777400,0.05,13.7,4241,42,0.0,0,2,12.2,1799100,1,Low_Risk,4.661796615183211,1.7180771272823951,Low_Risk,1.0,1.0,3.391137885881098e-59,0.0
CUST0233,55,696400,24550,309200,0.17,29.5,1954,26,11.0,3,1,16.8,118900,2,High_Risk,0.5847242668487541,-1.8215144286857987,Low_Risk,0.9080674826027879,0.0009755716236057585,0.09095694577360697,0.9080674826027879
CUST0234,45,966900,50800,234700,0.41,37.3,4250,20,2.3,2,2,3.8,320400,0,Medium_Risk,0.5655295841112313,-0.8186032705772318,Medium_Risk,0.9999590758579996,4.092362936653758e-05,0.9999590758579996,5.126340597405589e-10
CUST0235,57,1606700,82050,1581700,0.41,49.1,2027,28,8.8,2,1,13.3,1373700,1,Low_Risk,1.5363938190033433,0.5887985476932055,Medium_Risk,0.9123147153933558,0.9123147153933558,0.08768528460664414,1.42035385566265e-269
CUST0236,27,1153800,37550,956500,0.19,19.9,3579,31,0.0,0,1,1.3,649900,0,Medium_Risk,1.1822537755845532,-1.519851325217545,Low_Risk,0.996970150536527,0.0030298494634732895,0.996970150536527,6.919510106283826e-51
CUST0237,36,914200,37400,648100,0.28,42.0,2243,7,6.5,1,1,7.5,461400,0,Medium_Risk,0.7695265862179606,-1.737802972280568,Medium_Risk,0.9971059608079859,0.0028940391920144297,0.9971059608079859,1.0667797554745263e-22
CUST0238,39,1911600,65650,1384600,0.15,40.8,4373,43,1.3,1,3,4.9,175900,0,Medium_Risk,1.2714060014493413,0.25698458891439097,Low_Risk,0.9277812902697647,0.07221870973023443,0.9277812902697647,8.075135382840414e-43
CUST0239,44,1540700,74700,1324600,0.22,31.1,3405,27,0.0,0,1,10.7,1719900,1,Low_Risk,2.598066530697446,-0.450690155530298,Low_Risk,0.9999444205274918,0.9999444205274918,5.557947250737815e-05,0.0
CUST0240,49,737500,45700,150500,0.6,88.7,1720,39,20.5,3,3,14.1,30800,2,High_Risk,-2.1597685836889773,0.6211320952369848,High_Risk,0.9799117050446339,2.9929279766504285e-07,0.020087995662568626,0.9799117050446339
CUST0241,39,1435600,83750,348700,0.49,57.9,3742,36,2.2,3,4,0.5,231200,0,Medium_Risk,-0.5103001420962227,1.0981663683327094,Medium_Risk,0.9998949955832986,8.709370055381894e-05,0.9998949955832986,1.7910716147079646e-05
CUST0242,34,989000,70500,142600,0.63,57.9,5126,37,22.0,4,3,11.9,59400,0,Medium_Risk,-1.4443070005441865,1.3793815001985814,High_Risk,0.721604589895676,4.7833239069386454e-05,0.721604589895676,0.2783475768652551
CUST0243,44,1039000,38300,664700,0.21,24.7,3226,23,1.3,0,3,19.9,202700,0,Medium_Risk,1.6270430514485408,-1.9532094100530546,Low_Risk,0.9804992603276897,0.005350134417386198,0.9804992603276897,0.014150605254924165
CUST0244,42,351700,20350,99400,0.5,62.1,939,30,17.1,5,4,8.0,14500,2,High_Risk,-2.735385810298303,-0.15083776548168398,High_Risk,0.9989164520921746,1.286741763007799e-08,0.0010835350404075116,0.9989164520921746
CUST0245,42,1343800,45200,1530000,0.32,19.9,4246,21,3.9,0,3,15.3,697400,0,Medium_Risk,1.8752837519994474,-1.0003692709122025,Low_Risk,0.9644716714393168,0.03552832856068248,0.9644716714393168,1.1878731574834465e-86
CUST0246,43,857400,17850,1063800,0.19,34.9,3686,25,6.5,1,0,17.1,220500,0,Medium_Risk,1.4049786078309725,-2.128516975869241,Low_Risk,0.9777963798616515,0.022203620138348614,0.9777963798616515,1.61261688281119e-31
CUST0247,37,1200700,41400,624000,0.44,41.6,7095,28,3.4,2,2,8.3,620200,0,Medium_Risk,0.8536054616618252,-0.23314870425036788,Low_Risk,0.9918973500607631,0.008102649939237072,0.9918973500607631,2.293816060110973e-52
CUST0248,43,665400,21350,578600,0.23,23.8,3116,34,5.8,0,1,24.8,507900,0,Medium_Risk,1.4107064169922654,-2.3863187982220917,Low_Risk,0.9453999623360382,0.054600037663961744,0.9453999623360382,5.641753445287899e-34
CUST0249,37,2470400,79950,2164000,0.24,17.3,8191,26,0.0,1,1,3.2,2048900,1,Low_Risk,3.6837376856350543,1.042717302305662,Low_Risk,0.999999991951908,0.999999991951908,8.04809112819849e-09,0.0
CUST0250,21,1054700,42100,676100,0.33,21.2,2498,26,1.8,0,3,1.4,405700,0,Medium_Risk,0.1597462505419622,-1.3013964524821826,Low_Risk,0.9990634897456184,0.0009365102543795389,0.9990634897456184,1.2064758881910721e-15
CUST0251,36,624800,26350,172100,0.55,70.5,2663,35,7.8,2,3,3.8,88800,2,High_Risk,-1.795728789633087,-0.4211746366075366,Medium_Risk,0.9946423992228228,1.1111479569597065e-07,0.0053574896623815906,0.9946423992228228
CUST0252,48,1954600,51500,2703500,0.33,42.3,3931,26,3.1,1,2,16.0,1132800,1,Low_Risk,2.2871205554800054,0.10758003851320717,Low_Risk,0.999950868038462,0.999950868038462,4.9131961538857265e-05,2.3221979439983133e-291
CUST0253,33,576200,41300,174800,0.47,54.7,1973,38,8.7,3,4,4.8,40500,2,High_Risk,-1.887747240542205,-0.14975886052527285,High_Risk,0.9558260884165422,3.1273823218844727e-06,0.04417078420113593,0.9558260884165422
CUST0254,31,487200,32650,62600,0.71,43.3,2223,32,12.6,2,5,3.2,37100,2,High_Risk,-2.439765188071807,-0.16046477277480112,High_Risk,0.9996405545776085,2.1003418879293677e-09,0.00035944332204948325,0.9996405545776085
CUST0255,44,1023700,22500,1045100,0.32,36.7,3697,14,0.0,2,1,14.1,249600,0,Medium_Risk,1.324474044792904,-1.8907392982359963,Low_Risk,0.9948400248089644,0.005159975191035394,0.9948400248089644,3.423664360705661e-26
CUST0256,37,1488200,58450,1539900,0.38,50.9,2645,43,4.5,2,3,8.4,350400,0,Medium_Risk,0.030020368076830135,0.4112311122057027,Low_Risk,0.9720095720171,0.027990427982899815,0.9720095720171,4.3188618613678076e-69
CUST0257,39,1034800,50750,1033400,0.44,54.1,3202,33,9.9,3,3,10.8,856100,0,Medium_Risk,-0.36923048280418985,0.4064794897985613,Medium_Risk,0.9894274855407948,0.010572514459204842,0.9894274855407948,5.651986721168058e-107
CUST0258,57,2245700,65800,2907000,0.14,29.1,4655,18,3.8,1,1,20.9,1256600,1,Low_Risk,3.9872354620999646,-0.11359900323618337,Low_Risk,0.9999795519770849,0.9999795519770849,2.0448022914778004e-05,0.0
CUST0259,44,884700,22600,704200,0.39,6.3,3394,33,0.0,0,2,13.9,153500,0,Medium_Risk,1.1589743499371032,-2.1764263569786397,Low_Risk,0.9949693572076614,0.0050306238108063246,0.9949693572076614,1.8981532686547045e-08
CUST0260,27,584300,20450,311200,0.34,23.5,2009,27,0.0,2,2,5.7,632700,0,Medium_Risk,-0.2303748142979081,-1.878088755273354,Low_Risk,0.9942349066989288,0.005765093301070429,0.9942349066989288,6.834226951012204e-68
CUST0261,44,1388600,55050,733700,0.25,5.0,6803,22,0.0,1,3,17.0,156700,0,Medium_Risk,2.544118680989289,-1.1724080692295284,Low_Risk,0.9608307297289437,0.039169031171540594,0.9608307297289437,2.390995152295367e-07
CUST0262,49,1097500,46350,262400,0.38,32.1,3063,33,5.0,4,4,9.1,140500,0,Medium_Risk,-0.2957184080954563,-0.18137389518219213,Medium_Risk,0.9984237840025233,0.0015121371252818912,0.9984237840025233,6.407887219512539e-05
CUST0263,37,582900,24150,188500,0.69,71.9,3846,32,14.1,3,3,6.3,62600,2,High_Risk,-2.1660834543813956,0.09975730435484285,Medium_Risk,0.995803022645206,1.0136011671371541e-08,0.004196967218782174,0.995803022645206
CUST0264,52,1495400,73850,402100,0.52,38.6,4358,30,0.1,1,5,7.1,423000,0,Medium_Risk,0.6600194940282021,0.37670820052838233,Medium_Risk,0.9999147536585576,8.524634144203523e-05,0.9999147536585576,7.681266923275173e-21
CUST0265,34,724700,29800,584700,0.47,57.5,2359,28,0.8,0,2,7.6,258100,0,Medium_Risk,-0.26833587672644066,-1.4689330418472897,Medium_Risk,0.9998986919135668,0.00010121791774866583,0.9998986919135668,9.016868445132137e-08
CUST0266,44,2759200,131400,4009900,0.08,25.9,4712,14,4.7,4,2,17.2,1593600,1,Low_Risk,4.318402337648522,2.175023752834884,Low_Risk,1.0,1.0,7.375413903047084e-22,0.0
CUST0267,28,717900,21150,469900,0.33,33.8,4224,38,0.0,0,1,8.7,215000,0,Medium_Risk,0.423858096092644,-1.9230195666415364,Low_Risk,0.9967181934176639,0.0012113354227195326,0.9967181934176639,0.0020704711596172725
CUST0268,50,4196700,154700,5663400,0.12,5.0,5402,34,0.0,0,1,12.3,7394200,1,Low_Risk,7.676944469431136,4.818295361187423,Low_Risk,1.0,1.0,7.424103341770906e-175,0.0
CUST0269,50,2223300,83600,2008000,0.43,26.3,4576,27,5.0,0,3,15.0,669800,1,Low_Risk,2.5207507153632447,0.5420831110594712,Low_Risk,0.8510120346184178,0.8510120346184178,0.14898796538158307,9.778362145322607e-105
CUST0270,44,2470300,73700,4537600,0.17,45.8,4790,38,0.0,0,1,15.1,2538800,1,Low_Risk,3.92034738718681,1.3544093431366462,Low_Risk,1.0,1.0,1.4784418169111088e-33,0.0
CUST0271,36,1202300,77150,136100,0.47,65.2,3021,38,14.9,5,3,0.5,93500,0,Medium_Risk,-1.7006097093565424,1.509061264497697,High_Risk,0.9994427249541764,1.0945693256259085e-05,0.9994427249541764,0.0005463293525666415
CUST0272,35,630000,29100,337300,0.46,63.9,2049,46,13.9,3,3,6.2,34700,2,High_Risk,-2.148488467015018,-0.006786641497696169,Medium_Risk,0.8711279333095585,1.0213755396441784e-05,0.12886185293504535,0.8711279333095585
CUST0273,27,388200,18850,131100,0.57,50.4,2206,33,8.5,2,3,7.4,56700,2,High_Risk,-1.8617100595275642,-1.0633116875628736,Medium_Risk,0.9991576053024354,4.7429218562599526e-08,0.0008423472683460158,0.9991576053024354
CUST0274,42,2887400,116700,4463100,0.05,42.6,3439,44,13.4,3,1,0.5,2931900,1,Low_Risk,2.9155477902460696,3.6168383819489107,Low_Risk,1.0,1.0,8.13057932333087e-39,0.0
CUST0275,25,546400,21850,477300,0.3,31.7,2220,44,3.1,1,3,11.1,77900,0,Medium_Risk,-0.6666926306705229,-1.6106937098538767,Medium_Risk,0.938229908480277,0.001810617124293362,0.938229908480277,0.05995947439543022
CUST0276,45,398400,26250,44700,0.5,61.3,2875,36,19.9,6,3,4.6,12200,2,High_Risk,-2.6259669726745165,0.47600589157464473,High_Risk,0.9990626093524029,1.7975068837578295e-09,0.0009373888500905154,0.9990626093524029
CUST0277,33,833400,39950,292300,0.29,23.0,2381,25,13.2,4,1,8.1,122300,2,High_Risk,-0.28394136177759144,-1.0055155766217132,Low_Risk,0.863692253498959,2.45202862106854e-05,0.13628322621483066,0.863692253498959
CUST0278,48,664700,29250,508600,0.39,51.6,1882,42,13.8,4,3,10.6,653100,0,Medium_Risk,-1.3192682002768004,0.015734232732386444,Medium_Risk,0.9983389701690638,0.0016610298309361034,0.9983389701690638,3.49833937415242e-62
CUST0279,40,2153100,100300,1939500,0.18,35.7,5563,27,5.6,2,3,14.2,722200,1,Low_Risk,2.542434893206965,1.1169096464440025,Low_Risk,0.5406510647512638,0.5406510647512638,0.4593489352487354,2.0423051705111033e-108
CUST0280,48,3101000,121750,5875800,0.22,42.1,2923,29,5.4,1,2,16.6,3480800,1,Low_Risk,4.607597988165768,3.2064369111131024,Low_Risk,1.0,1.0,4.443992356420159e-67,0.0
CUST0281,41,1714100,46350,1456900,0.32,41.8,3272,35,2.7,0,3,11.7,751200,0,Medium_Risk,1.1911234937621882,-0.3292380997942577,Low_Risk,0.8610194798117423,0.13898052018825738,0.8610194798117423,6.73163424150596e-72
CUST0282,43,1302600,40100,1341600,0.15,5.0,3796,28,0.0,0,1,11.1,397500,0,Medium_Risk,2.4004488364921324,-1.875513194906796,Low_Risk,0.981108138560531,0.0188918614394697,0.981108138560531,2.7917179035764015e-45
CUST0283,42,973100,44600,113600,0.66,51.0,4333,30,6.0,1,4,0.5,127400,0,Medium_Risk,-0.9564157755293895,0.004582037279682171,Medium_Risk,0.9730043063699135,1.2981081741351404e-06,0.9730043063699135,0.026994395521911733
CUST0284,43,292600,18100,29900,0.68,76.4,1575,35,19.0,6,4,14.0,5900,2,High_Risk,-3.326261717977297,0.371778673431199,High_Risk,0.9998680903793193,1.4742823609726475e-11,0.00013190960593795467,0.9998680903793193
CUST0285,45,2234100,70700,2724400,0.21,17.4,5438,32,2.8,2,3,10.9,1453100,1,Low_Risk,2.7803710612833696,0.9690986976027973,Low_Risk,0.9999929051577496,0.9999929051577496,7.094842250006082e-06,0.0
CUST0286,39,1059100,71900,504100,0.46,52.5,2204,33,21.2,3,3,11.3,169500,0,Medium_Risk,-1.0151504703200862,0.766676473327365,High_Risk,0.9994941466498012,0.00047329115847045836,0.9994941466498012,3.256219172752954e-05
CUST0287,40,851200,46750,154800,0.82,84.3,3143,32,23.2,6,6,5.1,61200,2,High_Risk,-3.738662372414536,2.207694932834767,High_Risk,0.9958237904312488,1.9094494923139007e-11,0.004176209549656991,0.9958237904312488
CUST0288,55,1196800,25200,1264700,0.36,54.2,3702,28,4.1,1,1,14.8,2216800,1,Low_Risk,1.5332265704154189,-0.5562579638865227,Low_Risk,0.999999999999778,0.999999999999778,2.2205537271018324e-13,0.0
CUST0289,45,1107000,58050,503700,0.45,42.3,2145,31,4.2,3,4,4.3,309400,0,Medium_Risk,-0.5387088479504499,0.09499806793636438,Medium_Risk,0.9999294341089526,6.827357359219837e-05,0.9999294341089526,2.2923174548949077e-06
CUST0290,51,1892600,80900,2449100,0.23,28.0,4512,21,0.0,0,0,21.5,863800,1,Low_Risk,3.956475338797999,-0.6622652399599026,Low_Risk,0.9999838164313447,0.9999838164313447,1.6183568655688636e-05,9.89878832607286e-239
CUST0291,41,661700,32950,78900,0.5,65.0,4071,37,14.4,4,4,4.5,27700,2,High_Risk,-2.03646115994715,0.5023426192604479,Medium_Risk,0.9755555984389028,1.2953131439436826e-06,0.024443106247953678,0.9755555984389028
CUST0292,40,289100,20000,13200,0.68,54.5,1411,45,19.1,5,3,0.5,18100,2,High_Risk,-3.464871731597383,0.33624608036941434,High_Risk,0.999906470847632,9.599377447669847e-12,9.35291427694854e-05,0.999906470847632
CUST0293,49,1744300,54200,1281300,0.39,43.5,3486,30,4.8,0,2,12.2,497600,0,Medium_Risk,1.4685014118165665,-0.37580942905697173,Low_Risk,0.9412838852478969,0.05871611475210322,0.9412838852478969,1.0631442190058807e-34
CUST0294,34,1080800,52900,558200,0.31,24.3,5070,28,1.2,0,3,11.5,71700,0,Medium_Risk,1.2288008584612,-1.185207953311083,Medium_Risk,0.9943525668142131,0.004168079400396949,0.9943525668142131,0.0014793537853902887
CUST0295,40,1273400,39500,1824800,0.2,43.2,5283,25,0.0,0,1,12.2,488200,1,Low_Risk,2.1429453965175203,-1.1928608224999446,Low_Risk,0.9669580283873902,0.9669580283873902,0.03304197161260975,1.2273497019194844e-129
CUST0296,42,911700,48200,231100,0.49,45.0,3163,45,0.3,0,2,6.6,321600,0,Medium_Risk,0.011913786381818033,-0.8297121527301292,Medium_Risk,0.9999507299851189,4.9269567382176966e-05,0.9999507299851189,4.474984421457201e-10
CUST0297,41,889700,47800,499400,0.55,44.7,4238,46,5.6,0,2,13.4,1121900,0,Medium_Risk,0.28803377888225923,-0.3037561081910634,Medium_Risk,0.7918619938345475,0.2081380061654539,0.7918619938345475,5.875353573716908e-214
CUST0298,46,1910700,66100,3048600,0.14,36.9,4136,30,2.4,4,1,13.8,821900,1,Low_Risk,2.40072915437759,0.5270393430730006,Low_Risk,0.9999999996473115,0.9999999996473115,3.52688923982714e-10,0.0
CUST0299,33,421600,24850,74900,0.66,79.5,2816,29,12.1,4,3,3.5,20100,2,High_Risk,-2.6936424503364313,0.04465260922603374,High_Risk,0.9991016252022223,2.777609390368621e-10,0.0008983745200165377,0.9991016252022223
CUST0300,40,805000,39600,388100,0.41,66.3,3834,39,17.9,3,3,14.4,170100,2,High_Risk,-1.181097282860488,0.2843511336147697,Medium_Risk,0.7165322242756315,0.00018010753269221606,0.283287668191676,0.7165322242756315
CUST0301,34,505900,18550,221800,0.54,39.3,2603,37,0.0,0,5,10.7,16500,2,High_Risk,-1.0356618949316032,-1.471656594221332,Medium_Risk,0.998116798674542,3.0080883948392827e-07,0.001882900516618229,0.998116798674542
CUST0302,43,521500,34400,76700,0.67,73.2,1924,37,20.8,5,6,14.1,6300,2,High_Risk,-3.247582487942133,1.0176514122855371,High_Risk,0.9995620007246562,7.752291953215499e-10,0.00043799850011484867,0.9995620007246562
CUST0303,44,1131800,42650,785300,0.25,26.8,3119,25,3.1,0,3,11.1,269600,0,Medium_Risk,1.1849928651514186,-1.3932935045974906,Low_Risk,0.9988442246594528,0.0011557081079339353,0.9988442246594528,6.723261306724772e-08
CUST0304,48,835100,51750,199700,0.58,75.0,2323,41,26.9,4,4,10.0,160700,2,High_Risk,-2.5136488823792393,1.4410820376719289,High_Risk,0.9391742824880259,2.648469499516843e-07,0.06082545266502373,0.9391742824880259
CUST0305,21,470800,25950,140800,0.57,71.0,2114,29,14.8,3,3,1.7,21900,2,High_Risk,-2.743225759733803,-0.19829962108918311,High_Risk,0.9991716315888415,4.777799092928105e-09,0.0008283636333593442,0.9991716315888415
CUST0306,39,444000,23600,124700,0.77,69.1,1915,33,23.0,5,6,9.7,70600,2,High_Risk,-3.7530537469014726,1.0018572003943398,High_Risk,0.9998920524256151,1.4274323061978605e-11,0.00010794756011105152,0.9998920524256151
CUST0307,39,729800,41450,332100,0.52,59.5,2080,33,9.0,3,5,8.5,97600,2,High_Risk,-1.7379119953020523,0.09103989168733718,Medium_Risk,0.9684165440772567,1.2605773268720776e-06,0.031582195345416154,0.9684165440772567
CUST0308,44,3605000,148450,5131200,0.13,21.1,2706,29,4.8,0,0,6.7,2560100,1,Low_Risk,5.288094635218605,2.7636930340755916,Low_Risk,1.0,1.0,1.7402137506790162e-39,0.0
CUST0309,37,1039200,37500,427600,0.47,36.7,3767,41,4.2,1,2,3.4,324000,0,Medium_Risk,-0.20660630786589723,-0.6330417853816884,Low_Risk,0.999847017579284,0.00015298153521551736,0.999847017579284,8.855013018997325e-10
CUST0310,51,1536400,32000,911800,0.19,29.5,4711,30,11.4,1,0,12.9,186300,1,Low_Risk,1.7746117486792312,-1.1652486981784913,Low_Risk,0.7752762422446484,0.7752762422446484,0.22472375775535225,5.218737737156328e-23
CUST0311,43,1854000,53550,1489500,0.38,50.7,3395,38,6.7,1,2,12.3,668300,1,Low_Risk,0.9674437026812256,0.22658821105405125,Low_Risk,0.5520401775218975,0.5520401775218975,0.44795982247810184,2.715236291952018e-60
CUST0312,22,636100,33050,278600,0.45,71.6,1811,32,20.6,1,1,8.3,127900,2,High_Risk,-1.7134131626414972,-0.6280863952341741,Medium_Risk,0.9951953787759727,1.3348574845352224e-06,0.004803286366543048,0.9951953787759727
CUST0313,33,592200,40850,77200,0.58,68.4,3329,37,16.1,4,5,4.9,20900,2,High_Risk,-2.713753002396858,0.8489894770135245,High_Risk,0.9971744617881031,1.5947604461959525e-08,0.002825522264292599,0.9971744617881031
CUST0314,33,639600,30900,377200,0.56,60.9,2488,32,13.9,3,4,3.4,159600,0,Medium_Risk,-2.205820852855556,0.13947446857498938,Medium_Risk,0.7841157442935329,1.190787697704386e-05,0.7841157442935329,0.21587234782949002
CUST0315,42,2186600,104500,3932400,0.29,34.1,3309,33,11.9,2,3,16.2,1920900,1,Low_Risk,2.475141083055455,2.242208993305235,Low_Risk,1.0,1.0,9.251777456027435e-28,0.0
CUST0316,46,1763400,47400,2199700,0.26,59.5,6873,26,7.8,0,0,18.7,1369400,1,Low_Risk,2.8498369027321906,-0.03725174766430597,Low_Risk,0.9999694267496521,0.9999694267496521,3.057325034865756e-05,6.510519103415724e-299
CUST0317,46,1605000,35750,3744700,0.19,36.4,2481,28,0.1,2,2,15.8,2240600,1,Low_Risk,2.395997690319436,0.021611673259948644,Low_Risk,1.0,1.0,4.1424634922624455e-26,0.0
CUST0318,49,890900,50650,233700,0.53,75.9,2502,40,13.9,3,4,8.2,17100,2,High_Risk,-1.7504350031491305,0.7176548169045776,High_Risk,0.8905132678652621,3.87618037893092e-06,0.1094828559543586,0.8905132678652621
CUST0319,52,1386400,57000,1384200,0.25,32.0,3297,22,3.1,0,2,22.6,323600,0,Medium_Risk,2.3962793439234504,-1.3127478515168356,Low_Risk,0.9815803433262604,0.018419656673739248,0.9815803433262604,4.277640800128192e-50
CUST0320,51,428300,22150,133900,0.37,59.7,1734,30,14.9,2,2,9.9,85200,2,High_Risk,-1.0545803177049953,-1.0940946545532697,Medium_Risk,0.9858401718222363,2.9801778724089015e-05,0.01413002639903957,0.9858401718222363
CUST0321,51,2801100,120800,1686300,0.37,30.0,4375,26,7.6,2,2,13.3,1750500,1,Low_Risk,3.0855470656115394,1.9538235153108592,Low_Risk,0.9999999054026807,0.9999999054026807,9.459731888724082e-08,0.0
CUST0322,47,398000,18950,98500,0.57,59.0,2185,35,9.6,5,3,8.7,11300,2,High_Risk,-2.093505019497385,-0.37569515748974125,High_Risk,0.9991794110655298,2.35948446864392e-09,0.0008205865749856624,0.9991794110655298
CUST0323,65,2437700,92400,2117500,0.32,39.5,6253,25,3.4,0,2,27.3,818000,1,Low_Risk,4.121434312641962,0.5181152905559365,Low_Risk,0.9038709112129754,0.9038709112129754,0.09612908878702506,2.3124075990783316e-116
CUST0324,48,988700,48700,487900,0.24,48.5,2824,41,9.8,2,2,10.7,183700,2,High_Risk,0.08867848929788741,-0.452776897415667,Medium_Risk,0.5527152258692328,0.000901495819903517,0.4463832783108632,0.5527152258692328
CUST0325,41,825200,48100,307800,0.5,64.6,1082,34,7.0,1,4,6.2,563900,0,Medium_Risk,-1.2052881199492025,-0.17976722045996885,Medium_Risk,0.9998336188922201,0.00016638110778072405,0.9998336188922201,7.498610980549093e-48
CUST0326,48,1353300,43200,2021200,0.11,5.0,4855,44,0.0,0,0,21.6,711700,1,Low_Risk,3.2658768787433488,-1.5804962286857043,Low_Risk,0.9965808594256428,0.9965808594256428,0.0034191405743573804,3.8659744625077593e-159
CUST0327,46,1898000,84700,1087900,0.05,5.1,2996,32,0.0,0,2,11.0,963800,0,Medium_Risk,3.0386172119510957,-0.6761625348342449,Low_Risk,0.8817390479958487,0.11826095200415211,0.8817390479958487,4.2232807356261517e-110
CUST0328,29,461500,25000,108700,0.62,60.9,1939,36,17.6,4,4,5.3,37600,2,High_Risk,-3.0352521771831777,0.2046783505852792,High_Risk,0.9997289598283914,6.546379626066656e-10,0.0002710395169705878,0.9997289598283914
CUST0329,54,1215200,45700,650700,0.25,28.9,4059,26,7.7,0,1,27.0,237200,0,Medium_Risk,2.3189676327051885,-1.7447703849456926,Low_Risk,0.9647438850928861,0.03504956044965922,0.9647438850928861,0.00020655445745458757
CUST0330,23,1155600,54200,650100,0.38,54.0,3069,37,4.6,1,1,3.5,192600,0,Medium_Risk,-0.1980777463801361,-0.51266142873799,Medium_Risk,0.9991049021206467,0.000559510045643644,0.9991049021206467,0.00033558783370951563
CUST0331,37,651600,43550,82500,0.72,63.5,2271,34,11.4,2,5,0.5,59600,2,High_Risk,-2.5104070552621485,0.4343831396485274,High_Risk,0.998404320693575,7.671388575622196e-10,0.0015956785392863629,0.998404320693575
CUST0332,32,268600,15550,30800,0.67,75.3,2553,28,19.0,3,4,6.0,6500,2,High_Risk,-3.0834230265935254,-0.06717380842101435,High_Risk,0.9992486927621986,4.521043714623104e-09,0.0007513027167576186,0.9992486927621986
CUST0333,40,1553200,57050,965700,0.35,24.9,3276,23,7.7,1,1,12.1,2043600,1,Low_Risk,1.8260515603019012,-0.3152062991375396,Low_Risk,0.9999999999047215,0.9999999999047215,9.527920595917137e-11,0.0
CUST0334,35,443700,23050,84500,0.43,53.6,2166,28,0.0,1,2,3.1,22200,2,High_Risk,-0.8041055300132646,-1.7504137425020267,Medium_Risk,0.9978035896274164,2.6123546980813386e-07,0.002196149137113726,0.9978035896274164
CUST0335,26,369000,25200,23900,0.74,69.5,2195,36,17.3,3,4,0.5,33000,2,High_Risk,-3.4697701027216685,0.3271147046450632,High_Risk,0.9998252637824082,4.143167993084314e-11,0.00017473617616021788,0.9998252637824082
CUST0336,42,755700,26850,173100,0.7,65.8,2988,36,8.1,1,3,0.5,43400,2,High_Risk,-1.763739387052909,-0.2819653586493448,Medium_Risk,0.9114756113338868,2.142207923733361e-07,0.08852417444532085,0.9114756113338868
CUST0337,52,2722500,110250,3166700,0.21,25.6,3058,20,1.3,1,3,14.0,3426800,1,Low_Risk,4.156398383833123,1.8890376130618969,Low_Risk,1.0,1.0,5.107279739036818e-31,0.0
CUST0338,32,845400,43900,512300,0.48,73.9,2338,35,15.1,3,2,12.6,52700,0,Medium_Risk,-1.4458975965922805,0.038275300958638514,High_Risk,0.9987564084965791,6.445818200542508e-05,0.9987564084965791,0.0011791333214155079
CUST0339,49,2601600,98550,3028900,0.21,27.4,3788,24,9.6,1,1,11.2,4337200,1,Low_Risk,4.014540045609235,2.14945716852171,Low_Risk,1.0,1.0,9.625733526273872e-56,0.0
CUST0340,32,1176400,38800,489500,0.38,18.9,7138,40,0.0,0,1,8.5,204100,0,Medium_Risk,1.4391550943409344,-1.1981869171123891,Low_Risk,0.9952347570083461,0.004765191976677287,0.9952347570083461,5.1014977325827925e-08
CUST0341,25,640900,21650,339200,0.33,62.4,3077,43,7.9,1,0,4.5,179900,0,Medium_Risk,-0.8558925141346532,-1.2398519114189803,Medium_Risk,0.6626942532800038,0.0004066782855553178,0.6626942532800038,0.33689906843444
CUST0342,26,851700,26150,905300,0.38,47.6,2786,11,10.1,3,3,9.9,111100,0,Medium_Risk,-0.6114758293931329,-0.9630454037497912,Low_Risk,0.999510248774517,0.0004897512254823168,0.999510248774517,2.5716611232809894e-22
CUST0343,63,974100,31550,971300,0.11,27.8,3388,30,4.2,3,3,23.1,223200,0,Medium_Risk,1.5409441997606008,-1.3329100412467196,Low_Risk,0.9724466536537765,0.027553346346223372,0.9724466536537765,7.582562367400132e-20
CUST0344,33,323900,18250,48300,0.68,83.2,1979,36,18.5,7,4,0.5,8200,2,High_Risk,-4.224315766214204,1.016635831747805,High_Risk,0.9999545519378537,3.0193053300088666e-14,4.5448062115861224e-05,0.9999545519378537
CUST0345,33,529900,25200,253400,0.57,59.0,3215,31,7.5,0,2,8.0,411800,0,Medium_Risk,-0.8535204781026232,-1.1367211696987016,Medium_Risk,0.9999342686745704,6.573132542876995e-05,0.9999342686745704,2.3893175286847876e-23
CUST0346,36,741800,38600,324000,0.49,58.7,3186,26,13.0,4,2,8.1,241100,0,Medium_Risk,-1.1900721287299953,-0.134553222979114,Medium_Risk,0.9978321403061873,1.5562623647766056e-05,0.9978321403061873,0.0021522970701652127
CUST0347,41,1612500,40950,2468100,0.16,26.1,3279,43,10.1,2,1,11.2,1567700,1,Low_Risk,1.5554193303876491,0.17509058323545434,Low_Risk,0.9999997107802897,0.9999997107802897,2.892197096365589e-07,0.0
CUST0348,32,907300,55750,771900,0.25,39.8,2655,41,0.0,0,2,4.1,201800,0,Medium_Risk,0.3947250755731704,-1.0158811819194493,Medium_Risk,0.98364740334213,0.016352596657870845,0.98364740334213,3.6241120396345667e-22
CUST0349,61,869100,40300,100100,0.46,32.4,1820,31,9.1,2,3,9.5,62400,0,Medium_Risk,-0.21136341611370774,-0.8582566911194863,Low_Risk,0.9057634396791601,0.0003413192048625472,0.9057634396791601,0.09389524111597808
CUST0350,59,1974900,59900,1619500,0.19,16.3,2768,15,0.0,0,2,16.7,925400,0,Medium_Risk,3.3238648972933187,-1.147425604071595,Low_Risk,0.8462881102778613,0.15371188972213798,0.8462881102778613,1.6767879469531568e-101
CUST0351,25,467400,21650,90400,0.44,45.5,4140,34,12.2,3,2,2.1,45700,2,High_Risk,-1.582764044773501,-0.6724058620927815,Medium_Risk,0.9837574812241962,2.2816338596388746e-06,0.016240237141944162,0.9837574812241962
CUST0352,49,2242300,108500,2512500,0.13,13.0,2460,38,0.0,1,2,14.2,1478200,1,Low_Risk,3.40600286801533,0.7024337003744073,Low_Risk,0.9999981615868615,0.9999981615868615,1.8384131376161883e-06,0.0
CUST0353,37,556200,30700,115800,0.69,78.6,1890,36,25.9,6,5,5.5,17200,2,High_Risk,-3.9923728538727072,1.4694502514809336,High_Risk,0.9998889081828861,2.983183760316439e-12,0.00011109181413050856,0.9998889081828861
CUST0354,32,760200,53950,346300,0.53,80.7,1544,19,21.3,3,4,2.6,97200,0,Medium_Risk,-2.398348253010109,0.7155973090631537,High_Risk,0.9979439645589401,3.3279088752050554e-05,0.9979439645589401,0.002022756352308232
CUST0355,33,1069300,51550,475200,0.37,39.9,4414,23,5.7,2,4,5.5,119600,2,High_Risk,-0.07013401867420851,-0.2943292119260578,Medium_Risk,0.5360777240055669,0.00031586873493264167,0.4636064072595008,0.5360777240055669
CUST0356,42,658000,20200,348000,0.64,53.0,3439,41,9.4,2,2,7.3,312600,0,Medium_Risk,-1.2925012486243879,-0.4940517916155517,Medium_Risk,0.9999872200909679,1.2767805578882002e-05,0.9999872200909679,1.2103453571094999e-08
CUST0357,30,351700,20950,56800,0.74,62.0,1840,41,12.2,3,5,5.3,30100,2,High_Risk,-3.278375331575288,0.0720599997870745,High_Risk,0.9998860680021748,1.0464915027792786e-10,0.00011393189317591552,0.9998860680021748
CUST0358,27,501100,18450,131300,0.38,62.2,2488,35,6.0,3,3,0.5,81400,2,High_Risk,-1.9463888320433782,-0.7392014455007955,Medium_Risk,0.9616601057133166,6.875436397227109e-06,0.03833301885028594,0.9616601057133166
CUST0359,46,276600,20450,31800,0.66,73.1,1507,33,18.2,2,2,22.4,12700,2,High_Risk,-1.7640468182564641,-0.959702995394272,High_Risk,0.9851149092256626,9.601990582934388e-07,0.01488413057527849,0.9851149092256626
CUST0360,61,1180700,60100,816000,0.44,63.3,2229,25,13.4,4,3,12.6,1292300,0,Medium_Risk,-0.049829971783750114,0.876122798257954,Medium_Risk,0.725935228343437,0.27406477165656157,0.725935228343437,4.938405537791028e-261
CUST0361,33,1353800,65350,715600,0.41,60.6,3373,41,4.3,3,3,1.5,198900,0,Medium_Risk,-0.7060650423901675,0.7323176107240141,Medium_Risk,0.9998382465195511,0.00016018668969843393,0.9998382465195511,1.5667907504926071e-06
CUST0362,34,492500,25700,180800,0.33,35.7,2174,24,6.6,3,3,2.5,105200,2,High_Risk,-1.01516636102334,-1.2351136806518996,Medium_Risk,0.9798860328129132,9.69370152416647e-06,0.02010427348556251,0.9798860328129132
CUST0363,31,1340500,84150,445400,0.55,30.4,5637,22,10.5,1,3,3.5,349200,0,Medium_Risk,0.48150708469218667,0.5058720712258645,Medium_Risk,0.9992645530821126,0.0007354468866363445,0.9992645530821126,3.125157942947486e-11
CUST0364,48,878300,26950,603800,0.48,63.2,2088,32,16.2,3,1,13.5,151300,0,Medium_Risk,-0.8709063318262287,-0.49581258990321975,Medium_Risk,0.9994758950749997,0.00039246646540795567,0.9994758950749997,0.0001316384595924342
CUST0365,40,293800,13800,37000,0.7,79.0,2764,34,10.5,1,4,7.9,4100,2,High_Risk,-2.377090176429154,-0.5889480406553458,Medium_Risk,0.9977423551839213,1.0681965775267912e-08,0.0022576341341125398,0.9977423551839213
CUST0366,45,500300,36150,49600,0.64,73.2,2221,34,19.3,6,5,10.1,9600,2,High_Risk,-3.1041597148236884,1.0224579443592434,High_Risk,0.9993682042601886,1.246175711222657e-10,0.0006317956151937847,0.9993682042601886
CUST0367,31,1217200,44750,840400,0.34,75.1,2861,20,11.7,3,2,9.0,229700,0,Medium_Risk,-0.5423335279783434,-0.06030508149325887,Medium_Risk,0.9979778523133895,0.0020221460492044012,0.9979778523133895,1.6374058397301558e-09
CUST0368,36,2106500,68400,4126400,0.07,14.4,4355,36,6.5,1,2,11.9,1921100,1,Low_Risk,3.1787104071916015,0.9197289932608057,Low_Risk,1.0,1.0,3.068793829772122e-27,0.0
CUST0369,41,603300,36500,126500,0.39,43.8,1672,29,6.2,3,2,1.2,44400,2,High_Risk,-0.9858267400349128,-0.9711206496002052,Medium_Risk,0.9939785462003665,7.195341049841478e-07,0.006020734265528299,0.9939785462003665
CUST0370,48,1861100,60900,1551800,0.22,40.7,3327,29,5.8,3,1,12.6,1436900,1,Low_Risk,1.8475469759103844,0.285974960817268,Low_Risk,0.9958298449256192,0.9958298449256192,0.00417015507438049,2.1433419541613322e-282
CUST0371,54,647700,27400,196100,0.42,49.8,3334,37,8.4,2,3,7.8,211700,0,Medium_Risk,-0.6370055209221288,-0.6549962260810064,Medium_Risk,0.9914515933615574,0.00035044671383459297,0.9914515933615574,0.008197959924608913
CUST0372,50,1269500,39450,700200,0.42,41.9,4610,39,18.5,1,1,14.3,315600,0,Medium_Risk,0.4632658309307398,-0.21220151409384652,Low_Risk,0.9925911446031043,0.007408855302497613,0.9925911446031043,9.439841416067064e-11
CUST0373,31,1858100,58150,1563900,0.3,42.4,6491,31,6.1,2,2,8.4,598200,0,Medium_Risk,1.3791543409407456,0.5223887440203131,Low_Risk,0.8355240910411971,0.16447590895880337,0.8355240910411971,8.55236424321514e-62
CUST0374,37,594900,24600,121300,0.42,37.0,3110,25,3.9,1,2,2.7,28200,2,High_Risk,-0.37276908491600647,-1.641307470575715,Medium_Risk,0.9907325008937661,1.746556351835824e-06,0.009265752549882232,0.9907325008937661
CUST0375,47,2107700,66000,1174000,0.2,11.9,3317,40,0.0,0,1,6.3,1536100,1,Low_Risk,2.631125225846746,-0.304720192951059,Low_Risk,0.9999494597231018,0.9999494597231018,5.054027689886579e-05,0.0
CUST0376,48,790900,32500,202700,0.72,52.5,2233,33,2.5,0,5,10.2,95200,2,High_Risk,-1.0653466784426704,-0.7320925153435809,Medium_Risk,0.9874711741058289,1.0460453607251313e-07,0.012528721289634769,0.9874711741058289
CUST0377,30,248500,14850,29000,0.8,75.1,1885,26,25.5,5,4,12.7,12400,2,High_Risk,-3.7722364145480802,0.3568086916255645,High_Risk,0.999978800976534,6.990607272860334e-13,2.119902276669528e-05,0.999978800976534
CUST0378,42,1177600,53400,600900,0.4,35.0,3565,27,4.6,3,1,2.9,811200,0,Medium_Risk,0.5023216173842532,-0.2899699812117687,Low_Risk,0.9999100524873572,8.994751264294694e-05,0.9999100524873572,1.2237784146492879e-88
CUST0379,48,811900,39250,352200,0.57,74.5,3767,30,9.8,3,4,16.9,109600,2,High_Risk,-1.0259837360040267,0.1083935561198082,Medium_Risk,0.9697982275967519,5.257640334452905e-06,0.030196514762913663,0.9697982275967519
CUST0380,42,599300,35900,129400,0.75,87.5,2332,44,21.1,4,4,3.0,107300,2,High_Risk,-3.5160749539100453,1.3489298704061174,High_Risk,0.9991188987723453,3.432036940068373e-11,0.0008811011933342204,0.9991188987723453
CUST0381,42,768800,28050,486300,0.57,65.7,1881,43,10.4,0,3,8.9,523300,0,Medium_Risk,-1.2748245720283775,-0.4262830140192814,Medium_Risk,0.999917205026079,8.279497392100283e-05,0.999917205026079,5.869545459616068e-34
CUST0382,46,1291800,36350,1170700,0.32,13.4,3070,37,0.0,0,2,14.5,1184200,0,Medium_Risk,1.761095033732931,-1.2747084452306428,Low_Risk,0.6576852438747987,0.34231475612520057,0.6576852438747987,1.5853974687015338e-195
CUST0383,44,400400,24600,45200,0.73,72.8,2469,42,16.9,6,4,1.4,60000,2,High_Risk,-3.6105250927202053,1.0312504629836354,High_Risk,0.9999041569523813,3.3280108756669424e-13,9.584304728615746e-05,0.9999041569523813
CUST0384,35,508500,32250,94100,0.73,86.2,1953,32,20.0,4,4,8.1,45300,2,High_Risk,-3.2822698990565957,0.7124189377669794,High_Risk,0.9996123402758935,7.282158298366638e-11,0.0003876596512848628,0.9996123402758935
CUST0385,30,374900,24350,33700,0.6,65.5,1903,33,21.1,5,4,3.0,10300,2,High_Risk,-3.4463846509108254,0.47491033605901534,High_Risk,0.9997871356690121,9.945951386282414e-11,0.00021286423152841504,0.9997871356690121
CUST0386,38,642000,37600,90500,0.7,55.1,3463,32,15.6,3,5,6.7,26000,2,High_Risk,-2.267961852492627,0.46931634711473486,High_Risk,0.9987416940033625,4.935722774727813e-09,0.0012583010609146605,0.9987416940033625
CUST0387,48,1239900,31350,1052000,0.17,29.1,3908,25,11.8,1,0,17.3,508800,0,Medium_Risk,1.8309257185030197,-1.4870357178639635,Low_Risk,0.9835685484406327,0.016431451559367632,0.9835685484406327,2.4837014062322163e-31
CUST0388,22,367800,21750,86900,0.51,79.5,2048,46,22.7,7,3,3.0,9800,2,High_Risk,-4.1166336871630635,1.0167347904733952,High_Risk,0.9999842655457296,1.0820886584087913e-13,1.573445416251064e-05,0.9999842655457296
CUST0389,49,697300,33550,139000,0.48,38.2,2028,30,11.4,3,3,6.4,73100,2,High_Risk,-1.0416729463701826,-0.6248851976730615,Medium_Risk,0.9918645090312874,6.443456724267698e-07,0.008134846623039935,0.9918645090312874
CUST0390,35,363200,19300,127500,0.76,93.3,1547,46,29.1,5,4,7.1,38700,2,High_Risk,-4.555235344671732,1.3609484691686444,High_Risk,0.9999689521640986,5.243012866258425e-13,3.104783537683194e-05,0.9999689521640986
CUST0391,66,1181300,54400,553600,0.32,31.4,3389,27,10.3,1,2,21.4,515500,0,Medium_Risk,1.7263547470681144,-0.8877837444350761,Low_Risk,0.9976308423155242,0.002369157684475242,0.9976308423155242,2.2842560122788112e-27
CUST0392,44,1429900,43500,2637500,0.25,25.4,3163,19,0.7,0,1,18.5,793200,1,Low_Risk,2.7387631124916187,-1.3948955575025632,Low_Risk,0.999999851277027,0.999999851277027,1.4872297373906495e-07,2.3296395213e-314
CUST0393,47,882000,30450,773200,0.42,57.8,4606,27,0.0,0,2,16.6,84200,0,Medium_Risk,0.9308233566935388,-1.4710277710270099,Medium_Risk,0.9982421314396064,0.0017578685603944289,0.9982421314396064,1.9475423594513977e-17
CUST0394,34,1695900,65350,1687000,0.23,48.8,3249,41,2.5,2,3,7.0,1878800,1,Low_Risk,0.9542305555044192,0.9401746670667583,Low_Risk,0.9999999076956978,0.9999999076956978,9.230430157693466e-08,0.0
CUST0395,46,787400,27050,287300,0.5,62.4,3459,43,12.5,2,3,10.1,62300,2,High_Risk,-1.2658772700533993,-0.1705885398850147,Medium_Risk,0.7196789212484208,0.0001489369129236392,0.28017214183865585,0.7196789212484208
CUST0396,51,2174700,76850,1620100,0.25,28.0,4917,45,0.0,0,3,13.6,3636100,1,Low_Risk,3.1258532230797926,1.3372713400734837,Low_Risk,1.0,1.0,6.043405861378568e-44,0.0
CUST0397,49,1037000,37350,749800,0.33,16.4,2938,39,7.7,2,3,12.3,886800,0,Medium_Risk,0.5347965458696466,-0.6113272760491477,Low_Risk,0.9729310810614948,0.02706891893850529,0.9729310810614948,5.34089423691099e-111
CUST0398,39,472700,31000,168100,0.42,73.7,2622,30,23.3,7,2,13.7,33200,2,High_Risk,-2.353982789136414,0.43902535487034966,High_Risk,0.9997684728664717,1.0268314557538239e-10,0.00023152703084490642,0.9997684728664717
CUST0399,30,1650000,34400,2175400,0.25,33.8,4182,26,7.9,2,1,6.0,798600,1,Low_Risk,1.1650692621661085,-0.27481198220309,Low_Risk,0.9819198718858515,0.9819198718858515,0.01808012811414785,1.7766561409240175e-163
CUST0400,37,1742700,54850,1093600,0.33,44.9,4407,27,1.9,0,1,3.3,2357600,1,Low_Risk,1.8335323627702822,0.09684121702093215,Low_Risk,0.9999999999999982,0.9999999999999982,1.3470556175816493e-15,0.0
CUST0401,45,1471500,31800,930700,0.1,23.7,2770,38,0.2,0,0,9.5,203100,0,Medium_Risk,1.8828564714370406,-1.93825768924623,Low_Risk,0.5603275642051205,0.4396724357948803,0.5603275642051205,2.093683191889625e-18
CUST0402,43,2271200,70400,4167400,0.18,18.4,3550,17,10.5,1,2,12.1,909500,1,Low_Risk,3.074609682557931,0.5802707164479237,Low_Risk,1.0,1.0,1.0652337292963574e-26,0.0
CUST0403,21,954600,60400,291400,0.58,83.4,4030,27,27.7,7,4,0.5,12600,2,High_Risk,-3.3883519539916183,2.340657841394154,High_Risk,0.8533279988409677,8.932970368572195e-10,0.14667200026573451,0.8533279988409677
CUST0404,26,604600,23750,241900,0.58,50.7,3584,44,8.4,3,4,3.4,111700,2,High_Risk,-2.222778853363149,-0.029914378922526488,Medium_Risk,0.9796633054263336,3.414156990521884e-07,0.020336353157967575,0.9796633054263336
CUST0405,37,789900,44550,201800,0.29,28.1,3527,33,0.1,0,1,11.2,43500,2,High_Risk,1.028742135712943,-1.9464010449851665,Medium_Risk,0.9286883389819901,0.00040386539198243007,0.07090779562602788,0.9286883389819901
CUST0406,24,587600,40350,126700,0.56,50.6,3540,19,17.8,6,5,2.6,49800,2,High_Risk,-2.676382283248178,0.7399191732134323,High_Risk,0.9979340523280323,7.515133698040931e-10,0.0020659469204541495,0.9979340523280323
CUST0407,44,857500,55200,170300,0.61,82.8,2639,27,12.9,5,2,4.6,102000,2,High_Risk,-1.8208090040251776,0.7515867455970853,High_Risk,0.9561168990610673,1.0233454881103225e-08,0.043883090705477766,0.9561168990610673
CUST0408,30,327000,18800,28200,0.82,95.0,1152,43,26.5,5,4,1.2,13300,2,High_Risk,-4.962232100588956,1.319643169231935,High_Risk,0.9999842973450471,2.323676682796435e-14,1.570265492939702e-05,0.9999842973450471
CUST0409,30,1153600,86950,374000,0.44,93.7,3192,34,22.8,6,3,3.1,156700,0,Medium_Risk,-2.3140205028453433,2.38459586304269,High_Risk,0.9999721416507802,2.305847920799618e-06,0.9999721416507802,2.5552501299400444e-05
CUST0410,43,1512400,33550,1814500,0.31,14.8,4551,26,0.0,0,1,12.4,2424700,1,Low_Risk,2.7375273644231757,-0.8506070443813082,Low_Risk,0.9999999999999787,0.9999999999999787,2.1813427939761438e-14,0.0
CUST0411,47,1190500,24800,1652000,0.47,55.0,2939,30,13.1,3,2,14.5,843500,0,Medium_Risk,-0.10905033024872256,0.0328759955044388,Low_Risk,0.7799268294086108,0.2200731705913886,0.7799268294086108,1.6819744710983543e-127
CUST0412,27,694400,34750,155700,0.47,41.8,2343,27,2.1,2,3,1.3,49400,2,High_Risk,-1.0737436412469565,-1.0691392376071494,Medium_Risk,0.9865636041156259,8.906044269969159e-07,0.013435505279947085,0.9865636041156259
CUST0413,43,399700,26900,30300,0.44,55.6,2558,37,11.5,4,3,8.5,4100,2,High_Risk,-1.7344727979385233,-0.4479805592183156,High_Risk,0.9943434701276304,7.75963747930122e-07,0.005655753908621735,0.9943434701276304
CUST0414,47,1672200,68250,1683300,0.24,12.3,6263,25,0.0,0,1,23.6,1590300,1,Low_Risk,3.925119845092502,-0.7325886636931993,Low_Risk,0.9999599691059816,0.9999599691059816,4.003089401803492e-05,0.0
CUST0415,59,856600,43650,333200,0.53,83.6,3982,35,18.3,4,3,13.4,149500,2,High_Risk,-1.303476381347177,0.866192946301952,Medium_Risk,0.8754332180850671,8.209831887577738e-06,0.12455857208304492,0.8754332180850671
CUST0416,42,548700,14550,562800,0.36,47.9,3151,36,4.3,0,2,21.6,576300,0,Medium_Risk,0.4140358200915782,-1.8877542180479316,Low_Risk,0.9709923805000228,0.029007619499976715,0.9709923805000228,3.776122351893181e-49
CUST0417,42,1650500,46500,2607000,0.07,36.0,2993,19,11.6,2,2,17.8,246000,1,Low_Risk,1.8818008768542773,-0.5269386886665951,Low_Risk,0.999680876124808,0.999680876124808,0.0003191238751916815,3.102748494783093e-299
CUST0418,39,798000,19650,499000,0.17,26.9,2577,47,0.0,0,0,8.0,231800,0,Medium_Risk,0.7909431218342474,-2.252738099111298,Low_Risk,0.99400446124338,0.00496912061579595,0.99400446124338,0.0010264181408244214
CUST0419,41,1213100,58000,691800,0.34,33.4,2813,28,10.7,2,1,10.3,2068700,1,Low_Risk,1.0119852921300267,-0.026141405967809117,Low_Risk,0.9999999999866329,0.9999999999866329,1.3367813113613067e-11,0.0
CUST0420,37,479400,22450,157000,0.41,62.2,2558,33,11.5,4,3,5.5,61600,2,High_Risk,-1.900209824487371,-0.40128471826197104,High_Risk,0.9980633554686823,2.1518361516101997e-07,0.0019364293477025067,0.9980633554686823
CUST0421,40,1294900,67500,1266200,0.38,36.6,2765,35,4.8,2,3,8.1,334500,0,Medium_Risk,0.3969625387043313,0.10949903523534397,Medium_Risk,0.9259059339705679,0.07409406602943157,0.9259059339705679,5.9320041655734415e-56
CUST0422,33,572800,26250,347600,0.54,48.8,2534,32,4.2,1,2,14.2,276700,0,Medium_Risk,-0.5505271038035174,-1.448774755687513,Medium_Risk,0.9996793037974985,0.00031790881010747507,0.9996793037974985,2.787392394107603e-06
CUST0423,50,4046500,127950,7740100,0.11,26.5,3076,34,3.1,1,1,7.9,7829500,1,Low_Risk,6.757034193652369,5.361260422111592,Low_Risk,1.0,1.0,2.2084781821035708e-228,0.0
CUST0424,31,270200,17300,50500,0.57,73.1,1200,33,19.6,4,2,1.9,22900,2,High_Risk,-3.152441634536553,-0.22620405473887265,High_Risk,0.9995283897462724,8.990057875948958e-10,0.0004716093547217546,0.9995283897462724
CUST0425,21,526500,30650,113900,0.64,59.4,2651,40,17.5,3,5,0.5,19800,2,High_Risk,-3.308543062165684,0.5787459976587851,High_Risk,0.999571098185451,1.666551140771774e-09,0.0004289001479978727,0.999571098185451
CUST0426,52,2476500,90300,2249800,0.24,21.3,4396,47,0.7,1,1,16.6,2227600,1,Low_Risk,3.5493408585453845,1.0800197884217202,Low_Risk,0.9999999998147437,0.9999999998147437,1.8525600412091187e-10,0.0
CUST0427,39,811400,35350,553800,0.44,55.5,2832,38,12.4,1,3,12.6,109900,0,Medium_Risk,-0.7815328714820391,-0.5051662956097729,Medium_Risk,0.9972332770534472,0.0004842891467271288,0.9972332770534472,0.0022824337998258335
CUST0428,34,440500,16550,188300,0.51,54.2,1844,26,8.7,1,2,3.1,114400,2,High_Risk,-1.3694468535413804,-1.4377370606788566,Medium_Risk,0.9920902867274601,7.564079578643741e-07,0.007908956864582019,0.9920902867274601
CUST0429,21,776500,44950,271800,0.23,38.4,4316,34,0.0,4,2,0.5,59400,2,High_Risk,-0.4585700946965547,-0.6711686026699111,Medium_Risk,0.9613564004961734,7.48709744755218e-06,0.03863611240637867,0.9613564004961734
CUST0430,48,1965100,97500,975900,0.34,46.4,5559,23,13.7,3,2,12.8,901800,0,Medium_Risk,1.7083089762257868,1.4060804747795475,Low_Risk,0.8004181161060991,0.1995818838939003,0.8004181161060991,2.157602896710908e-97
CUST0431,37,449800,29550,34100,0.58,65.8,2947,40,19.0,4,3,8.1,7900,2,High_Risk,-2.5318486772239623,0.28403596073255316,High_Risk,0.9988193157486903,7.445577052193927e-09,0.0011806768057326185,0.9988193157486903
CUST0432,34,677000,33050,493400,0.37,42.2,5142,29,6.2,1,2,14.4,215000,0,Medium_Risk,0.41307550661311665,-1.232566600161825,Medium_Risk,0.9889942542876304,0.011004756054389105,0.9889942542876304,9.896579797896236e-07
CUST0433,48,1791500,52000,2890700,0.05,17.5,7381,17,0.0,1,0,21.8,660900,1,Low_Risk,4.473916550326711,-1.0715291258640811,Low_Risk,0.999999999528157,0.999999999528157,4.718422412362443e-10,0.0
CUST0434,36,480700,31000,86800,0.69,55.6,1400,39,16.3,5,4,2.0,52900,2,High_Risk,-3.2521785848075613,0.538791486288029,High_Risk,0.9998091223651996,1.181490552694239e-11,0.0001908776229855395,0.9998091223651996
CUST0435,52,961900,50200,430900,0.35,47.2,1822,37,11.1,4,3,9.8,556600,0,Medium_Risk,-0.6112190774158069,0.16605738146932117,Medium_Risk,0.9994873853051798,0.0005126146948195405,0.9994873853051798,1.7038828376100754e-39
CUST0436,37,1059400,55750,378400,0.28,38.7,4051,39,6.9,3,4,3.4,327700,0,Medium_Risk,-0.4222090331579398,0.2760198524819524,Medium_Risk,0.9992630366427265,0.0007369630832794444,0.9992630366427265,2.739942552986503e-10
CUST0437,50,3401100,131650,4340600,0.05,5.0,5194,22,0.0,0,1,16.6,1938400,1,Low_Risk,6.154331334979292,1.5810127976845685,Low_Risk,1.0,1.0,2.241279525190805e-19,0.0
CUST0438,39,832600,28150,581500,0.51,53.2,4043,41,6.0,3,4,8.4,180200,0,Medium_Risk,-1.1941354131316426,-0.0040550495209011805,Medium_Risk,0.9997746715848478,0.00014383008940157047,0.9997746715848478,8.149832575119151e-05
CUST0439,35,877100,41600,268000,0.32,21.2,1240,28,13.5,5,2,0.5,64500,0,Medium_Risk,-1.1418604177954632,-0.4806701994059987,Medium_Risk,0.5072494957435886,1.4950715002134286e-05,0.5072494957435886,0.4927355535414094
CUST0440,48,659200,41250,74700,0.8,88.7,2710,40,24.1,6,6,11.7,34800,2,High_Risk,-3.7841586933471705,2.0325998982196363,High_Risk,0.9997179711889651,3.456811337161186e-12,0.0002820288075776307,0.9997179711889651
CUST0441,34,1939900,46000,3821500,0.22,41.4,3950,30,7.6,1,0,12.4,971300,1,Low_Risk,2.3169652008433173,0.10220089680083837,Low_Risk,1.0,1.0,2.7991214231324133e-20,0.0
CUST0442,48,1014200,47150,1089900,0.43,52.5,1887,43,9.7,2,4,17.9,452300,0,Medium_Risk,-0.41938304526822195,0.08123467053445388,Medium_Risk,0.9986496350906746,0.0013503649093261638,0.9986496350906746,9.14186738896805e-41
CUST0443,28,2009900,87850,2894200,0.14,23.7,5032,31,0.0,0,1,15.9,397200,1,Low_Risk,3.292849427059166,-0.15974525537656062,Low_Risk,0.9999999993335393,0.9999999993335393,6.664598611308429e-10,0.0
CUST0444,36,396400,26900,46600,0.78,76.3,1172,39,18.7,2,3,3.6,93400,2,High_Risk,-3.1975662318838842,0.12762320758052498,High_Risk,0.9994163177207923,1.460855956511174e-10,0.0005836821331224779,0.9994163177207923
CUST0445,49,1580100,52500,1425900,0.33,51.7,4423,37,6.2,0,2,17.6,272800,0,Medium_Risk,1.5020533553187383,-0.32397444297372324,Low_Risk,0.9771201615138162,0.022879838486184103,0.9771201615138162,4.496932265678041e-48
CUST0446,37,694900,42650,176300,0.3,57.6,2674,47,9.8,2,3,2.3,64000,2,High_Risk,-1.3275448646050239,-0.16340537077790096,Medium_Risk,0.9859349751383122,9.101403041578122e-06,0.014055923458646006,0.9859349751383122
CUST0447,30,691700,26400,252600,0.34,38.9,2102,18,13.5,2,1,2.0,122600,2,High_Risk,-0.6984348892927862,-1.4065323787501602,Low_Risk,0.9590420272953087,3.248795588232276e-05,0.04092548474880862,0.9590420272953087
CUST0448,37,897700,36100,307100,0.5,36.0,3238,28,5.7,2,5,0.5,263500,0,Medium_Risk,-1.0749730353660731,-0.25387621859564724,Medium_Risk,0.9999586545677989,3.800684186633355e-05,0.9999586545677989,3.338590334991938e-06
CUST0449,51,655500,29250,598300,0.32,52.6,2505,42,1.9,0,2,26.4,63900,0,Medium_Risk,0.7621288374866446,-1.887569885833972,Medium_Risk,0.9962736708064731,0.0037262829855995686,0.9962736708064731,4.620792763945291e-08
CUST0450,31,721900,54300,144300,0.51,56.2,2905,49,16.6,5,6,7.6,19100,2,High_Risk,-2.825053633452217,1.408967114923136,High_Risk,0.9880504218634905,1.2076500614211392e-07,0.011949457371503169,0.9880504218634905
CUST0451,34,2118800,72750,1701400,0.37,52.1,5609,36,11.2,3,3,1.2,3695500,1,Low_Risk,1.0520110947944168,2.8346881481590023,Low_Risk,1.0,1.0,4.9413382401929424e-48,0.0
CUST0452,50,3640400,140300,6345800,0.24,13.6,5844,18,0.0,2,3,10.4,10964300,1,Low_Risk,7.456678128242124,6.298461165148032,Low_Risk,1.0,1.0,0.0,0.0
CUST0453,27,1505100,54800,1806200,0.08,29.3,6954,30,1.7,1,2,7.5,480900,1,Low_Risk,2.1092551350543283,-0.352641341387416,Low_Risk,0.8791982324506594,0.8791982324506594,0.12080176754934167,4.1489980848383406e-111
CUST0454,30,633400,28700,212800,0.35,52.4,4604,41,6.5,3,3,4.7,52500,2,High_Risk,-1.1607672374443778,-0.39166945328272335,Medium_Risk,0.9724549124710204,2.1164298703044598e-05,0.02752392323027688,0.9724549124710204
CUST0455,35,378300,23850,49400,0.79,75.6,1617,32,29.2,5,5,2.9,32500,2,High_Risk,-4.371050716608975,1.2480327569938214,High_Risk,0.9999799286617785,2.761096877219363e-13,2.0071337945557343e-05,0.9999799286617785
CUST0456,36,1327900,73500,353900,0.54,94.4,2922,44,27.5,7,4,4.1,84200,0,Medium_Risk,-3.201823935762973,3.010821393637227,High_Risk,0.9604203785040145,2.5857939249085585e-07,0.9604203785040145,0.03957936291659244
CUST0457,32,707200,45650,244100,0.51,85.6,3924,40,23.1,4,3,13.9,28500,2,High_Risk,-2.2519158199496236,0.995598359029334,High_Risk,0.9940790703734403,1.4884638772325945e-07,0.005920780780171488,0.9940790703734403
CUST0458,57,1210700,35150,1053400,0.31,35.9,4113,30,6.4,1,1,20.5,559600,0,Medium_Risk,1.7891217819345808,-1.2008494429343617,Low_Risk,0.9916855736549993,0.008314426345000445,0.9916855736549993,6.544875810613546e-38
CUST0459,55,3289000,184200,3308500,0.2,40.5,3742,30,2.0,1,1,13.5,5742500,1,Low_Risk,5.775987811497793,4.282970751712733,Low_Risk,1.0,1.0,3.032500229708625e-108,0.0
CUST0460,50,2673200,87350,2267600,0.24,34.0,3293,22,0.9,0,1,12.2,543400,1,Low_Risk,3.368659605924435,0.07453867190844535,Low_Risk,0.999982782660962,0.999982782660962,1.7217339037901535e-05,1.829658933571999e-122
CUST0461,29,277600,19600,20800,0.9,86.8,2066,38,24.1,6,6,0.5,27600,2,High_Risk,-5.239009683386934,1.7096102905888262,High_Risk,0.9999857037501679,6.554666001581233e-16,1.4296249831645287e-05,0.9999857037501679
CUST0462,51,1717300,36550,2408700,0.06,28.2,3325,44,5.8,0,0,12.5,514900,1,Low_Risk,2.410839030189685,-0.942981719803926,Low_Risk,0.9999390329499849,0.9999390329499849,6.096705001378797e-05,3.273518936692281e-200
CUST0463,42,240200,16700,28600,0.62,56.5,1544,32,8.3,5,4,4.2,25300,2,High_Risk,-2.7076968498308527,-0.3830422181776336,High_Risk,0.9991515292437391,4.2358787350605063e-10,0.0008484703326731896,0.9991515292437391
CUST0464,47,1657600,71050,806700,0.32,29.4,3197,31,2.6,0,2,11.3,655000,0,Medium_Risk,1.8041337216557638,-0.51907702245833,Low_Risk,0.9850437439492503,0.014956256050749758,0.9850437439492503,6.247357628845191e-46
CUST0465,31,1793100,37350,5979000,0.05,29.4,2671,38,16.4,0,0,6.1,1335400,1,Low_Risk,2.305991057287165,0.5882606571269522,Low_Risk,1.0,1.0,9.70638410752384e-93,0.0
CUST0466,34,1753500,71600,2624500,0.14,36.6,5351,17,7.6,3,1,8.4,2111100,1,Low_Risk,2.517803223661294,0.8761478800540011,Low_Risk,1.0,1.0,2.331154129737339e-16,0.0
CUST0467,43,922500,40400,450400,0.57,75.5,3131,36,7.6,4,5,10.3,39800,0,Medium_Risk,-1.8095289259109408,0.6535444626518916,Medium_Risk,0.9206152051310332,2.634836581667579e-05,0.9206152051310332,0.07935844650314974
CUST0468,26,633300,38300,284400,0.47,53.0,1713,34,14.7,3,2,4.6,52300,2,High_Risk,-1.8278368344874503,-0.36811626266088804,Medium_Risk,0.9496118074865036,2.5468598343098623e-06,0.05038564565366229,0.9496118074865036
CUST0469,45,1203900,48800,1466100,0.24,32.4,2980,27,5.8,2,4,14.6,183800,0,Medium_Risk,0.8187519685228217,-0.5147886620527227,Medium_Risk,0.9179413399722015,0.08205866002779794,0.9179413399722015,2.9425259545315613e-82
CUST0470,38,1361000,86350,665500,0.3,56.4,3212,32,5.6,1,2,10.8,384400,0,Medium_Risk,0.8716350158545453,0.08658695090303668,Medium_Risk,0.983416146141705,0.0165838538582942,0.983416146141705,1.1408470164970359e-15
CUST0471,48,2120700,88300,2549000,0.16,29.3,3484,32,3.9,0,0,15.7,1456000,1,Low_Risk,3.5585402300249247,0.14142749991280681,Low_Risk,0.9999816139053823,0.9999816139053823,1.838609461794357e-05,0.0
CUST0472,34,685900,44850,168600,0.42,60.0,2942,33,7.8,4,3,8.3,41600,2,High_Risk,-1.3120226049885626,-0.1517965575201238,High_Risk,0.9902110652301818,1.0700347473661758e-06,0.00978786473507075,0.9902110652301818
CUST0473,39,634700,31200,121000,0.59,62.7,4004,42,10.8,3,5,4.3,55000,2,High_Risk,-2.226442721561029,0.4845443760317155,High_Risk,0.9945330076231121,8.353497391521547e-08,0.005466908841913913,0.9945330076231121
CUST0474,48,911700,57150,66600,0.59,73.1,3238,38,19.4,4,3,1.7,27800,2,High_Risk,-2.086734635879637,1.2541299771313654,High_Risk,0.9255015935596181,8.058035019674563e-08,0.07449832586003172,0.9255015935596181
CUST0475,34,280900,13800,34500,0.56,73.0,990,35,17.5,4,3,0.5,5900,2,High_Risk,-3.334636822042136,-0.1565117861294496,High_Risk,0.9993205158934835,3.684994693060811e-09,0.0006794804215219881,0.9993205158934835
CUST0476,22,653900,27350,375300,0.34,55.5,3529,43,16.2,1,0,15.3,73500,2,High_Risk,-0.6466703548781445,-1.13994855503702,Medium_Risk,0.988821862284141,1.6534333730512543e-05,0.011161603382128193,0.988821862284141
CUST0477,53,1178000,42150,701600,0.18,11.5,3524,34,0.0,0,2,13.4,714900,0,Medium_Risk,2.0913538019507145,-1.6220832257854991,Low_Risk,0.9964150656313182,0.003584934368681915,0.9964150656313182,5.9182994981978375e-64
CUST0478,48,740000,37100,179800,0.5,84.6,2891,34,14.7,1,3,12.9,35400,2,High_Risk,-1.2161301958516415,-0.18446390543801577,Medium_Risk,0.987432010355197,2.235509424536329e-06,0.012565754135378799,0.987432010355197
CUST0479,48,2296500,64850,3914500,0.28,24.6,4978,31,0.0,0,1,17.2,2445000,1,Low_Risk,4.0387929714054875,0.6406956785145493,Low_Risk,1.0,1.0,1.5677338312683822e-24,0.0
CUST0480,38,2146500,74800,2447900,0.13,23.3,3454,29,0.0,0,1,12.2,613900,1,Low_Risk,3.0631728019231215,-0.44704240226520936,Low_Risk,0.9885056046381488,0.9885056046381488,0.011494395361850476,7.20038736629574e-179
CUST0481,32,1647300,43800,2430400,0.09,25.3,3272,39,2.1,2,1,6.7,406400,1,Low_Risk,1.5344739473046776,-0.530131387246653,Low_Risk,0.9997756552868479,0.9997756552868479,0.0002243447131519961,2.469777392080755e-227
CUST0482,57,1958700,64100,1373900,0.33,46.3,4240,40,0.0,0,2,13.1,4808500,1,Low_Risk,2.9725842871254757,1.3310687691795113,Low_Risk,1.0,1.0,9.089214300165085e-87,0.0
CUST0483,43,1009500,54650,241400,0.29,31.9,3853,27,2.4,0,0,18.4,142900,0,Medium_Risk,1.877958018586703,-1.9287813889354977,Low_Risk,0.9427539236314161,0.03591925659771721,0.9427539236314161,0.021326819770865865
CUST0484,42,508800,37700,107500,0.6,82.5,1406,37,15.6,3,3,5.0,109100,2,High_Risk,-2.5552516399848035,0.2760738121745753,High_Risk,0.9126180051245373,2.482417327910662e-07,0.08738174663373005,0.9126180051245373
CUST0485,54,1778500,55800,2940100,0.37,50.7,2548,26,16.6,3,2,20.5,2564200,1,Low_Risk,1.6111872249420702,1.395316195827307,Low_Risk,1.0,1.0,3.439037229332044e-19,0.0
CUST0486,27,219200,16550,21700,0.84,94.7,1734,42,22.7,5,4,2.8,12400,2,High_Risk,-4.804247113984393,1.0840008018492706,High_Risk,0.9999686157009584,1.8305515601302358e-14,3.1384299023378795e-05,0.9999686157009584
CUST0487,34,1624800,42850,2776500,0.09,15.5,2978,37,0.3,0,1,3.4,1106200,1,Low_Risk,2.1804293606055567,-0.7610248085456631,Low_Risk,0.9999999968514235,0.9999999968514235,3.1485772236452984e-09,0.0
CUST0488,50,3426000,178200,1980900,0.22,14.1,4611,21,0.0,0,1,7.5,5172600,1,Low_Risk,5.952372088141734,3.2593562192114147,Low_Risk,1.0,1.0,9.728665245289874e-88,0.0
CUST0489,34,1462800,78250,389300,0.22,32.6,4746,31,6.6,2,3,4.0,120400,0,Medium_Risk,0.7437077356144793,0.1737420347951494,Medium_Risk,0.9888944042078613,0.010202368455048866,0.9888944042078613,0.0009032273370897301
CUST0490,61,1809800,86000,678300,0.33,34.7,3235,30,9.8,1,0,14.8,635100,0,Medium_Risk,2.275208921156,-0.11565242896285619,Low_Risk,0.9764415151087655,0.02355848489123498,0.9764415151087655,3.734421163479647e-44
CUST0491,43,1093300,47650,701800,0.26,44.0,1321,20,6.1,5,1,0.5,528700,0,Medium_Risk,-0.16972876974172985,-0.4239394260296728,Medium_Risk,0.9999363641423314,6.363585766900482e-05,0.9999363641423314,3.945039646906012e-29
CUST0492,36,646800,38450,245200,0.63,75.2,3061,30,17.1,4,5,10.7,54300,2,High_Risk,-2.511904463355358,0.7434731967352067,High_Risk,0.996964976949115,1.6185265877657798e-08,0.003035006865619005,0.996964976949115
CUST0493,27,213800,13900,18000,0.6,59.9,1419,40,13.9,2,3,7.7,4800,2,High_Risk,-2.6974702872559257,-0.8524244427883245,High_Risk,0.9991534646536318,3.9384537665963706e-08,0.0008464959618306014,0.9991534646536318
CUST0494,30,768700,42550,175200,0.56,56.3,2466,29,18.9,2,2,6.0,101000,2,High_Risk,-1.5946590415889,-0.16798861325782016,Medium_Risk,0.9931753824973618,3.794840057997515e-07,0.006824238018631898,0.9931753824973618
CUST0495,45,685200,30600,257700,0.48,35.9,1748,30,11.7,2,2,1.1,418200,0,Medium_Risk,-0.9429616187129302,-0.7916608699852705,Medium_Risk,0.9999703075993305,2.9692400669998207e-05,0.9999703075993305,3.1010214373048174e-20
CUST0496,60,2042600,59350,1064200,0.1,13.2,3863,25,0.0,0,1,18.7,127600,1,Low_Risk,3.5238476418259923,-1.5408933720576738,Low_Risk,0.9971536635085687,0.9971536635085687,0.0028463364914318445,5.237858529889826e-37
CUST0497,38,1100200,68600,201800,0.66,71.3,3217,40,14.5,3,4,1.3,195200,0,Medium_Risk,-2.0188290539211255,1.4836414473728727,High_Risk,0.9887251482468042,1.145194369124866e-06,0.9887251482468042,0.011273706558826218
CUST0498,25,1753300,77450,1962600,0.11,31.9,5153,41,0.0,0,1,9.1,316200,1,Low_Risk,2.2807455425809877,-0.24182931929654877,Low_Risk,0.868585365943382,0.868585365943382,0.1314146340566186,5.097094789162035e-137
CUST0499,45,1665100,59450,3117200,0.53,67.8,3780,32,13.2,3,4,15.4,1076500,1,Low_Risk,0.2380594002063307,1.8867086784262181,Medium_Risk,0.999999999998586,0.999999999998586,1.4135241814524993e-12,0.0
CUST0500,42,1106100,46400,480800,0.42,51.6,2927,35,13.1,4,4,0.5,113200,0,Medium_Risk,-1.4697628886087122,0.7051857981002073,Medium_Risk,0.9506249433489721,0.00010164962968725602,0.9506249433489721,0.049273407021341156
CUST0501,26,328900,15500,97800,0.61,70.3,1497,42,15.5,1,2,1.7,32700,2,High_Risk,-2.7675528411090626,-0.6811628099468323,High_Risk,0.9995662039690898,1.0248853332261054e-08,0.0004337857820571079,0.9995662039690898
CUST0502,55,1891300,41650,2509300,0.27,41.1,3495,36,5.7,0,0,20.8,1950100,1,Low_Risk,2.8958683510471555,-0.2935075229352208,Low_Risk,0.9999999851966184,0.9999999851966184,1.4803381724610515e-08,0.0
CUST0503,48,615800,41850,54200,0.68,63.8,2735,24,17.3,5,5,1.4,15600,2,High_Risk,-2.6650150720718293,0.9329259396342698,High_Risk,0.9970036481907302,3.227538605580326e-10,0.002996351486515764,0.9970036481907302
CUST0504,40,486200,28750,81300,0.69,67.3,2417,56,17.4,4,4,9.2,12100,2,High_Risk,-3.165193173425521,0.7703829230465012,High_Risk,0.9997521808916956,4.470239366708113e-10,0.00024781866128035655,0.9997521808916956
CUST0505,34,1265700,53750,1120400,0.24,51.5,1553,50,6.6,0,0,3.6,266300,0,Medium_Risk,0.24746475332216408,-0.6321185315152792,Medium_Risk,0.9753200955803325,0.02467990441966803,0.9753200955803325,1.2800642434092286e-30
CUST0506,49,1963100,74800,2141600,0.44,33.5,3435,21,8.0,2,3,11.1,1343500,1,Low_Risk,1.6881506274149405,0.9461708553785164,Low_Risk,0.9824601854471146,0.9824601854471146,0.01753981455288466,6.844837576287235e-270
CUST0507,57,2104100,83500,1273900,0.47,44.1,5774,16,3.7,2,3,8.8,3713600,1,Low_Risk,2.681030282977356,1.9012248515424215,Low_Risk,1.0,1.0,9.607919266696412e-44,0.0
CUST0508,46,734600,40100,392300,0.32,39.6,1820,20,4.7,3,2,15.1,117500,2,High_Risk,0.2768294302697903,-1.4627068872539333,Medium_Risk,0.5294923785838296,0.0012443712821540922,0.4692632501340168,0.5294923785838296
CUST0509,47,1237400,40700,515900,0.19,16.6,5790,22,3.0,0,1,12.8,416100,0,Medium_Risk,2.4345192771618027,-1.7353037156078959,Low_Risk,0.9922765187606382,0.007723481239361084,0.9922765187606382,6.60322285872505e-22
CUST0510,28,1389500,60350,1001600,0.05,14.8,3528,44,0.0,0,2,9.4,364100,0,Medium_Risk,1.6656012864122491,-1.1046392795067859,Low_Risk,0.9981040721976793,0.0018959278023173817,0.9981040721976793,3.761036376588288e-15
CUST0511,52,1343300,61450,1387600,0.3,26.8,3751,20,3.4,1,3,19.0,563600,0,Medium_Risk,2.0723362396661122,-0.7452866074783671,Medium_Risk,0.9401722778511936,0.059827722148806245,0.9401722778511936,1.7696994692800305e-66
CUST0512,27,665100,32900,200300,0.59,80.6,1793,23,22.0,5,5,0.5,68000,2,High_Risk,-3.564658108267399,1.0267452704198634,High_Risk,0.9974609544612825,3.831414606105567e-09,0.0025390417073028527,0.9974609544612825
CUST0513,36,1334300,37200,1212300,0.34,11.2,4512,27,0.0,0,2,10.8,665300,0,Medium_Risk,1.7685871826566613,-1.3799529565120707,Low_Risk,0.9941996571993674,0.005800342800632948,0.9941996571993674,8.496504885112015e-57
CUST0514,44,1018800,32700,956700,0.19,27.7,2583,34,4.0,0,1,19.2,365800,0,Medium_Risk,1.556286710337003,-1.968100933101572,Low_Risk,0.99653275985709,0.0034672401429103484,0.99653275985709,1.8794493877251e-18
CUST0515,34,439800,26100,108100,0.65,83.6,1979,46,26.5,5,4,3.7,9800,2,High_Risk,-4.097804410839918,1.294682507131626,High_Risk,0.9998738690537634,1.839210597610971e-11,0.00012613092784456543,0.9998738690537634
CUST0516,48,1956300,64250,2464100,0.45,35.5,4618,37,9.8,1,1,17.2,545700,1,Low_Risk,1.9599074024522307,0.4763893120368328,Low_Risk,0.9999935811781654,0.9999935811781654,6.418821836313416e-06,8.836909588992988e-220
CUST0517,49,2739800,75100,3678900,0.09,13.5,7095,38,0.0,0,1,16.9,437700,1,Low_Risk,4.5867274635504725,0.3643753724624168,Low_Risk,1.0,1.0,4.2861412588405134e-16,0.0
CUST0518,40,1323900,65250,608400,0.39,26.7,3533,26,0.0,0,2,10.2,490200,0,Medium_Risk,1.4954299712490338,-0.9876826606559517,Medium_Risk,0.9983331253105138,0.0016668746894863099,0.9983331253105138,1.317857409129972e-22
CUST0519,21,311500,18250,74000,0.66,84.9,1590,46,16.7,3,4,3.6,16600,2,High_Risk,-3.900178279983077,0.32065917559031965,High_Risk,0.9997764639811151,2.054743859081376e-10,0.00022353581341069863,0.9997764639811151
CUST0520,39,1359000,88550,757300,0.39,58.2,3330,34,20.5,3,3,10.7,149800,0,Medium_Risk,-0.4465763291202397,1.3522661807731795,Medium_Risk,0.9974220559266638,0.002577944073335838,0.9974220559266638,4.2471083570866294e-16
CUST0521,31,1803900,48450,4471200,0.29,36.5,3851,27,8.0,1,2,15.6,725300,1,Low_Risk,2.0219076628661874,0.3562123386429897,Low_Risk,1.0,1.0,2.5690722821759038e-37,0.0
CUST0522,21,775000,51050,364100,0.53,68.2,2709,45,13.7,1,2,6.8,261900,0,Medium_Risk,-1.6283861945955644,0.10486896747257288,High_Risk,0.9998939861350651,0.00010067110847305119,0.9998939861350651,5.3427564613110214e-06
CUST0523,29,608600,26900,284100,0.41,37.2,1624,35,7.1,2,3,1.5,116300,2,High_Risk,-1.4105113117043118,-1.0087919062624489,Medium_Risk,0.9836785502125234,4.098418637898831e-06,0.016317351368838634,0.9836785502125234
CUST0524,44,619100,16550,502900,0.13,16.6,2479,39,0.0,0,0,18.6,119300,0,Medium_Risk,1.5314803370101746,-3.0180840481803655,Low_Risk,0.9300169305068617,0.012209069003014985,0.9300169305068617,0.0577740004901237
CUST0525,33,1172300,72150,398000,0.52,75.2,4002,36,9.0,4,3,5.5,122900,0,Medium_Risk,-1.212244249070045,1.1658148117605167,High_Risk,0.9074143650428803,2.873563893338178e-05,0.9074143650428803,0.0925568993181854
CUST0526,40,1738700,57650,2684600,0.05,7.1,2696,8,0.0,0,0,16.8,547400,1,Low_Risk,3.8297954707279427,-1.9315768574678929,Low_Risk,0.9999935384369769,0.9999935384369769,6.461563023688965e-06,1.9965887953409037e-288
CUST0527,54,1537000,43600,2090100,0.12,19.8,3050,40,0.0,0,0,19.1,851800,1,Low_Risk,2.9996105353789164,-1.4309878861278016,Low_Risk,0.9087915705908101,0.9087915705908101,0.09120842940919022,3.78913081863512e-160
CUST0528,31,453800,35900,25200,0.77,87.1,3953,44,21.6,6,5,4.1,34400,2,High_Risk,-4.114493496244749,1.8917851097623377,High_Risk,0.9993374112540474,1.876706232300118e-12,0.000662588744076325,0.9993374112540474
CUST0529,42,2636900,77500,4171600,0.3,42.4,4533,27,0.0,0,2,12.8,1926900,1,Low_Risk,3.5140577604894148,1.2736607465225325,Low_Risk,1.0,1.0,8.69573929800796e-21,0.0
CUST0530,49,989800,39650,383500,0.24,29.0,2796,35,0.0,0,0,11.5,598100,0,Medium_Risk,1.6051755736657642,-1.9423411691616652,Low_Risk,0.9977176491072772,0.0022823508927229713,0.9977176491072772,2.495130323953474e-50
CUST0531,48,1604700,63600,1260600,0.22,31.2,3197,31,3.9,1,1,15.3,417900,0,Medium_Risk,2.053307275654147,-0.755807668049987,Low_Risk,0.9814414724553706,0.018558527544629177,0.9814414724553706,3.783725444334567e-30
CUST0532,32,863100,43300,406400,0.42,53.0,3088,39,14.6,2,2,5.6,118300,2,High_Risk,-1.0934748072601967,-0.12595984312802647,Medium_Risk,0.9087314090755149,2.1300139059166003e-05,0.09124729078542611,0.9087314090755149
CUST0533,35,827300,34900,509500,0.44,51.2,2121,33,6.6,2,4,2.5,704900,0,Medium_Risk,-1.190329303382884,-0.19610933170358832,Medium_Risk,0.9990297074628686,0.000970292537131283,0.9990297074628686,1.0923634967793886e-73
CUST0534,50,5000000,160950,11293400,0.11,20.0,10053,22,0.0,0,0,11.0,11577400,1,Low_Risk,11.116966750721703,8.231410963103345,Low_Risk,1.0,1.0,0.0,0.0
CUST0535,41,875800,43700,199900,0.53,55.3,7602,30,11.6,6,4,4.9,59900,0,Medium_Risk,-1.1976145093653352,1.1673583970526369,Medium_Risk,0.9722328000809894,7.537434644609496e-05,0.9722328000809894,0.02769182557256618
CUST0536,44,1167300,34100,1523900,0.19,12.8,2899,27,0.0,0,2,17.8,1704300,1,Low_Risk,2.3724006547863796,-1.5611797114711286,Low_Risk,0.999993981716802,0.999993981716802,6.018283198446957e-06,0.0
CUST0537,41,513900,15600,197800,0.22,25.1,2414,11,3.6,0,1,9.4,88900,2,High_Risk,0.9400950243744337,-2.993123549243651,Low_Risk,0.9814548392683762,0.000125282796148847,0.01841987793547475,0.9814548392683762
CUST0538,44,1131600,47100,527600,0.34,15.1,2029,24,0.0,1,2,4.3,995900,0,Medium_Risk,1.0702660257738665,-1.2802438974205037,Low_Risk,0.9955029237678369,0.004497076232163524,0.9955029237678369,1.0414623906727697e-155
CUST0539,45,512900,34400,57800,0.5,95.0,1292,45,24.4,6,2,3.9,27500,2,High_Risk,-3.426605364194997,1.1237523783575496,High_Risk,0.9997936961231336,5.443146789761627e-11,0.0002063038224350057,0.9997936961231336
CUST0540,41,1015400,46600,729900,0.5,69.1,3192,42,16.5,6,5,7.5,149500,0,Medium_Risk,-2.3497719405844077,1.6534041387572134,Medium_Risk,0.999997423479747,2.5759427549532056e-06,0.999997423479747,5.774980810496672e-10
CUST0541,36,2977300,62050,6172700,0.16,39.9,7987,37,0.0,1,2,3.1,604400,1,Low_Risk,3.643292505708185,2.027743640952355,Low_Risk,1.0,1.0,1.3730495265169919e-81,0.0
CUST0542,39,1253100,76050,638400,0.42,92.4,3256,30,16.4,5,1,3.4,853400,0,Medium_Risk,-1.0308039503627795,1.6731833203873927,Medium_Risk,0.9996412080269617,0.0003587919730390581,0.9996412080269617,7.808828685565861e-104
CUST0543,52,1054300,68900,269900,0.45,76.2,1835,23,11.1,3,1,9.6,362800,0,Medium_Risk,-0.23320907719352152,0.08021986226933345,Medium_Risk,0.9998018607473238,0.00019813925267122396,0.9998018607473238,5.3903510372854495e-15
CUST0544,64,814000,26100,421600,0.22,35.1,3227,29,2.2,1,1,22.1,203500,0,Medium_Risk,1.7384592447064002,-2.2013513683407884,Low_Risk,0.9194778211223557,0.010729832669476032,0.9194778211223557,0.06979234620816814
CUST0545,36,1594600,54000,1450300,0.27,44.5,3381,37,7.9,1,1,5.0,554000,0,Medium_Risk,0.8362607492786397,-0.07566758796582229,Medium_Risk,0.9693544950383352,0.030645504961664426,0.9693544950383352,2.6880130759047774e-54
CUST0546,33,818200,58450,114800,0.42,57.9,2070,43,18.7,3,2,0.5,81100,2,High_Risk,-1.8471021943683008,0.527046498817692,High_Risk,0.8592560713701207,9.662801423355945e-06,0.14073426582845636,0.8592560713701207
CUST0547,40,1396200,49300,1016200,0.25,27.0,3313,22,7.8,0,0,11.3,681000,0,Medium_Risk,1.8910163255933814,-1.3377129199748425,Low_Risk,0.9946568240202566,0.005343175979742938,0.9946568240202566,1.537802046955569e-50
CUST0548,62,2735100,80350,2034900,0.31,30.1,3352,31,1.8,1,2,10.9,2797300,1,Low_Risk,3.322428133846478,1.293790667770173,Low_Risk,1.0,1.0,3.1447235649531923e-21,0.0
CUST0549,50,659900,41900,248700,0.39,72.7,1565,38,6.9,4,1,6.1,190600,0,Medium_Risk,-1.090244321543468,-0.34496466683781113,Medium_Risk,0.8098902181374197,6.0001136763956324e-05,0.8098902181374197,0.19004978072581616
CUST0550,51,912000,40450,643100,0.3,47.0,1716,18,7.8,1,1,18.1,507500,0,Medium_Risk,1.0559047548510294,-1.6217945282404653,Medium_Risk,0.9957828247862355,0.004217175213763727,0.9957828247862355,2.275724104283448e-28
CUST0551,41,1756900,63150,1507700,0.08,5.0,3377,25,0.0,0,1,6.1,792700,0,Medium_Risk,2.8550962255134755,-1.1709116050381354,Low_Risk,0.9890472158257804,0.010952784174219311,0.9890472158257804,2.5547409010490315e-78
CUST0552,48,1087100,57350,506500,0.46,60.1,2197,37,14.4,4,4,5.5,223400,0,Medium_Risk,-1.427748682398715,0.9577998248861934,Medium_Risk,0.9850789971561853,3.4283431365555015e-05,0.9850789971561853,0.014886719412448833
CUST0553,39,596000,38500,141200,0.65,75.8,2629,46,16.2,4,3,10.5,130300,2,High_Risk,-2.5222269831439887,0.6636738831959468,High_Risk,0.986786817987821,1.8402397386612356e-08,0.01321316360978172,0.986786817987821
CUST0554,48,2763000,57550,10134400,0.16,5.0,1580,13,0.0,0,2,11.4,1966900,1,Low_Risk,5.329597510178362,1.3123565345686687,Low_Risk,1.0,1.0,2.059403569423013e-288,0.0
CUST0555,23,482600,32550,59300,0.55,88.4,2808,49,18.6,4,4,0.5,11400,2,High_Risk,-3.7114621859095975,1.0801089178262393,High_Risk,0.9984234702638904,2.0252982398997515e-09,0.001576527710811601,0.9984234702638904
CUST0556,50,992300,28800,1245400,0.33,50.0,2359,22,6.7,1,2,22.7,311800,0,Medium_Risk,0.9977829652474972,-1.4842013342197782,Low_Risk,0.9940954162707679,0.005904583729232688,0.9940954162707679,3.154866907658116e-44
CUST0557,21,494900,28750,48400,0.55,69.9,2910,44,20.9,3,3,0.5,11000,2,High_Risk,-3.1520199812020446,0.4637944214053701,High_Risk,0.9986389549968198,1.5407869323358304e-08,0.0013610295953106542,0.9986389549968198
CUST0558,49,540400,25650,207800,0.44,37.3,982,43,6.5,3,4,11.5,73700,2,High_Risk,-1.3226992893145928,-0.8735687492347097,Medium_Risk,0.9972242391392513,1.966497568859094e-06,0.0027737943631798404,0.9972242391392513
CUST0559,38,1284700,61350,1013700,0.46,49.0,3649,32,3.1,0,2,13.3,627900,0,Medium_Risk,0.9500655143630491,-0.4212468866283703,Medium_Risk,0.9981419392839085,0.0018580607160917347,0.9981419392839085,6.197833474978851e-48
CUST0560,48,2114600,75400,2410800,0.19,44.6,3038,26,6.0,2,0,6.7,618000,1,Low_Risk,2.25318594922468,0.3336423004655741,Low_Risk,0.9999464215295676,0.9999464215295676,5.357847043247302e-05,1.0723852697420796e-193
CUST0561,60,2617400,97650,2651200,0.16,25.9,5717,28,0.3,0,2,23.5,717900,1,Low_Risk,4.565563130650142,0.42820013553960856,Low_Risk,0.998333594676182,0.998333594676182,0.0016664053238186934,5.881294527060258e-194
CUST0562,53,2565200,105050,2850900,0.28,48.1,4937,16,5.3,2,1,20.7,1386300,1,Low_Risk,3.792875016854582,1.2834482584266238,Low_Risk,0.9999983456916551,0.9999983456916551,1.6543083454759991e-06,0.0
CUST0563,45,532400,15000,262600,0.28,29.3,3323,26,0.0,0,1,15.8,88900,2,High_Risk,1.0953264144377723,-2.7824103067290826,Low_Risk,0.9489868904066492,0.0002195500673284654,0.05079355952602231,0.9489868904066492
CUST0564,37,1737600,68050,1195500,0.35,46.7,6965,34,12.8,0,1,10.4,815800,0,Medium_Risk,1.6872715326077263,0.548692894601872,Low_Risk,0.9353257916691748,0.06467420833082536,0.9353257916691748,4.49801941364221e-79
CUST0565,37,440600,29450,56400,0.44,61.9,1310,38,11.1,4,3,0.5,21400,2,High_Risk,-2.4041023691111785,-0.22985636226327108,High_Risk,0.9970060162473614,7.037982642993119e-08,0.002993913372812035,0.9970060162473614
CUST0566,35,976500,52050,603300,0.39,56.6,2609,20,9.8,2,1,5.9,319800,0,Medium_Risk,-0.09052546985929451,-0.6011396015204247,Medium_Risk,0.9996578164339156,0.0003421832793942795,0.9996578164339156,2.866904875665098e-10
CUST0567,26,573100,32600,122900,0.37,48.5,2757,27,17.7,3,2,0.9,65300,2,High_Risk,-1.6501669420657559,-0.4876476419292894,Medium_Risk,0.9970700367355834,7.535894094883944e-07,0.002929209675006685,0.9970700367355834
CUST0568,47,1176000,43550,711900,0.24,27.4,3413,29,0.0,0,1,14.9,311300,0,Medium_Risk,1.887793746872848,-1.8085904313031564,Low_Risk,0.9976224871348969,0.0023768502206156393,0.9976224871348969,6.626444877205995e-07
CUST0569,46,610000,34450,81500,0.58,53.1,2862,29,16.6,4,5,7.0,54200,2,High_Risk,-2.1169798647472757,0.36676075810075665,High_Risk,0.9983353698271543,2.0509319503998885e-08,0.0016646096635263613,0.9983353698271543
CUST0570,24,724400,37600,276900,0.42,57.0,4443,31,4.6,1,4,1.6,127200,2,High_Risk,-1.0430017559785532,-0.44126754815582003,Medium_Risk,0.8964986232958511,2.1431245142013184e-05,0.10347994545900684,0.8964986232958511
CUST0571,53,205500,13450,21500,0.65,85.2,1919,29,22.2,7,3,13.7,8300,2,High_Risk,-3.211519255722882,0.4085587222014595,High_Risk,0.9996045967418012,1.3374884831965652e-11,0.0003954032448245362,0.9996045967418012
CUST0572,36,4554800,144000,10361500,0.05,42.3,8442,33,0.0,1,0,13.2,3953500,1,Low_Risk,7.87685495726838,5.440902796221559,Low_Risk,1.0,1.0,2.520828282882546e-220,0.0
CUST0573,37,361800,21850,33300,0.69,56.2,2147,33,16.4,2,4,6.0,15900,2,High_Risk,-2.533451246109588,-0.33357238785241405,High_Risk,0.9996654125523267,2.8697468287785658e-09,0.0003345845779265294,0.9996654125523267
CUST0574,50,851400,42900,518900,0.35,34.1,1466,35,6.8,3,3,6.4,94900,0,Medium_Risk,-0.4786512337433987,-0.6248217362998759,Medium_Risk,0.9986751909325561,0.0012672512398461783,0.9986751909325561,5.755782759697431e-05
CUST0575,51,3186100,98200,6231000,0.23,30.2,2891,18,0.2,0,2,18.2,2347500,1,Low_Risk,5.120775348089184,1.808652097380428,Low_Risk,1.0,1.0,3.3313992857799664e-60,0.0
CUST0576,45,1051600,64200,256500,0.6,46.6,3149,39,13.8,4,4,0.5,558400,0,Medium_Risk,-1.5409743869076988,1.3151487380781475,High_Risk,0.9999993596101014,6.40389898450237e-07,0.9999993596101014,1.3405121243585127e-43
CUST0577,24,379800,16550,124500,0.41,57.4,2952,36,12.3,3,2,0.8,20500,2,High_Risk,-2.0931109377409434,-0.7299316834083415,Medium_Risk,0.9959227281470082,6.023023763719677e-07,0.0040766695506155295,0.9959227281470082
CUST0578,42,871500,36000,278600,0.54,46.8,1923,38,10.2,2,2,3.4,363200,0,Medium_Risk,-1.1259105499102229,-0.3918369834254044,Medium_Risk,0.9999674204434057,3.2579556573585316e-05,0.9999674204434057,2.0427948410667792e-14
CUST0579,40,468900,28450,57900,0.43,52.6,2804,22,6.1,0,2,13.1,11200,2,High_Risk,-0.10785872999635278,-1.8968397491113034,Medium_Risk,0.9825538933681434,2.1539088532087194e-05,0.017424567543324825,0.9825538933681434
CUST0580,39,371000,16850,179300,0.4,58.5,1654,43,10.4,1,2,19.2,43800,2,High_Risk,-1.0106264565025571,-1.5647653801114798,Medium_Risk,0.9906523888356572,2.475387144797481e-05,0.009322857292894485,0.9906523888356572
CUST0581,40,1000200,37800,1009900,0.33,36.6,4459,37,9.9,3,2,10.7,400900,0,Medium_Risk,0.15460689156604587,-0.2410973918430607,Medium_Risk,0.9938590384325295,0.0061409615674706255,0.9938590384325295,1.454243768002195e-32
CUST0582,66,1172100,53850,531100,0.36,12.0,4812,31,0.0,0,2,20.9,595300,0,Medium_Risk,2.636558807267854,-1.4249782164287201,Low_Risk,0.9990365982450751,0.0009634017549256166,0.9990365982450751,1.0819751133019426e-40
CUST0583,55,1017800,40400,953200,0.52,60.9,2308,38,10.1,0,3,21.9,665000,0,Medium_Risk,0.2081553383043154,-0.4405561710906255,Medium_Risk,0.9994748365840085,0.0005251634159923545,0.9994748365840085,2.0193278989388383e-56
CUST0584,41,2319500,52150,3320400,0.33,52.0,3795,24,10.9,1,1,12.8,767900,1,Low_Risk,2.0000560670665033,0.5971909763208539,Low_Risk,0.9999999999662705,0.9999999999662705,3.372917933835623e-11,0.0
CUST0585,43,1050200,40550,803700,0.49,70.1,3678,39,4.6,1,2,14.6,431600,0,Medium_Risk,-0.017427434590896292,-0.34920494560976134,Medium_Risk,0.9996682014038802,0.00033179859612006397,0.9996682014038802,1.7612766666817185e-20
CUST0586,48,1613000,63150,1372000,0.36,34.7,3523,37,6.6,2,2,10.6,1003600,0,Medium_Risk,1.1857242691493022,0.3565132205921064,Low_Risk,0.9639558665456026,0.03604413345439818,0.9639558665456026,5.868399002794721e-127
CUST0587,40,953700,61050,349900,0.51,69.2,3607,27,16.4,5,4,7.0,107800,2,High_Risk,-1.6554192255217588,1.1818301140279186,High_Risk,0.5016782559059926,4.798497323016127e-06,0.49831694559668427,0.5016782559059926
CUST0588,61,1460400,59500,964200,0.42,46.6,3745,14,11.8,2,2,20.8,154600,0,Medium_Risk,1.4970119014608485,-0.4026988872829291,Medium_Risk,0.9789790466995278,0.02102095330047285,0.9789790466995278,1.332374578010831e-19
CUST0589,40,1897600,62650,1999300,0.31,8.0,2909,13,0.0,0,3,10.2,1331000,1,Low_Risk,2.607915557539102,-0.6289248450286297,Low_Risk,0.8523352174789296,0.8523352174789296,0.1476647825210706,7.981368774032547e-246
CUST0590,30,1248600,58400,928500,0.29,47.4,2139,34,9.4,3,1,0.7,483900,0,Medium_Risk,-0.29429538462889876,0.05917573992827196,Medium_Risk,0.9994419803601171,0.0005580196398823969,0.9994419803601171,7.793329394684111e-28
CUST0591,38,946700,36500,728700,0.36,53.5,2313,21,7.9,3,3,7.0,316200,0,Medium_Risk,-0.5535072002437956,-0.5136101252876902,Medium_Risk,0.9995562398999885,0.00044376009204985224,0.9995562398999885,7.961679338264053e-12
CUST0592,53,1389400,94050,352100,0.57,71.4,2795,20,26.7,7,3,9.9,221300,0,Medium_Risk,-1.3885328211570014,2.3654967814914403,High_Risk,0.9999818661187033,4.2067751719887717e-07,0.9999818661187033,1.771320377866605e-05
CUST0593,49,727100,49500,165200,0.21,46.0,1852,43,8.7,2,2,15.0,39800,2,High_Risk,-0.0014279830967732373,-0.9559318973736083,Medium_Risk,0.7168340725634857,0.005275790568566078,0.2778901368679477,0.7168340725634857
CUST0594,47,823700,39200,403600,0.44,60.9,2803,38,9.1,1,1,7.3,842000,0,Medium_Risk,-0.22263110227156174,-0.4912117275950105,Medium_Risk,0.9986785455519452,0.0013214544480550402,0.9986785455519452,7.845165632414426e-113
CUST0595,46,2701400,115550,2135500,0.22,12.7,4819,21,0.0,0,1,13.8,1390200,1,Low_Risk,4.430225903476639,0.5646442073580793,Low_Risk,0.9981887983994785,0.9981887983994785,0.0018112016005213702,5.926230829594066e-239
CUST0596,44,2700500,97800,3119300,0.12,45.0,3432,25,8.5,0,1,14.5,1606100,1,Low_Risk,3.562083564502518,1.125510871885399,Low_Risk,0.999999140481611,0.999999140481611,8.59518389320931e-07,0.0
CUST0597,39,811400,40800,199600,0.29,24.5,4087,31,0.0,0,1,13.8,66800,2,High_Risk,1.3326793373301788,-2.0839157646009947,Low_Risk,0.8314348691396027,0.0012197218155944709,0.16734540904480238,0.8314348691396027
CUST0598,55,1410600,74950,335200,0.36,64.9,14189,45,15.3,4,1,15.9,77500,1,Low_Risk,1.7531607586016558,1.9409990561316177,Medium_Risk,0.9999994284209491,0.9999994284209491,5.715790474928128e-07,6.604046438103568e-25
CUST0599,43,985800,38750,559400,0.46,73.0,2761,40,17.2,3,3,12.8,269100,0,Medium_Risk,-1.3939015142227518,0.48283436713989575,Medium_Risk,0.9995734453431308,0.0003682552429758967,0.9995734453431308,5.829941389412326e-05
CUST0600,36,563000,44550,66800,0.67,92.1,2514,39,22.3,4,4,6.5,55800,2,High_Risk,-3.3005862089602345,1.2830052749918999,High_Risk,0.9910275213338223,2.5201311112652197e-09,0.008972476146046716,0.9910275213338223
CUST0601,46,1522700,57850,362500,0.35,28.1,5154,33,2.0,0,1,8.8,335400,0,Medium_Risk,1.7744474233946812,-0.8769270941565128,Low_Risk,0.9851824864171095,0.0148175135828911,0.9851824864171095,4.403640617618301e-25
CUST0602,36,373600,23550,30400,0.63,57.7,2009,30,19.0,4,3,8.8,11600,2,High_Risk,-2.5401669476086304,-0.21337360655132973,High_Risk,0.9995588391924682,1.1653341852804747e-09,0.0004411596421974195,0.9995588391924682
CUST0603,40,924600,60050,107600,0.49,49.8,3537,34,7.4,2,3,0.5,178000,0,Medium_Risk,-0.7711756355686032,0.12326559599409447,Medium_Risk,0.9810165223073622,1.8521425287772187e-05,0.9810165223073622,0.01896495626734997
CUST0604,44,3076200,102150,3003200,0.24,31.5,8749,35,4.5,2,1,6.7,1291200,1,Low_Risk,3.848720993550736,2.324389865765642,Low_Risk,0.9999999836369665,0.9999999836369665,1.6363033800528277e-08,6.954940031648443e-309
CUST0605,45,857100,37800,296400,0.43,39.4,5242,21,6.1,0,2,13.2,86200,2,High_Risk,0.9415177095610043,-1.4041555077116126,Medium_Risk,0.931226077505786,7.578896872047112e-05,0.06869813352549364,0.931226077505786
CUST0606,50,3738400,109450,3862100,0.12,31.2,7171,30,0.0,1,0,12.9,9213700,1,Low_Risk,7.044119153085394,4.423981282112418,Low_Risk,1.0,1.0,2e-323,0.0
CUST0607,34,1496600,87100,1033600,0.27,35.6,3028,32,0.0,1,4,8.0,226600,0,Medium_Risk,0.975211823306321,0.07070070834721189,Medium_Risk,0.9771614727117144,0.02283852728828522,0.9771614727117144,4.0749955439701676e-27
CUST0608,35,685600,31200,290100,0.27,37.9,2744,34,10.7,5,4,8.0,50600,2,High_Risk,-1.339974441360781,-0.28859856885946766,Medium_Risk,0.9963176304536749,8.430363463747783e-07,0.0036815265099787073,0.9963176304536749
CUST0609,41,893400,41100,688700,0.33,53.2,3161,22,6.2,2,3,17.1,113500,0,Medium_Risk,0.2669315380359697,-0.9589875482422939,Medium_Risk,0.9978362062785773,0.002163761243020151,0.9978362062785773,3.24784019771378e-08
CUST0610,40,1521000,54600,655200,0.26,36.5,4100,28,4.9,1,0,6.4,778200,0,Medium_Risk,1.5651860378221203,-0.7453834332435384,Low_Risk,0.9459108441259049,0.05408915587409451,0.9459108441259049,6.67654328230488e-86
CUST0611,21,556200,29000,227800,0.57,76.3,2133,49,24.2,5,3,2.5,19900,2,High_Risk,-3.815405284710023,1.0799256336728094,High_Risk,0.9996960915758558,5.7603793370915825e-11,0.0003039083665400344,0.9996960915758558
CUST0612,52,1197200,49150,942300,0.33,49.3,2425,32,12.6,3,1,7.5,594600,0,Medium_Risk,0.19587238891188105,-0.025444022053559803,Medium_Risk,0.9989161346992579,0.001083865300742229,0.9989161346992579,7.95226826477554e-41
CUST0613,47,771700,28350,774500,0.28,50.8,2434,34,4.4,1,1,17.0,225500,0,Medium_Risk,0.6137961446929703,-1.6419678534309767,Medium_Risk,0.9966787698121781,0.0033212301876717103,0.9966787698121781,1.501685946515981e-13
CUST0614,47,1082300,43950,909300,0.05,5.0,2855,23,0.0,0,1,20.7,293900,0,Medium_Risk,2.807905760951874,-2.5854190918958633,Low_Risk,0.994610666775819,0.005389333223693883,0.994610666775819,4.86942625352029e-13
CUST0615,32,543100,28000,101900,0.78,95.0,3156,49,15.5,2,4,12.6,15100,2,High_Risk,-3.0790167611088775,0.6209240449173028,High_Risk,0.9990338729995356,1.4826236132646142e-09,0.0009661255178404659,0.9990338729995356
CUST0616,36,1326100,83700,357000,0.33,53.0,3183,28,10.4,4,2,5.2,139600,0,Medium_Risk,-0.14893539083307678,0.6301048561870647,Medium_Risk,0.994825160996782,0.001721369584142866,0.994825160996782,0.0034534694190748315
CUST0617,39,399800,24500,43900,0.83,93.8,1748,30,25.5,4,4,1.5,16500,2,High_Risk,-4.100018096912828,1.0480828690355561,High_Risk,0.9998435550071192,1.4843820082743375e-12,0.00015644499139690136,0.9998435550071192
CUST0618,42,1131000,43200,886800,0.2,13.0,6442,29,0.0,1,2,15.0,584300,0,Medium_Risk,2.2679461714963316,-1.281144789985703,Low_Risk,0.929857254647439,0.07014274535256115,0.929857254647439,6.494469560874721e-43
CUST0619,36,1192900,43550,764500,0.31,36.7,4842,40,8.4,0,0,11.7,308500,0,Medium_Risk,1.134055182536195,-1.0054245689387238,Low_Risk,0.9973152502169536,0.0026847467873122913,0.9973152502169536,2.9957341709528076e-09
CUST0620,40,1839600,53800,2774100,0.3,25.1,3881,20,0.0,1,2,3.3,6722700,1,Low_Risk,3.3316767347492835,1.720994168644007,Low_Risk,1.0,1.0,8.576502425215934e-170,0.0
CUST0621,50,1128300,41000,271600,0.27,36.8,3981,31,0.0,0,1,11.9,295900,0,Medium_Risk,1.552773937942444,-1.6567936751878316,Low_Risk,0.9952056458728172,0.004794354127182249,0.9952056458728172,9.821023354151738e-16
CUST0622,44,1625900,68600,531200,0.08,21.8,4631,30,0.0,1,1,8.9,220000,0,Medium_Risk,2.3864104528291272,-1.0229076065617217,Low_Risk,0.9385419680497,0.06145803036539101,0.9385419680497,1.5849093718847084e-09
CUST0623,33,1041600,50600,514600,0.53,36.8,2722,40,14.6,5,5,3.3,409100,0,Medium_Risk,-2.007117365285372,1.1634593843889223,Medium_Risk,0.9999948840358412,5.115964158934959e-06,0.9999948840358412,1.50435261716115e-16
CUST0624,49,905500,39600,395800,0.35,32.3,3588,29,7.7,2,3,4.9,140800,2,High_Risk,0.030329465909271675,-0.6875343463379537,Medium_Risk,0.8573363552277494,7.650365575539039e-05,0.1425871411164949,0.8573363552277494
CUST0625,42,1436900,78100,273100,0.51,50.8,6813,37,11.6,2,2,2.6,86700,0,Medium_Risk,0.21235734368833115,1.046310279577655,Medium_Risk,0.999753847988442,0.00017300284122277488,0.999753847988442,7.314917033607826e-05
CUST0626,34,734100,56050,150000,0.47,55.2,2022,41,16.3,6,5,1.5,38800,2,High_Risk,-2.814312103800655,1.304709775764009,High_Risk,0.9456596238208493,4.849093064780409e-08,0.05434032768821983,0.9456596238208493
CUST0627,33,417600,29750,41900,0.69,49.0,1300,50,13.3,2,4,0.5,28000,2,High_Risk,-2.975256537407012,0.002149987599179003,High_Risk,0.9995189333527424,3.928255557584481e-09,0.0004810627190020913,0.9995189333527424
CUST0628,37,648800,34150,133500,0.65,85.2,2099,40,19.8,5,4,1.0,59500,2,High_Risk,-3.54797653860626,1.2574842287326402,High_Risk,0.9993648393038854,7.297522198587427e-11,0.0006351606231394323,0.9993648393038854
CUST0629,28,710600,34350,198700,0.48,65.1,3351,30,11.3,2,3,6.0,64400,2,High_Risk,-1.4853437479861102,-0.34556116930590425,Medium_Risk,0.993691534805,1.0864625073073327e-06,0.00630737873249251,0.993691534805
CUST0630,34,610400,44200,94700,0.69,80.8,1943,37,19.3,5,5,0.7,54500,2,High_Risk,-3.6879968103949885,1.4522997876449606,High_Risk,0.9979805539169921,5.202897434633488e-11,0.002019446030978791,0.9979805539169921
CUST0631,37,1084600,53550,420500,0.34,51.9,3851,31,3.4,3,3,0.5,504800,0,Medium_Risk,-0.3316030161904196,0.1186043543385518,Medium_Risk,0.9997633838946294,0.0002366161053697153,0.9997633838946294,9.964329819132976e-32
CUST0632,35,441100,24250,56600,0.48,81.2,2453,41,20.7,5,2,0.8,12200,2,High_Risk,-3.083489823611556,0.5134008818658694,High_Risk,0.9995876451434266,1.2851289479951884e-09,0.00041235357144440125,0.9995876451434266
CUST0633,51,975100,23650,586500,0.19,32.0,3516,38,4.0,1,2,16.6,171300,0,Medium_Risk,1.032572232604688,-1.6388843313043562,Low_Risk,0.9767273132645562,0.023002316232763324,0.9767273132645562,0.0002703705026805431
CUST0634,56,1946900,60800,1722500,0.24,30.4,3065,26,0.0,0,0,11.9,1163400,0,Medium_Risk,3.044287419021486,-0.7927060453399578,Low_Risk,0.6649823343701322,0.33501766562986773,0.6649823343701322,1.7706977970658034e-167
CUST0635,35,1318500,29150,1844400,0.05,20.7,2223,25,3.2,4,0,4.4,355400,0,Medium_Risk,1.1553827954590092,-1.2731819765034047,Low_Risk,0.5230677648650107,0.4769322351349902,0.5230677648650107,6.867665945929906e-116
CUST0636,47,869600,56350,185300,0.56,65.2,3337,36,8.9,0,3,12.7,294600,0,Medium_Risk,-0.34165568154500486,-0.2170794349688517,Medium_Risk,0.9999522954128781,4.770346519706902e-05,0.9999522954128781,1.1219249158954314e-09
CUST0637,31,532300,33650,64900,0.56,95.0,1778,45,25.8,5,3,1.0,10700,2,High_Risk,-3.9485145149610203,1.3258910220003928,High_Risk,0.9996643600209689,8.342250365441753e-11,0.0003356398956084049,0.9996643600209689
CUST0638,38,2301800,87100,1098300,0.13,40.2,6404,25,3.9,1,1,1.1,400200,1,Low_Risk,2.498392723021564,0.48176937843476686,Low_Risk,0.6473213948375983,0.6473213948375983,0.3526786051624025,2.0684431684274997e-26
CUST0639,36,1273700,53350,490600,0.28,22.3,3810,35,3.4,2,2,3.0,365000,0,Medium_Risk,0.6037425192142643,-0.566315652315612,Low_Risk,0.999038007214744,0.0009619927851516717,0.999038007214744,1.0407643120407605e-13
CUST0640,43,1333100,45850,536200,0.14,5.0,3103,29,0.0,0,2,7.3,428400,0,Medium_Risk,1.8652960254960151,-1.743496291552263,Low_Risk,0.9919555903279532,0.008044409672046634,0.9919555903279532,6.864151152531215e-24
CUST0641,25,1088800,44550,1016600,0.48,56.8,2919,34,8.4,3,5,7.7,44500,0,Medium_Risk,-1.482006906210649,0.4526928988128135,Medium_Risk,0.9998940318477576,0.00010596815224268717,0.9998940318477576,4.1851823422074124e-35
CUST0642,57,2180900,71400,1798000,0.21,33.1,3377,35,13.0,2,0,9.3,2904700,1,Low_Risk,2.592232780095997,1.2185284650519286,Low_Risk,1.0,1.0,1.2485269185218066e-21,0.0
CUST0643,35,1207500,53550,740200,0.09,27.0,2976,41,0.0,1,2,6.1,295500,0,Medium_Risk,1.031536544986556,-1.0443878645845357,Low_Risk,0.9981786131287034,0.0018199185464286903,0.9981786131287034,1.4683248687026113e-06
CUST0644,27,739100,23000,1230200,0.4,44.6,2621,15,8.3,0,1,15.3,280800,0,Medium_Risk,0.4591414872157615,-1.9443676736679183,Low_Risk,0.9827738501356509,0.017226149864348766,0.9827738501356509,2.599506663085812e-59
CUST0645,31,640300,43100,125900,0.65,93.0,2362,51,18.7,4,3,6.1,24000,2,High_Risk,-3.310527151269149,1.1993391759043326,High_Risk,0.9984006200537964,3.903796677878161e-10,0.0015993795558238155,0.9984006200537964
CUST0646,42,2138500,76500,1301300,0.12,5.0,5930,42,2.6,0,1,15.0,169100,1,Low_Risk,3.2285505918968105,-0.5071331561340079,Low_Risk,0.7991940480595672,0.7991940480595672,0.20080595194043305,5.067172480025429e-37
CUST0647,31,1071300,56550,386300,0.44,43.7,2162,27,7.6,2,3,3.4,91700,0,Medium_Risk,-0.6799628630468179,-0.31847978010049954,Medium_Risk,0.644857412019695,0.0003884264925889635,0.644857412019695,0.354754161487716
CUST0648,25,563400,35200,94000,0.57,72.7,3646,42,17.9,5,4,2.2,26900,2,High_Risk,-3.1957808235830245,1.0534904196937023,High_Risk,0.9991202532123958,5.66742239250271e-10,0.0008797462208619679,0.9991202532123958
CUST0649,42,571900,32750,134600,0.63,65.2,4557,43,12.8,1,2,14.8,86300,2,High_Risk,-1.0121558962976571,-0.3861837216081132,Medium_Risk,0.9788527148857576,2.0339350542884016e-06,0.021145251179188362,0.9788527148857576
CUST0650,43,2328900,101800,5681200,0.38,71.9,2989,42,19.6,2,2,6.3,2458900,1,Low_Risk,1.575446430692937,3.943420234104023,Medium_Risk,1.0,1.0,3.506871266918232e-82,0.0
CUST0651,40,1006300,59350,213300,0.44,70.8,4296,48,23.2,6,3,8.3,24100,2,High_Risk,-2.1174154379362538,1.8081875164474182,High_Risk,0.9274611462234378,3.865134031051058e-07,0.0725384672631596,0.9274611462234378
CUST0652,39,2047800,61700,2184400,0.2,42.3,2498,20,0.0,0,0,2.5,966700,1,Low_Risk,2.377818948739321,-0.5519587707773839,Low_Risk,0.9830898690190337,0.9830898690190337,0.016910130980967202,6.974733846487307e-164
CUST0653,36,581800,24200,401800,0.52,51.0,1193,23,18.1,4,3,13.8,290200,0,Medium_Risk,-1.7599907902390644,-0.5097232845342606,Medium_Risk,0.99995573966157,4.4092688245790685e-05,0.99995573966157,1.676501834040446e-07
CUST0654,39,776900,32450,266100,0.42,24.4,2697,29,5.0,1,2,11.4,293900,0,Medium_Risk,0.23743752691064643,-1.600905499602273,Low_Risk,0.9987906756739423,0.0012093219210596712,0.9987906756739423,2.4049982906862976e-09
CUST0655,42,796000,52850,129500,0.63,93.2,2997,29,20.5,4,3,0.5,319500,0,Medium_Risk,-2.5389517373991852,1.376318796452736,High_Risk,0.9999997080260634,2.9197293253600693e-07,0.9999997080260634,1.0038309844632331e-12
CUST0656,43,1143600,49050,464200,0.57,38.8,6185,15,5.3,2,4,3.4,417100,0,Medium_Risk,0.2462175097044393,0.055761150509863515,Medium_Risk,0.9999767735460898,2.3226453910040117e-05,0.9999767735460898,1.4254172198483592e-18
CUST0657,43,1702600,79900,1939700,0.26,52.4,1470,26,9.2,2,1,5.1,1145200,1,Low_Risk,1.1431644988181797,0.6049053332577313,Medium_Risk,0.9904431698313474,0.9904431698313474,0.009556830168652483,1.2461851057293454e-217
CUST0658,35,1229600,39300,846200,0.12,40.5,4008,29,7.9,2,1,10.5,233000,0,Medium_Risk,0.944449242897075,-0.9941357565680772,Low_Risk,0.9920046552099905,0.00799533376221114,0.9920046552099905,1.1027798603158127e-08
CUST0659,44,940400,59500,329800,0.34,57.5,3389,31,4.4,2,2,5.6,295600,0,Medium_Risk,0.09189370469280439,-0.3331802531211155,Medium_Risk,0.9994061577243599,0.000593719885400798,0.9994061577243599,1.223902388679836e-07
CUST0660,27,2221700,71950,3884100,0.25,47.5,4335,14,8.1,2,1,7.3,1127100,1,Low_Risk,2.2981551919121843,1.0173838256676373,Low_Risk,1.0,1.0,5.861094755219367e-20,0.0
CUST0661,44,624400,28650,244800,0.38,43.0,3782,31,5.3,1,2,9.4,125700,2,High_Risk,0.044163833368331976,-1.3820705439466128,Medium_Risk,0.9595335532001805,3.6776360433257284e-05,0.04042967043938606,0.9595335532001805
CUST0662,31,452400,30350,66900,0.54,62.9,1862,39,15.9,4,3,3.8,15500,2,High_Risk,-2.71564098133117,0.0754068368100676,High_Risk,0.9989911463922162,4.417932833564278e-09,0.0010088491898509564,0.9989911463922162
CUST0663,52,797700,28350,282600,0.27,29.7,2092,30,1.6,0,1,13.6,127600,2,High_Risk,1.1004896513478857,-2.3397658417659124,Low_Risk,0.741472490680562,0.0008050813415068426,0.2577224279779315,0.741472490680562
CUST0664,34,1190200,60000,752800,0.37,41.9,2374,45,6.6,3,4,2.9,380700,0,Medium_Risk,-0.898400247223806,0.5788056476250247,Medium_Risk,0.9997978335419945,0.00020216645799192763,0.9997978335419945,1.3580327859335647e-14
CUST0665,40,207800,11800,16400,0.71,95.0,1048,58,20.1,4,4,10.0,6300,2,High_Risk,-4.251616850111277,0.6869578316183924,High_Risk,0.9998063877236011,8.129917493704497e-11,0.00019361219509978685,0.9998063877236011
CUST0666,46,1182400,37700,717300,0.26,40.2,3680,29,0.0,0,0,14.8,998300,0,Medium_Risk,1.9615213681937997,-1.6478222336498822,Low_Risk,0.7679332096620577,0.23206679033794242,0.7679332096620577,7.339834720818845e-150
CUST0667,21,464600,28800,238800,0.37,39.2,2110,35,8.9,0,4,14.3,29400,2,High_Risk,-0.9866455916408823,-1.497048403602678,Medium_Risk,0.9947954664810842,2.4034081400599756e-05,0.005180499437515954,0.9947954664810842
CUST0668,39,1650800,87000,1223100,0.5,50.6,5154,39,13.1,2,3,6.5,494300,0,Medium_Risk,0.24289850924916354,1.6221114221782011,Medium_Risk,0.9923064421892464,0.007693557810752934,0.9923064421892464,1.0629609712434912e-45
CUST0669,35,444800,23500,99300,0.63,63.5,2339,46,13.0,2,3,1.6,147800,2,High_Risk,-2.55470449238637,-0.09857755715511991,High_Risk,0.9298953614066229,3.5472232637639313e-07,0.07010428387105037,0.9298953614066229
CUST0670,25,428800,33950,88200,0.67,57.2,2549,30,22.5,3,5,7.3,35300,2,High_Risk,-3.016618010717861,0.4154823328888134,High_Risk,0.9994138912898844,6.940752194534596e-09,0.0005861017693637447,0.9994138912898844
CUST0671,43,528600,29900,89400,0.56,62.3,3044,48,6.5,2,4,7.0,37600,2,High_Risk,-1.8070925942564755,-0.18629127688220992,Medium_Risk,0.9983011830921855,4.897467376186553e-08,0.0016987679331405766,0.9983011830921855
CUST0672,49,795200,47000,268700,0.41,83.9,3040,58,23.5,6,4,10.2,52900,2,High_Risk,-2.7972926415455457,1.8782479132408043,High_Risk,0.9991687599064335,6.5635855443151734e-09,0.0008312335299812334,0.9991687599064335
CUST0673,55,1354400,69800,591900,0.3,40.1,2585,12,2.7,3,3,7.9,460200,0,Medium_Risk,1.1109198918496803,-0.3397768997458241,Medium_Risk,0.9987472021846818,0.0012527978153185385,0.9987472021846818,7.654834288207865e-19
CUST0674,49,1486700,48100,1088200,0.1,18.6,3232,37,0.0,0,0,18.2,241400,0,Medium_Risk,2.6853407540910252,-1.8747815223162128,Low_Risk,0.9738312318822361,0.02616876811776341,0.9738312318822361,2.6684969605109338e-17
CUST0675,27,1226900,69100,402400,0.38,47.8,2741,18,5.9,1,1,0.5,459200,0,Medium_Risk,0.33632769903299864,-0.5577465139793384,Medium_Risk,0.9990098766710314,0.0009901233289680814,0.9990098766710314,1.7947040654096336e-24
CUST0676,54,2466100,60000,2822800,0.13,31.9,4861,18,2.6,0,0,10.4,2129900,1,Low_Risk,4.142144997817103,0.07701025038381473,Low_Risk,0.9999999999561631,0.9999999999561631,4.383619178062923e-11,0.0
CUST0677,53,730400,43150,173000,0.69,71.5,1560,35,15.3,5,4,8.9,194400,0,Medium_Risk,-2.4195685827567814,0.8583365314063346,High_Risk,0.5324859019829333,8.602418601035008e-08,0.5324859019829333,0.4675140119928812
CUST0678,21,450400,27350,29000,0.62,78.1,2044,43,21.2,3,3,0.5,5100,2,High_Risk,-3.566147178998581,0.4833693620575796,High_Risk,0.9994722422767692,1.0320275808675739e-09,0.0005277566912031383,0.9994722422767692
CUST0679,39,1790700,97150,892100,0.46,59.2,6356,29,11.9,2,3,4.1,780400,0,Medium_Risk,0.7068669647461214,1.8655423915129117,Medium_Risk,0.9952223800975684,0.004777619902432226,0.9952223800975684,8.557579801653857e-72
CUST0680,44,1488300,43300,2186200,0.22,40.5,3094,30,2.3,1,2,13.6,1036500,1,Low_Risk,1.7220227394203087,-0.5069046964457073,Low_Risk,0.988098147827017,0.988098147827017,0.01190185217298366,7.399589506742699e-220
CUST0681,40,1482300,69600,762900,0.2,5.1,3915,30,1.3,0,2,13.5,792000,0,Medium_Risk,2.4146107513005988,-1.0680903194758042,Low_Risk,0.9269207114258677,0.07307928857413155,0.9269207114258677,4.9769861968976836e-79
CUST0682,32,542800,27600,147100,0.31,75.8,2363,29,10.4,3,1,9.0,29800,2,High_Risk,-1.1823334532432965,-0.9874829479511295,Medium_Risk,0.9970610433585795,2.5997596874646493e-06,0.002936356881732869,0.9970610433585795
CUST0683,45,2053700,60450,2775600,0.25,10.6,4529,25,0.0,0,2,18.7,464800,1,Low_Risk,3.338787361085716,-0.684950500025094,Low_Risk,0.9999983173350308,0.9999983173350308,1.6826649685070079e-06,4.855369513944758e-287
CUST0684,52,1342200,45700,1033300,0.35,31.0,6060,27,2.4,0,1,15.1,651500,0,Medium_Risk,2.3529690296974017,-1.0257136973676433,Low_Risk,0.9961397420528529,0.003860257947147603,0.9961397420528529,3.680020926314715e-50
CUST0685,36,851900,39650,328300,0.4,56.4,1981,52,8.6,3,2,4.2,140900,2,High_Risk,-1.489201318032558,-0.06596260942778842,Medium_Risk,0.9694177419073889,5.400754129430551e-06,0.030576857338481752,0.9694177419073889
CUST0686,48,1451500,42000,1778000,0.28,23.3,4797,20,0.0,2,3,14.6,898300,1,Low_Risk,2.059503286392234,-0.6314478047186288,Low_Risk,0.5045560503954328,0.5045560503954328,0.4954439496045672,7.92235476613228e-140
CUST0687,37,851300,38100,644300,0.43,46.7,1597,41,4.1,1,5,11.4,369000,0,Medium_Risk,-0.8981807842990783,-0.4985316039997406,Medium_Risk,0.9997269226128873,0.00027307738703277344,0.9997269226128873,7.988596794246264e-14
CUST0688,35,766900,44100,370900,0.28,38.3,2795,35,0.6,2,2,12.2,163300,2,High_Risk,0.25719598804242844,-1.312546813343555,Medium_Risk,0.5988499756461274,0.001716995800901384,0.3994330285529707,0.5988499756461274
CUST0689,53,750400,21950,371700,0.49,45.7,2375,39,2.7,1,2,18.1,194100,0,Medium_Risk,0.07627760751370072,-1.5416514743078769,Low_Risk,0.925278441089255,0.0015405375158507979,0.925278441089255,0.07318102139489499
CUST0690,29,1000700,79200,257300,0.7,95.0,5172,39,21.4,7,4,0.9,108200,0,Medium_Risk,-3.1753123076144365,3.0538574162219474,High_Risk,0.9998235438107316,2.8640858414368916e-09,0.9998235438107316,0.00017645332518175842
CUST0691,27,1375200,28650,1208300,0.21,15.4,5130,29,3.8,2,2,4.0,319200,0,Medium_Risk,0.9374872194474662,-0.9323509641397973,Low_Risk,0.9749656723303354,0.025034327669664815,0.9749656723303354,8.53652941464991e-33
CUST0692,26,416600,25350,44600,0.4,50.8,2374,40,15.1,5,2,0.5,19100,2,High_Risk,-2.4716016256755085,-0.1898336754495957,High_Risk,0.9988907452260102,5.6077477719839646e-09,0.001109249166241843,0.9988907452260102
CUST0693,34,1121200,54500,898900,0.28,59.3,3336,44,13.9,3,2,13.8,133400,0,Medium_Risk,-0.4285018157540508,0.2919830755198459,Medium_Risk,0.9995220582833667,0.00047794171663264305,0.9995220582833667,1.1871728922072002e-17
CUST0694,55,2162500,56150,2053000,0.27,37.3,3852,36,0.0,0,0,11.5,4489800,1,Low_Risk,3.5940884849600665,0.7705857092299672,Low_Risk,1.0,1.0,7.020092855590015e-66,0.0
CUST0695,45,958700,27700,788100,0.4,53.4,3796,33,11.5,1,1,14.2,191500,0,Medium_Risk,0.23433364312186275,-0.9464074278408812,Low_Risk,0.9972567222078489,0.002743277777779681,0.9972567222078489,1.4371612129206002e-11
CUST0696,41,1829800,70350,1313500,0.29,28.1,1803,24,8.2,0,1,14.2,395400,1,Low_Risk,1.8691820031826114,-0.769284847257142,Low_Risk,0.5593129577875128,0.5593129577875128,0.440687042212487,3.85215333084728e-30
CUST0697,40,502000,26750,80000,0.7,79.5,1876,32,23.5,4,4,8.1,17800,2,High_Risk,-3.247870449461892,0.6441262524690105,High_Risk,0.9996616721637398,2.7480410060553786e-10,0.0003383275614561682,0.9996616721637398
CUST0698,47,1433300,45300,738100,0.29,26.2,3800,29,5.6,2,2,9.3,313400,0,Medium_Risk,1.071795568160946,-0.698688546930579,Low_Risk,0.9830514072616878,0.016948592736252165,0.9830514072616878,2.0598325975525305e-12
CUST0699,38,976700,21300,503100,0.21,9.5,4181,17,0.0,0,0,7.5,522500,0,Medium_Risk,1.9651263928447291,-2.6426412706755182,Low_Risk,0.9979389589132546,0.0020610410867457733,0.9979389589132546,4.3582883456184713e-38
CUST0700,41,1465100,57400,929500,0.23,25.5,6189,28,0.0,0,1,10.7,230200,0,Medium_Risk,2.4127654509014627,-1.0937521602696272,Low_Risk,0.9950109605030358,0.004989039496745517,0.9950109605030358,2.1879555546048841e-13
CUST0701,47,1345500,44450,807500,0.26,50.0,5752,34,6.4,2,2,10.9,363200,0,Medium_Risk,0.9971484226296652,-0.1738405715855121,Low_Risk,0.9800167430983486,0.019983256901631035,0.9800167430983486,2.0711506333195886e-14
CUST0702,35,787300,54000,149400,0.7,84.4,3391,31,30.0,6,2,9.5,70500,2,High_Risk,-2.889511945309304,1.673071250030054,High_Risk,0.9991348738499268,3.0270049797643487e-12,0.0008651261470461502,0.9991348738499268
CUST0703,27,902900,42250,295800,0.49,71.7,2117,43,0.7,0,4,0.5,108100,2,High_Risk,-1.5262835286736003,-0.3357711652404181,Medium_Risk,0.9556169934376847,7.921090711305671e-07,0.044382214453243446,0.9556169934376847
CUST0704,47,2367500,74200,2825000,0.15,5.0,2972,9,0.0,0,2,13.0,2743900,1,Low_Risk,4.284857144035625,-0.06995567926703475,Low_Risk,1.0,1.0,3.5693459272955073e-17,0.0
CUST0705,46,3899500,111100,7611400,0.33,42.3,12441,23,1.7,2,2,12.7,4150700,1,Low_Risk,6.618401180549004,5.108591925257792,Low_Risk,1.0,1.0,1.2162317828349996e-127,0.0
CUST0706,35,468000,30750,71400,0.58,73.6,2361,42,19.2,4,6,9.0,24300,2,High_Risk,-3.319934885401196,0.8802748846157319,High_Risk,0.9992941208367525,7.241431527313549e-09,0.0007058719218160725,0.9992941208367525
CUST0707,44,837200,38150,264100,0.51,37.4,4474,28,5.2,0,2,16.6,139300,2,High_Risk,0.6999577475539269,-1.4104735005228253,Low_Risk,0.8304274819026439,0.0001563640200810813,0.169416154077275,0.8304274819026439
CUST0708,36,664300,40850,151000,0.47,58.0,2202,40,15.8,3,3,10.9,46200,2,High_Risk,-1.7145860395699881,-0.04673128986202168,High_Risk,0.9946751199509922,9.627631081492672e-07,0.00532391728589965,0.9946751199509922
CUST0709,37,674300,32950,410300,0.32,61.3,2259,53,10.7,2,2,9.2,40100,0,Medium_Risk,-1.2580710012799532,-0.45293198533255186,Medium_Risk,0.8719078178305534,0.0006363969052645493,0.8719078178305534,0.12745578526418236
CUST0710,52,1540700,63900,742900,0.29,33.1,3767,32,2.1,0,2,19.1,232300,0,Medium_Risk,2.06974969357373,-0.9593198185215028,Low_Risk,0.9502497370736103,0.049744728466519735,0.9502497370736103,5.534459869764207e-06
CUST0711,42,542400,30450,147700,0.59,63.0,1637,37,14.8,2,2,9.6,63200,2,High_Risk,-1.726233421150393,-0.5404622072788703,Medium_Risk,0.9987752771160129,3.6716851123411945e-08,0.0012246861671358974,0.9987752771160129
CUST0712,40,800900,26650,457800,0.47,74.9,3376,45,7.4,2,3,5.9,215600,0,Medium_Risk,-1.4523381093745265,-0.042672524265815394,Medium_Risk,0.9961837456973769,0.0001654546608928376,0.9961837456973769,0.0036507996417295446
CUST0713,46,1164700,72900,474100,0.47,54.9,2358,23,16.6,2,3,13.0,476000,0,Medium_Risk,-0.15707532251960657,0.38829998711857033,Medium_Risk,0.998848687248235,0.0011513127517642832,0.998848687248235,1.6832242945484058e-25
CUST0714,43,268800,14600,25300,0.71,66.5,2733,41,13.9,4,4,5.8,19400,2,High_Risk,-3.0070847448102005,0.12272906585716249,High_Risk,0.9993759777840887,4.779136810034004e-10,0.0006240217379977108,0.9993759777840887
CUST0715,39,1097600,58800,523000,0.51,52.8,2015,36,10.1,2,2,11.2,396100,0,Medium_Risk,-0.4695726262587999,-0.04930803728509526,Medium_Risk,0.9994627687041211,0.0005372312957986444,0.9994627687041211,8.019798601459268e-14
CUST0716,37,667200,35150,235200,0.33,64.8,3425,48,11.3,3,2,7.4,85200,2,High_Risk,-1.2998126224751356,-0.13418808416528868,Medium_Risk,0.9940125047106777,3.1791063677916964e-06,0.005984316182954691,0.9940125047106777
CUST0717,40,976200,31750,794600,0.24,10.1,4121,5,0.0,0,1,17.6,516800,0,Medium_Risk,2.5464263228359987,-2.7064771156083376,Low_Risk,0.9952393134388997,0.004760686561099471,0.9952393134388997,3.8201615448476285e-30
CUST0718,39,673100,43150,94300,0.31,43.5,2650,41,9.0,2,2,6.3,169200,0,Medium_Risk,-0.6119201343518321,-0.7317098388476729,Medium_Risk,0.9927461972343857,0.0014181854566493498,0.9927461972343857,0.005835617308964791
CUST0719,32,254100,10800,167700,0.5,74.7,1157,17,9.8,3,3,12.3,25100,2,High_Risk,-1.9798561823272995,-1.358920182762158,Medium_Risk,0.9910903825031018,1.310157829307865e-06,0.008908307339069277,0.9910903825031018
CUST0720,39,2424800,75900,4464100,0.14,22.8,2008,25,1.9,0,2,5.8,1320100,1,Low_Risk,3.137547832472856,0.5898290967262567,Low_Risk,1.0,1.0,4.959907248212026e-30,0.0
CUST0721,42,2216000,65950,4110700,0.28,44.7,4229,55,9.5,2,1,12.9,4526500,1,Low_Risk,2.587121089358953,2.8036509368306395,Low_Risk,1.0,1.0,1.1385965565708167e-73,0.0
CUST0722,33,1001500,45450,523100,0.49,65.0,3062,31,19.8,4,3,1.8,435300,0,Medium_Risk,-1.895044812605077,0.9711728935093618,Medium_Risk,0.9999754111867697,2.4588813230703345e-05,0.9999754111867697,5.182041860750834e-20
CUST0723,25,1215400,71500,396700,0.37,39.5,3775,32,4.7,0,1,4.5,150400,0,Medium_Risk,0.6189892355563873,-0.6732758874022354,Medium_Risk,0.8529549594247036,0.0035795581268475265,0.8529549594247036,0.14346548244844806
CUST0724,51,1739100,74200,761800,0.51,73.2,7014,39,3.9,2,3,13.7,628300,0,Medium_Risk,0.9442625682953325,1.3180546040650734,Medium_Risk,0.9575512936542779,0.04244870634572339,0.9575512936542779,2.7940918740406276e-46
CUST0725,28,649400,38750,158300,0.32,58.1,3344,43,18.1,5,4,4.9,14900,2,High_Risk,-2.354797866196619,0.6765276414615112,High_Risk,0.9975791931371674,2.0075650392199833e-07,0.0024206061063284635,0.9975791931371674
CUST0726,40,718700,29250,228800,0.57,60.2,3485,35,12.6,2,3,11.7,172200,0,Medium_Risk,-1.2625092533911784,-0.3101802304359314,Medium_Risk,0.8333137109757797,0.00012173068649645369,0.8333137109757797,0.16656455833772352
CUST0727,26,754100,26550,446100,0.37,55.5,5422,19,21.1,4,2,0.7,176800,0,Medium_Risk,-1.3509430552494903,0.12056510982624531,Medium_Risk,0.9970774644044568,0.002625540892758373,0.9970774644044568,0.00029699470278610825
CUST0728,41,687300,34050,209500,0.41,30.2,2659,37,4.3,2,4,6.9,67800,2,High_Risk,-0.7171642842617986,-0.888740948011183,Medium_Risk,0.9960459015595821,1.7262432102974912e-06,0.00395237219720767,0.9960459015595821
CUST0729,36,1416100,53100,1185600,0.16,35.2,4596,28,0.5,1,1,5.6,595700,0,Medium_Risk,1.7328031070524221,-0.8134747510532776,Low_Risk,0.9937087137452703,0.006291286254729688,0.9937087137452703,6.820837104822068e-46
CUST0730,42,833500,35200,732300,0.17,27.8,1879,24,6.1,1,2,15.1,501100,0,Medium_Risk,0.97472537585206,-1.7871437695482,Low_Risk,0.9892621187830603,0.010737881216940541,0.9892621187830603,2.597284960659098e-30
CUST0731,32,513800,30850,81200,0.65,66.7,2115,30,20.7,5,4,2.2,27800,2,High_Risk,-3.2860485657419325,0.6953621697771403,High_Risk,0.9997638748678437,3.006743813207846e-11,0.00023612510208892337,0.9997638748678437
CUST0732,54,1418800,34800,1780800,0.05,30.2,2867,44,0.0,1,0,14.5,263500,1,Low_Risk,2.198783396422388,-1.48353041974477,Low_Risk,0.9070930089464495,0.9070930089464495,0.09290699105355056,2.6150883330874764e-105
CUST0733,31,524400,24100,229600,0.63,43.7,2029,24,2.8,1,4,1.0,158700,2,High_Risk,-1.5094621472959817,-1.1396799339119401,Medium_Risk,0.9556718387269371,2.355954753456602e-07,0.04432792567758724,0.9556718387269371
CUST0734,50,834200,33500,193800,0.32,13.4,5352,17,0.0,0,1,9.2,312500,0,Medium_Risk,1.9734717165660063,-2.2253183140911195,Low_Risk,0.9998301535082758,0.00016984648981108953,0.9998301535082758,1.9126770105684664e-12
CUST0735,60,1603300,55050,768500,0.27,9.2,5205,29,0.0,0,2,13.5,792500,0,Medium_Risk,2.8434333933912592,-1.0299776663112123,Low_Risk,0.9976056204942207,0.0023943795057784086,0.9976056204942207,1.0610599081142724e-80
CUST0736,42,1164400,50350,772700,0.15,20.7,1818,28,0.0,0,2,8.8,691500,0,Medium_Risk,1.5463437471804555,-1.6036730180069918,Low_Risk,0.9945031112301957,0.005496888769803495,0.9945031112301957,8.930682120895031e-57
CUST0737,41,1045100,25050,1084300,0.43,38.3,2086,30,5.0,2,3,1.2,1283400,1,Low_Risk,-0.355671997879571,-0.3501712063981961,Low_Risk,0.5735673028017997,0.5735673028017997,0.42643269719819865,3.159016767390372e-250
CUST0738,50,1161700,55950,794400,0.59,78.4,3868,29,12.0,0,3,21.9,531000,0,Medium_Risk,0.24421008345847178,0.12426888645358591,Medium_Risk,0.9997829580489578,0.000217041951042685,0.9997829580489578,1.5312421730225143e-31
CUST0739,51,1150600,43350,983600,0.24,39.8,2620,28,0.3,1,1,16.7,527000,0,Medium_Risk,1.6747633172678502,-1.5004478019167575,Low_Risk,0.9958884740044358,0.004111525995564389,0.9958884740044358,5.924973189667709e-32
CUST0740,27,762400,34000,255800,0.22,22.6,2342,18,1.5,0,0,2.9,234200,0,Medium_Risk,0.8916545796341754,-2.528771992366055,Low_Risk,0.9979860276355259,0.001572711250376623,0.9979860276355259,0.00044126111409693435
CUST0741,45,2520600,72250,4261200,0.2,31.7,3390,16,0.0,0,1,12.6,6296000,1,Low_Risk,4.963524119198985,1.8313206109775813,Low_Risk,1.0,1.0,4.795356158760713e-137,0.0
CUST0742,47,799700,44350,276900,0.4,36.5,2839,29,10.1,1,3,18.5,109900,2,High_Risk,0.26351804722262123,-1.1048915465213995,Medium_Risk,0.9752243579038797,0.00012865284507083198,0.024646989251049096,0.9752243579038797
CUST0743,42,1452900,62900,760700,0.41,51.6,3621,25,15.1,2,3,7.1,365200,0,Medium_Risk,-0.015920654654246566,0.5448534453380114,Medium_Risk,0.9985582656263325,0.0014417343505970567,0.9985582656263325,2.3070247561886676e-11
CUST0744,32,1101000,48250,675200,0.18,39.3,2758,41,10.2,2,0,15.4,277600,0,Medium_Risk,0.6217678938996792,-0.9839352696785771,Low_Risk,0.9952311168655612,0.004708790053726067,0.9952311168655612,6.0093080713416496e-05
CUST0745,28,1662800,68400,1752900,0.19,33.8,4154,23,12.6,2,1,0.9,2192000,1,Low_Risk,1.4539871164214053,0.8316718582205161,Low_Risk,0.999999999998856,0.999999999998856,1.1442959193619306e-12,0.0
CUST0746,31,896200,41800,563200,0.45,41.6,2053,29,3.7,0,4,1.6,774200,0,Medium_Risk,-0.5513648701338528,-0.6522007281104829,Medium_Risk,0.9991853935992676,0.0008146064007317966,0.9991853935992676,4.7716653539412066e-88
CUST0747,23,1380100,68000,723700,0.27,41.6,3963,25,0.0,0,2,0.5,579900,0,Medium_Risk,0.959496536782462,-0.5597550859531419,Low_Risk,0.9983921724776006,0.001607827522399825,0.9983921724776006,1.5270492005661646e-36
CUST0748,44,537300,27450,86900,0.49,71.5,3327,21,17.8,6,5,8.6,11800,2,High_Risk,-2.439549465411734,0.5688037941022933,Medium_Risk,0.9984993655164213,5.6981923129879326e-08,0.0015005775016550163,0.9984993655164213
CUST0749,23,571700,27150,337200,0.53,45.7,4494,33,9.3,0,2,14.0,84600,2,High_Risk,-0.49794616453151463,-1.300077575787822,Medium_Risk,0.9296812956390119,9.884740649647852e-05,0.07021985695449187,0.9296812956390119
CUST0750,29,730400,39200,154300,0.49,67.5,3669,34,9.1,3,2,1.3,82300,2,High_Risk,-1.5603119660846967,-0.07327684417480375,Medium_Risk,0.9917372064697476,1.0838173838488965e-07,0.008262685148514005,0.9917372064697476
CUST0751,39,685600,35150,235000,0.55,63.9,3012,36,9.5,2,3,9.2,220400,0,Medium_Risk,-1.309530495616135,-0.28000132585287935,Medium_Risk,0.9910902283989212,4.332053507754455e-05,0.9910902283989212,0.008866451066000812
CUST0752,34,660800,25650,308200,0.4,41.1,2786,34,3.9,1,4,14.5,21000,2,High_Risk,-0.5402216093895345,-1.356077480157167,Medium_Risk,0.9772676590495156,5.427431939648217e-05,0.022678066631088137,0.9772676590495156
CUST0753,21,2982200,117050,3667200,0.39,33.1,6794,24,12.5,1,3,4.5,1789200,1,Low_Risk,2.711423685367544,3.0863749058518364,Low_Risk,0.9999999999999964,0.9999999999999964,1.8465061746363142e-15,0.0
CUST0754,47,1052600,47350,862700,0.34,14.4,3588,29,0.0,0,3,21.7,580600,0,Medium_Risk,1.873074437899155,-1.5633051002366372,Low_Risk,0.9865134275312706,0.013486572468729651,0.9865134275312706,1.3625839998474997e-39
CUST0755,40,1405000,60450,442100,0.49,67.0,1987,31,7.9,1,2,7.4,383300,0,Medium_Risk,-0.26733571765754216,-0.01728348673332709,Low_Risk,0.970438320535092,0.029561679464907332,0.970438320535092,9.174460542754156e-21
CUST0756,46,1242400,61450,724400,0.4,43.0,2538,26,0.1,1,3,11.7,661500,0,Medium_Risk,0.9039828977634282,-0.5887538836183883,Medium_Risk,0.9983074615058907,0.001692538494109577,0.9983074615058907,1.5445779376313178e-50
CUST0757,27,247000,16600,32200,0.64,80.1,1900,40,26.5,4,3,6.1,15700,2,High_Risk,-3.8295282430084527,0.4409277714448464,High_Risk,0.9999091792985486,8.414761078080869e-11,9.082061730360125e-05,0.9999091792985486
CUST0758,31,665700,40900,142500,0.6,47.4,1536,31,9.9,2,5,1.7,23000,2,High_Risk,-2.151874326350962,-0.15061219291585695,High_Risk,0.992925056640299,1.6672465582206136e-07,0.007074776635045573,0.992925056640299
CUST0759,27,1187400,53800,1884200,0.37,68.8,3271,45,14.4,3,3,17.1,164900,0,Medium_Risk,-0.7488558576116724,0.8555374032299035,Medium_Risk,0.9182614789523799,0.081738521047621,0.9182614789523799,4.4772096279524225e-175
CUST0760,39,1215100,32750,1818500,0.13,14.9,4476,22,0.0,0,1,20.0,513300,0,Medium_Risk,2.7918936498894213,-2.0779874764764785,Low_Risk,0.6540536795953958,0.34594632040460327,0.6540536795953958,4.4343859315092865e-114
CUST0761,51,2589200,115700,4858000,0.08,24.0,3595,27,0.0,0,0,17.9,3018200,1,Low_Risk,5.520109789971854,1.4086055092098404,Low_Risk,1.0,1.0,5.100154445378602e-52,0.0
CUST0762,31,1702600,92400,529200,0.22,31.6,7793,38,11.2,3,1,0.5,348300,0,Medium_Risk,1.256815014968431,1.1720449713906291,Medium_Risk,0.9928670230212472,0.007132976978545275,0.9928670230212472,2.0824182932024794e-13
CUST0763,41,705200,38400,352400,0.4,50.3,3727,33,8.9,3,3,10.0,209300,0,Medium_Risk,-0.6651879985144138,-0.36012950249700515,Medium_Risk,0.9915756048761146,0.0005552378764673943,0.9915756048761146,0.007869157247418343
CUST0764,42,752300,37000,355700,0.27,23.2,3581,23,7.2,2,2,16.7,185000,0,Medium_Risk,0.8379568845658585,-1.6131265805196857,Low_Risk,0.7413994970400907,0.007260165829382218,0.7413994970400907,0.2513403371305279
CUST0765,51,1386800,33900,2219300,0.18,20.5,3060,36,0.2,0,1,18.4,2333100,1,Low_Risk,2.8495923281097646,-0.979793214658847,Low_Risk,0.999999999999984,0.999999999999984,1.6238548074089325e-14,0.0
CUST0766,59,3492700,142800,2385800,0.28,15.4,3673,28,2.6,1,3,13.3,1343000,1,Low_Risk,4.2631187716305705,2.1802673371660024,Low_Risk,0.9999999970267588,0.9999999970267588,2.9732404618863626e-09,1.5326971914091916e-218
CUST0767,42,2538400,99500,1532700,0.13,12.6,4206,26,1.9,2,2,3.7,315000,1,Low_Risk,2.75059731413452,0.5288094564582083,Low_Risk,0.9884854181754454,0.9884854181754454,0.011514581824554008,5.009145804343876e-49
CUST0768,40,1049000,46450,466800,0.62,38.1,3812,20,6.0,0,3,8.1,64700,0,Medium_Risk,0.1341760963978258,-0.8529225012474358,Medium_Risk,0.993665869844068,0.00013422313928046015,0.993665869844068,0.00619990701665194
CUST0769,44,1401800,29500,2083700,0.31,9.7,4976,31,4.1,1,3,17.7,1008800,1,Low_Risk,1.9647777115456053,-0.7365179178796945,Low_Risk,0.992515261248873,0.992515261248873,0.007484738751126908,1.8524247604886668e-200
CUST0770,44,471200,31300,45800,0.73,91.5,2995,51,23.2,6,6,3.6,18400,2,High_Risk,-4.4330726211385265,2.1520281718940564,High_Risk,0.9997999423070387,2.652036048642866e-12,0.00020005769030922405,0.9997999423070387
CUST0771,40,2596000,93950,5564500,0.22,26.7,3668,32,6.1,2,2,12.6,3696600,1,Low_Risk,3.8343901941339555,2.7551701933151587,Low_Risk,1.0,1.0,1.3808505852410645e-73,0.0
CUST0772,53,1801400,73550,663600,0.37,34.3,5851,31,0.0,0,1,16.4,895400,0,Medium_Risk,2.7905574764618315,-0.38264861036711784,Low_Risk,0.5913389179823432,0.40866108201765605,0.5913389179823432,3.725788660727116e-119
CUST0773,47,619400,30150,227800,0.41,56.4,1943,56,16.9,4,3,14.1,93300,2,High_Risk,-1.9082890871045617,0.16137457892769194,High_Risk,0.9977030922768185,7.519963820461946e-07,0.0022961557267998844,0.9977030922768185
CUST0774,23,1167500,60500,247500,0.38,59.8,4195,44,14.6,1,1,0.5,49000,0,Medium_Risk,-0.8149467496314539,0.2677324319049258,Medium_Risk,0.9919474340773892,0.0008263189529678497,0.9919474340773892,0.007226246969642742
CUST0775,44,1407600,47150,2823300,0.05,16.6,3970,16,0.0,0,0,14.4,1528900,1,Low_Risk,3.6978257532813887,-1.4328849071600605,Low_Risk,0.9999999999999822,0.9999999999999822,1.841482928785822e-14,0.0
CUST0776,37,513700,24600,186500,0.31,50.7,3118,35,4.2,1,0,9.6,80400,2,High_Risk,0.03498801701411578,-1.8915665489948512,Medium_Risk,0.9922072090344478,1.210911844693672e-05,0.007780681847105185,0.9922072090344478
CUST0777,33,488600,22250,195700,0.66,64.9,2232,40,15.4,2,5,10.0,67500,2,High_Risk,-2.7032785664878065,0.022245922150347517,Medium_Risk,0.9994517892029229,1.3109478613127866e-08,0.0005481976875985074,0.9994517892029229
CUST0778,36,2391000,95000,3592200,0.31,25.9,4279,26,0.0,0,3,13.0,715800,1,Low_Risk,3.088994455108299,0.8400901238377689,Low_Risk,1.0,1.0,3.590858706126995e-17,0.0
CUST0779,21,995000,42550,1664000,0.55,55.4,5539,40,7.1,0,3,13.7,387900,1,Low_Risk,-0.10278899854957436,0.01990942235050194,Medium_Risk,0.9242545002357029,0.9242545002357029,0.07574549976429615,7.184874515720456e-133
CUST0780,66,3202100,117100,6784700,0.05,18.9,5969,13,3.7,2,2,19.1,9289700,1,Low_Risk,7.859100453463924,4.869705648486904,Low_Risk,1.0,1.0,0.0,0.0
CUST0781,33,555700,25600,80200,0.38,55.8,3421,26,12.3,2,2,2.3,21200,2,High_Risk,-1.1606840998062444,-0.9019243140083308,Medium_Risk,0.9872290442281278,1.0884287061657562e-05,0.012760071484810682,0.9872290442281278
CUST0782,39,3478800,87300,8923400,0.2,33.2,7644,38,0.9,0,0,11.9,2260300,1,Low_Risk,5.904477086106535,3.103875015300628,Low_Risk,1.0,1.0,6.589344148475966e-182,0.0
CUST0783,65,2113500,102250,1529300,0.33,23.9,2903,30,6.6,1,1,14.8,1393000,1,Low_Risk,3.0510981357001956,0.6140372069340154,Low_Risk,0.6102420294312261,0.6102420294312261,0.3897579705687733,1.1702725689778986e-243
CUST0784,40,867100,50850,343700,0.7,95.0,2715,42,22.9,3,3,11.0,104200,2,High_Risk,-2.5733159735080644,1.3294296035275432,High_Risk,0.9541674555193924,4.190827309192115e-08,0.04583250257233458,0.9541674555193924
CUST0785,21,689700,33900,227100,0.08,33.3,3093,39,3.3,2,0,4.6,250700,0,Medium_Risk,0.18332818324886116,-1.7205741867372228,Low_Risk,0.9915483912017631,0.008451569457611897,0.9915483912017631,3.9340624828480207e-08
CUST0786,51,3443500,140700,2286200,0.2,30.0,6416,33,0.0,0,2,13.6,882200,1,Low_Risk,4.665749775657258,1.9629097746883435,Low_Risk,0.9999993883070287,0.9999993883070287,6.116929715207154e-07,5.7067940222499234e-118
CUST0787,36,688100,36300,114200,0.61,70.0,3852,8,13.7,1,3,9.8,53200,2,High_Risk,-0.8912226758044134,-0.7041800775612639,Medium_Risk,0.9952421174548813,7.193806914249069e-07,0.00475716316442758,0.9952421174548813
CUST0788,53,1554400,54450,1383700,0.28,13.4,2203,19,0.0,0,2,15.4,1038300,0,Medium_Risk,2.572197579293623,-1.351948895274998,Low_Risk,0.9723342660629433,0.027665733937055834,0.9723342660629433,1.8341969542797384e-134
CUST0789,34,818100,33400,565100,0.45,28.5,3058,17,2.6,0,3,17.7,436500,0,Medium_Risk,0.75845983990101,-1.850959613682511,Low_Risk,0.9955548474859227,0.004445152514076992,0.9955548474859227,1.1763476092050414e-20
CUST0790,45,1628600,100250,855900,0.24,67.5,2420,39,10.1,2,2,9.4,497700,0,Medium_Risk,0.6329514743127547,1.0551513901750358,Medium_Risk,0.980078686673473,0.019921313326526746,0.980078686673473,3.122520313358744e-27
CUST0791,28,1634100,36600,2344300,0.18,5.0,4789,21,0.0,0,3,12.3,484600,1,Low_Risk,2.3564036653724214,-1.2533934344188062,Low_Risk,0.9389609407658979,0.9389609407658979,0.061039059234101335,7.711481170269184e-186
CUST0792,43,720100,17350,320200,0.23,28.7,3255,37,5.2,2,2,10.9,194000,0,Medium_Risk,0.15484410027179946,-1.6105930363078729,Low_Risk,0.9873597057478016,0.012529132992025223,0.9873597057478016,0.00011116126017336747
CUST0793,40,1901500,56350,1683800,0.37,44.5,5640,37,0.0,1,3,12.4,833400,0,Medium_Risk,1.6049969962802084,0.40415982503547654,Low_Risk,0.6736430144105044,0.3263569855894963,0.6736430144105044,1.402567971240601e-96
CUST0794,44,1974500,69800,2154400,0.4,50.8,4323,32,4.5,0,2,16.5,1559200,1,Low_Risk,2.1798868434305643,0.6183172428292987,Low_Risk,0.9990274555087434,0.9990274555087434,0.0009725444912560867,0.0
CUST0795,48,1259400,68900,524200,0.38,43.2,3451,28,5.4,2,4,11.1,687300,0,Medium_Risk,0.5439380975288283,0.192613705284242,Medium_Risk,0.9947384941772287,0.005261505822770758,0.9947384941772287,1.1866253193641583e-63
CUST0796,37,981200,26650,647600,0.18,5.0,3648,27,5.2,0,1,12.0,167300,0,Medium_Risk,1.5560652159524868,-2.3094153770786896,Low_Risk,0.9937578947188568,0.006185246269696053,0.9937578947188568,5.6859011446699544e-05
CUST0797,44,1909700,73200,2648600,0.45,62.9,2638,26,12.7,2,3,12.7,585100,1,Low_Risk,0.6912936390434544,1.2919615051039441,Medium_Risk,0.9999959695993136,0.9999959695993136,4.030400685689055e-06,3.538216744278724e-287
CUST0798,28,446000,24800,110100,0.47,52.3,1586,28,6.6,0,2,1.7,91500,2,High_Risk,-1.2219098600766778,-1.6065772338229725,Medium_Risk,0.994649259751652,8.275937488516747e-07,0.005349912654598701,0.994649259751652
CUST0799,40,305600,13000,90300,0.52,62.4,731,45,17.2,4,4,0.5,15900,2,High_Risk,-3.387991988292713,0.033489043844241,High_Risk,0.998309400254957,6.866644348435565e-08,0.0016905310785997219,0.998309400254957
CUST0800,53,1290700,46350,1085300,0.21,36.2,3228,36,4.4,1,1,14.9,1464000,1,Low_Risk,1.8325131404390236,-0.6946775236656325,Low_Risk,0.9965360462824021,0.9965360462824021,0.0034639537175980713,0.0
CUST0801,36,540200,16950,370900,0.25,36.0,2329,39,1.8,1,2,18.6,28700,2,High_Risk,0.15633450377911026,-2.2137288517045124,Low_Risk,0.8745833870406062,0.0011261632965971337,0.12429044966279654,0.8745833870406062
CUST0802,26,425500,19550,259400,0.35,41.3,1518,28,6.8,0,3,8.6,219000,0,Medium_Risk,-0.8353057380259221,-1.8903442484984012,Medium_Risk,0.9969664506438639,0.0029234171739921998,0.9969664506438639,0.00011013218214338612
CUST0803,41,1302300,55150,670100,0.26,8.7,4750,40,1.0,2,2,10.8,287700,0,Medium_Risk,1.4333958896196652,-0.7817955030263453,Low_Risk,0.9950493534234457,0.004949229993006364,0.9950493534234457,1.416583547106795e-06
CUST0804,41,421900,26050,141400,0.35,34.6,1826,20,12.3,2,3,12.3,56300,2,High_Risk,-0.6075593924725592,-1.573200236146845,Medium_Risk,0.9828657577604503,9.239216462696764e-05,0.017041850074922416,0.9828657577604503
CUST0805,33,1876300,73900,3084000,0.28,48.0,3599,23,17.3,1,0,14.8,3301300,1,Low_Risk,2.4588613681138436,1.3923439547209215,Low_Risk,1.0,1.0,1.8410869534727178e-36,0.0
CUST0806,48,621300,26800,182200,0.49,50.8,2180,30,5.3,1,4,5.5,128800,2,High_Risk,-0.9695832601906043,-0.9677594106351126,Medium_Risk,0.989566272621294,6.514024215123555e-07,0.010433075976284695,0.989566272621294
CUST0807,48,790500,39050,171300,0.4,38.5,3274,32,8.2,1,1,9.1,55300,2,High_Risk,0.2640254083819718,-1.2742385986276359,Medium_Risk,0.9782251988491684,1.0212203258838012e-05,0.021764588947572588,0.9782251988491684
CUST0808,29,887200,51250,364100,0.62,93.0,4579,43,14.4,3,5,3.3,117000,2,High_Risk,-2.6542434447500343,1.6274566199987524,High_Risk,0.5006718131862644,1.1834598571491012e-06,0.49932700335387936,0.5006718131862644
CUST0809,34,1563400,48600,1384800,0.32,17.6,3231,27,5.3,2,2,8.8,400800,0,Medium_Risk,1.0582801443554537,-0.6027386441516284,Low_Risk,0.9720758370115747,0.02792416298842562,0.9720758370115747,1.2379257475211045e-41
CUST0810,28,913600,23200,793000,0.29,22.9,4218,28,6.5,1,4,9.1,96800,0,Medium_Risk,0.04695328821154584,-1.2041393219397276,Low_Risk,0.9953541387857406,0.004645861213388759,0.9953541387857406,8.69934244593134e-13
CUST0811,39,516800,29450,95900,0.79,86.3,2097,43,22.0,5,5,4.5,85000,2,High_Risk,-4.093975805620775,1.499636670666276,High_Risk,0.9998177645535015,1.6196438784269781e-12,0.00018223544487873405,0.9998177645535015
CUST0812,52,489900,31100,211100,0.46,64.3,1574,33,8.9,2,3,20.6,342000,0,Medium_Risk,-0.6967669529461431,-0.9884112504871965,Medium_Risk,0.9978784771235739,0.0021215228764258007,0.9978784771235739,2.854222759318491e-17
CUST0813,40,1242200,52500,1671100,0.33,19.0,3092,11,6.5,0,1,18.7,1228900,1,Low_Risk,2.413092032270972,-1.3647254606231676,Low_Risk,0.9817034646815987,0.9817034646815987,0.018296535318400853,5.2437116967044074e-238
CUST0814,34,588600,24950,510500,0.34,23.6,1396,37,1.5,1,4,7.5,208300,0,Medium_Risk,-0.591480862793997,-1.5590640395700872,Medium_Risk,0.9985658963086164,0.0013761532872567375,0.9985658963086164,5.795040412775081e-05
CUST0815,35,677700,33100,394800,0.44,70.5,3265,47,18.4,5,2,10.4,256100,0,Medium_Risk,-2.0716148504347087,0.6167390676332436,Medium_Risk,0.999832436315514,1.2355490426288282e-05,0.999832436315514,0.00015520819405885484
CUST0816,54,1357900,61850,827300,0.3,31.7,2802,28,1.4,1,2,10.6,394700,0,Medium_Risk,1.5333352886958522,-0.8237196573925827,Low_Risk,0.9985765138343059,0.0014234861655482262,0.9985765138343059,1.4586171506053004e-13
CUST0817,43,951400,31000,706200,0.25,20.0,3219,23,0.0,0,1,14.7,365800,0,Medium_Risk,1.7544486468691631,-2.3222323677372665,Low_Risk,0.9982266359186391,0.0017733640778611216,0.9982266359186391,3.499680293873069e-12
CUST0818,54,2313800,48200,4651800,0.22,33.3,6756,13,1.8,1,0,22.3,1599400,1,Low_Risk,4.773146075750797,0.10527782033679106,Low_Risk,1.0,1.0,9.827372122901258e-34,0.0
CUST0819,30,750900,44500,197600,0.56,80.2,3477,45,17.2,5,3,0.5,69700,2,High_Risk,-2.9048394936284097,1.310949614814211,High_Risk,0.9980136714382123,5.428717221546072e-10,0.001986328018916178,0.9980136714382123
CUST0820,29,789600,29400,458500,0.3,45.5,2448,24,4.7,1,0,7.3,74400,0,Medium_Risk,0.20637083363802736,-1.921893906258279,Medium_Risk,0.6574406976809953,0.0008008793155085957,0.6574406976809953,0.34175842300349557
CUST0821,21,1094800,46200,1357700,0.13,38.5,4529,38,3.2,0,0,11.0,123500,0,Medium_Risk,1.3632296047901664,-1.378940713095513,Medium_Risk,0.9319320386900286,0.06806796130997146,0.9319320386900286,3.906050672647385e-74
CUST0822,25,361100,21250,198300,0.56,65.0,1169,25,17.1,6,5,9.1,18400,2,High_Risk,-3.376040516057741,0.1820673866679015,High_Risk,0.9996033119605473,1.0529932076069103e-10,0.00039668793415327573,0.9996033119605473
CUST0823,51,1616700,42450,3871100,0.2,26.9,2602,37,0.0,0,0,25.4,1735000,1,Low_Risk,3.5077651662458083,-0.8234921962370892,Low_Risk,1.0,1.0,2.3891040967884298e-24,0.0
CUST0824,45,1778400,38550,1931900,0.27,16.7,5780,17,0.0,0,2,11.5,696500,1,Low_Risk,2.826297756685811,-1.0461628818826236,Low_Risk,0.6643560095846108,0.6643560095846108,0.3356439904153892,2.177045945227694e-110
CUST0825,39,1166700,52050,1067700,0.35,29.1,2978,27,7.0,3,3,19.8,710300,0,Medium_Risk,0.7523163575231634,-0.4331134606571012,Low_Risk,0.9844295604791332,0.01557043952086726,0.9844295604791332,3.5412666978750808e-65
CUST0826,65,1423200,70250,810600,0.25,35.5,5017,37,1.0,0,1,19.2,1471600,1,Low_Risk,2.9957386621333453,-0.46635948030593655,Medium_Risk,0.9886708488844883,0.9886708488844883,0.011329151115512177,0.0
CUST0827,34,911400,37600,621300,0.13,14.5,2168,41,2.6,0,1,6.5,224300,0,Medium_Risk,0.9031958262053437,-1.927668064451363,Low_Risk,0.9949192777982002,0.004611206096344737,0.9949192777982002,0.00046951610545511367
CUST0828,37,550100,24000,171600,0.6,84.7,2649,41,22.2,6,5,6.1,97300,2,High_Risk,-3.7661033110001476,1.39143730564994,High_Risk,0.9975707077692361,1.4812210784479517e-09,0.0024292907495429526,0.9975707077692361
CUST0829,30,2674200,91800,3008300,0.18,8.8,8666,22,5.2,1,3,8.8,1497000,1,Low_Risk,3.831907042226457,1.5487329995636578,Low_Risk,0.9999999628894798,0.9999999628894798,3.711051969380522e-08,0.0
CUST0830,39,840800,36950,380100,0.27,26.8,1653,39,0.0,2,2,7.7,90600,2,High_Risk,0.06313432351086991,-1.5000685065926092,Medium_Risk,0.9218464976651176,0.00024646650980313496,0.07790703582507937,0.9218464976651176
CUST0831,50,528900,33600,46500,0.53,60.2,2751,33,14.1,3,4,12.3,11500,2,High_Risk,-1.5559486113194128,-0.1709770119995503,High_Risk,0.9928802605828962,9.359708888576574e-07,0.007118803446214708,0.9928802605828962
CUST0832,42,1479400,44500,1525000,0.31,28.2,3247,26,2.9,0,2,13.0,1478700,1,Low_Risk,1.8716546021932743,-0.7635719298600873,Low_Risk,0.9871405462884094,0.9871405462884094,0.012859453711591272,2.15326926e-316
CUST0833,50,1704200,54950,2213100,0.21,17.7,4221,26,2.7,0,0,23.4,1970800,1,Low_Risk,3.763292093815344,-0.8890293540241021,Low_Risk,0.9999999573409193,0.9999999573409193,4.265908079674116e-08,0.0
CUST0834,40,985400,30400,1153200,0.31,29.3,3398,19,3.8,1,1,17.1,259300,0,Medium_Risk,1.4182956917619374,-1.8799833392082503,Low_Risk,0.989682952334512,0.010317047665488494,0.989682952334512,5.446976809913212e-38
CUST0835,39,423900,31650,50300,0.55,75.7,1333,41,17.6,3,2,14.9,16700,2,High_Risk,-2.1767895444111987,-0.3119269776741748,High_Risk,0.9895153825583988,4.388189866160367e-07,0.010484178622614464,0.9895153825583988
CUST0836,26,583600,28950,344700,0.54,79.7,2334,42,7.9,2,2,6.0,781300,0,Medium_Risk,-1.8642666629707614,-0.17108366554477583,Medium_Risk,0.9982347761764626,0.001765223823537255,0.9982347761764626,6.476852009370451e-107
CUST0837,33,1645300,35550,2041000,0.32,35.3,5241,28,9.9,2,2,10.9,753600,1,Low_Risk,1.0964592521319734,0.05876723056909519,Low_Risk,0.9144332088438287,0.9144332088438287,0.08556679115617065,7.443754744211528e-138
CUST0838,34,476300,27050,76000,0.57,81.1,1671,22,21.4,4,2,5.5,3800,2,High_Risk,-2.6400840231734084,-0.06258464875756559,High_Risk,0.9990723774580577,2.9854663305827723e-09,0.0009276195564760122,0.9990723774580577
CUST0839,45,1387400,59250,889500,0.17,5.0,3099,31,7.6,1,1,8.4,1137100,0,Medium_Risk,1.9516340509991696,-0.8308039762885865,Low_Risk,0.858913045018542,0.1410869549814575,0.858913045018542,1.1415470422840377e-183
CUST0840,51,2503200,66000,5974800,0.1,27.0,4149,32,3.2,0,0,20.6,2077200,1,Low_Risk,4.897902751561082,0.793368620404182,Low_Risk,1.0,1.0,2.07176935884565e-66,0.0
CUST0841,45,599500,47450,39900,0.67,67.3,3298,41,13.3,3,5,14.0,11200,2,High_Risk,-2.0154904763248527,0.6037582364469783,High_Risk,0.9471234868475273,1.384107304115103e-06,0.05287512904516829,0.9471234868475273
CUST0842,40,942900,35350,597200,0.56,71.9,2892,47,6.9,0,4,12.1,118300,0,Medium_Risk,-1.1372742936663354,-0.14594734503907733,Medium_Risk,0.9973940996462708,6.230221380195486e-05,0.9973940996462708,0.0025435981399276695
CUST0843,35,807700,27150,600500,0.1,28.6,3437,30,0.0,0,1,9.1,372600,0,Medium_Risk,1.2853267979614904,-2.226500210822853,Low_Risk,0.9948278620200115,0.005172137979946759,0.9948278620200115,4.226323461605148e-14
CUST0844,38,458800,30400,74100,0.48,80.9,1231,34,21.0,7,3,3.0,32700,2,High_Risk,-3.4226691017338435,0.8314437170418268,High_Risk,0.9998615402909424,8.278547601216288e-12,0.00013845970077901057,0.9998615402909424
CUST0845,46,1125000,46050,811800,0.47,69.3,3475,38,17.0,3,3,9.8,582000,0,Medium_Risk,-0.9887699883410278,0.901210322511996,Medium_Risk,0.9995513019107366,0.00044869808926339873,0.9995513019107366,7.37825855205951e-40
CUST0846,50,1335300,27800,2411500,0.13,28.6,4747,29,6.7,2,2,15.5,514900,1,Low_Risk,1.9094824023165495,-0.7097848731087141,Low_Risk,0.9999996711335574,0.9999996711335574,3.2886644267230177e-07,7.090797813214137e-255
CUST0847,47,1786900,71750,1829300,0.25,35.9,3629,32,0.5,1,2,12.7,1178200,1,Low_Risk,2.259556838963911,0.08155457793845493,Low_Risk,0.6757230521729848,0.6757230521729848,0.32427694782701594,1.1617274961243623e-195
CUST0848,43,2884400,84850,3306500,0.24,39.2,5455,40,8.1,2,2,16.5,751000,1,Low_Risk,2.817499049715368,1.7622699418193413,Low_Risk,0.9999999943217901,0.9999999943217901,5.678209648803131e-09,0.0
CUST0849,52,1640300,49150,2621500,0.3,12.4,3005,27,3.4,1,3,19.4,1236100,1,Low_Risk,2.448323014044868,-0.4228525041950146,Low_Risk,0.999993072046024,0.999993072046024,6.927953975279127e-06,0.0
CUST0850,23,1263100,64800,679100,0.33,67.2,4412,45,8.3,2,2,0.5,201300,0,Medium_Risk,-0.6937955840885095,0.6931810830632439,Medium_Risk,0.9997740289876869,0.0002171960401756316,0.9997740289876869,8.774972136780352e-06
CUST0851,30,330900,21350,67100,0.79,53.7,3508,37,19.7,2,4,15.8,10100,2,High_Risk,-2.471095608200492,-0.19656232472391344,High_Risk,0.9998180691218997,7.06343729028708e-09,0.0001819238146627079,0.9998180691218997
CUST0852,35,789500,56400,66400,0.41,78.5,4356,42,20.3,6,3,0.5,43600,2,High_Risk,-2.4817107334953077,1.6548761476193257,High_Risk,0.963144700755448,1.3918679114812467e-07,0.0368551600577612,0.963144700755448
CUST0853,40,993300,49000,1200400,0.31,69.3,2341,49,5.5,2,2,13.0,692800,0,Medium_Risk,-0.22231042361696038,0.05915772709293403,Medium_Risk,0.9821201381228157,0.017879861877183854,0.9821201381228157,1.2155430246775125e-82
CUST0854,31,571000,34550,55000,0.83,72.0,2982,28,13.6,3,4,0.5,42600,2,High_Risk,-2.9242641874527675,0.4808196399829026,High_Risk,0.9996930879073687,5.2924689789528205e-12,0.00030691208733858065,0.9996930879073687
CUST0855,38,853700,52500,140000,0.58,63.6,2977,34,14.3,4,5,3.9,100300,2,High_Risk,-2.2274790590816878,1.0087464109460118,High_Risk,0.9640296206986939,1.5461409399599434e-07,0.03597022468721217,0.9640296206986939
CUST0856,42,1385200,33400,2190400,0.28,45.9,3076,29,7.2,2,1,14.7,729900,1,Low_Risk,1.1671458208177947,-0.5409735634739039,Low_Risk,0.9877074900402499,0.9877074900402499,0.012292509959749613,3.665193879226177e-185
CUST0857,50,664100,33500,209900,0.46,55.3,2438,40,9.1,4,3,4.5,249700,0,Medium_Risk,-1.4732417629052907,-0.01375518432622341,Medium_Risk,0.9994876460030898,2.0338161918911114e-05,0.9994876460030898,0.0004920158349916102
CUST0858,42,375400,21650,47600,0.5,81.2,1069,48,21.0,5,3,6.0,10700,2,High_Risk,-3.396563996512647,0.5138153246426679,High_Risk,0.9996150655869243,1.92261305498082e-09,0.0003849324904626012,0.9996150655869243
CUST0859,26,687100,24850,555300,0.55,43.8,2126,24,6.4,2,3,6.4,268000,0,Medium_Risk,-1.1954641428767914,-1.009293633930504,Medium_Risk,0.999937949142791,6.164727391508202e-05,0.999937949142791,4.0358329415000837e-07
CUST0860,47,2005500,59800,3249300,0.17,22.7,4563,15,9.6,2,2,12.6,730700,1,Low_Risk,2.749856180001562,0.245196650719716,Low_Risk,0.9999999999997335,0.9999999999997335,2.669912217771512e-13,0.0
CUST0861,37,282400,11250,72800,0.54,32.2,1788,21,7.0,1,4,13.3,23300,2,High_Risk,-1.038762144400586,-1.9869328705293516,Medium_Risk,0.9970435829626182,3.0136778507147103e-06,0.0029534033595310033,0.9970435829626182
CUST0862,24,506000,27100,126800,0.54,58.7,4237,42,15.1,2,3,4.5,21400,2,High_Risk,-2.1017266445883984,-0.08823261174039407,Medium_Risk,0.9944730405334284,6.707019476560957e-07,0.005526288764624207,0.9944730405334284
CUST0863,48,1052900,57600,370100,0.45,50.6,4858,34,8.8,1,2,13.2,340200,0,Medium_Risk,0.5676549097687417,-0.2316697262123707,Medium_Risk,0.9994315176791922,0.0005684819650869893,0.9994315176791922,3.5572061588067794e-10
CUST0864,51,5000000,160900,8461500,0.26,41.6,5426,26,8.3,0,1,13.0,9516900,1,Low_Risk,8.257963730046951,7.366481993110789,Low_Risk,1.0,1.0,1.03181e-318,0.0
CUST0865,51,1509100,47600,1946700,0.21,11.7,2274,19,2.0,0,2,14.9,1081200,1,Low_Risk,2.6308012873995845,-1.3284167570062133,Low_Risk,0.7076962975406708,0.7076962975406708,0.2923037024593291,5.508411083762954e-190
CUST0866,21,395200,24350,135300,0.72,69.0,1805,38,17.3,3,4,11.5,19800,2,High_Risk,-3.1929285512762062,0.02414574273279629,High_Risk,0.9999198352812398,3.2328610713231187e-10,8.016439547382711e-05,0.9999198352812398
CUST0867,30,227900,10150,25700,0.75,93.2,1873,32,19.7,6,3,7.6,13400,2,High_Risk,-4.054858787453148,0.45391112784874815,High_Risk,0.9999623007897875,7.355331446091528e-14,3.7699210138486e-05,0.9999623007897875
CUST0868,45,672000,35950,157600,0.45,45.3,2678,28,6.9,0,3,11.3,30200,2,High_Risk,-0.16942657778026032,-1.354630421013996,Medium_Risk,0.9940089626903331,2.5586617218873844e-06,0.005988478647945015,0.9940089626903331
CUST0869,48,1743400,105950,1285200,0.48,58.5,1721,33,13.9,2,3,6.9,727700,0,Medium_Risk,0.21494331964679905,1.705879268569736,Medium_Risk,0.9275538188512467,0.07244618114875297,0.9275538188512467,1.5197245641458502e-79
CUST0870,45,1376900,48000,1096300,0.27,5.0,6578,23,0.0,0,1,15.6,1617000,1,Low_Risk,3.258150661213012,-1.1902118785367937,Low_Risk,0.9999103485852201,0.9999103485852201,8.965141478041535e-05,0.0
CUST0871,51,449300,16500,251100,0.61,33.9,2402,42,1.3,2,5,16.7,69500,2,High_Risk,-1.0380465689466731,-1.150996846290015,Medium_Risk,0.9962964067366945,1.4041444992068404e-06,0.003702189118805892,0.9962964067366945
CUST0872,40,467500,30500,27800,0.62,77.1,2620,34,19.2,5,3,4.5,14300,2,High_Risk,-2.9176765115161265,0.6066706615134927,High_Risk,0.9994949339986897,1.260110657733824e-10,0.0005050658752991557,0.9994949339986897
CUST0873,24,613600,39900,121900,0.54,88.3,2306,28,28.0,6,4,2.4,100800,2,High_Risk,-3.7797245188032247,1.4981348920246935,High_Risk,0.9967695865185071,6.280992476003519e-10,0.0032304128533929776,0.9967695865185071
CUST0874,47,1209700,76200,338200,0.4,48.7,2972,17,15.8,2,2,5.0,477000,0,Medium_Risk,0.24254442318993347,0.24272107132604495,Medium_Risk,0.9996626572817441,0.00033734271825669644,0.9996626572817441,5.447424707192205e-27
CUST0875,33,338200,18750,59800,0.66,78.9,1451,50,12.2,3,3,4.7,45400,2,High_Risk,-3.2335122288221188,-0.013539560804346882,High_Risk,0.9997298265167749,3.553938017956585e-10,0.00027017312783140547,0.9997298265167749
CUST0876,34,1827000,41450,1314000,0.25,24.9,5754,23,11.0,2,1,5.6,779100,1,Low_Risk,1.5147576934907978,-0.14712049647587178,Low_Risk,0.9075784466634557,0.9075784466634557,0.09242155333654428,2.705654378742214e-83
CUST0877,44,1237000,38100,1585100,0.34,13.1,2417,21,3.2,1,5,13.4,496300,0,Medium_Risk,0.9590824131875239,-0.9372531049851341,Low_Risk,0.9676923040583986,0.032307695941601426,0.9676923040583986,9.3672798280036e-81
CUST0878,31,255300,13400,40200,0.75,79.5,3753,31,22.8,6,5,10.2,13200,2,High_Risk,-3.869826434426125,0.9288500323486707,High_Risk,0.9997730888420414,1.6830950425980267e-11,0.00022691114112798836,0.9997730888420414
CUST0879,26,996600,53900,705900,0.41,61.1,5653,32,6.1,0,3,17.0,58200,0,Medium_Risk,0.36997330183524796,-0.4597193144205573,Medium_Risk,0.9964902401045224,0.003509759894176376,0.9964902401045224,1.3010644812539871e-12
CUST0880,42,1452100,57300,1026800,0.22,32.3,4575,28,3.6,0,0,16.0,615100,0,Medium_Risk,2.4335674159911016,-1.206232707899617,Low_Risk,0.9930029554049331,0.0069970445950667615,0.9930029554049331,1.9076041839936574e-39
CUST0881,41,924000,58200,241100,0.46,54.9,3224,51,8.9,1,4,8.5,53400,2,High_Risk,-0.969102686690876,0.2759245881932135,Medium_Risk,0.9324039098836518,1.670252432983689e-05,0.06757938759201805,0.9324039098836518
CUST0882,48,1176400,37850,1436200,0.33,19.7,2794,28,0.0,2,3,14.9,1610900,1,Low_Risk,1.4521235731791036,-0.7267066476169481,Low_Risk,0.9997037588339697,0.9997037588339697,0.00029624116602942544,0.0
CUST0883,39,633500,28750,432200,0.39,29.2,1868,30,4.6,2,3,10.3,72100,0,Medium_Risk,-0.4169131229429921,-1.446675539326281,Medium_Risk,0.9530889932061583,0.0011433653369978742,0.9530889932061583,0.045767641456843935
CUST0884,44,644700,24300,638900,0.42,57.7,1497,38,5.3,1,1,15.3,304200,0,Medium_Risk,-0.24954308730927513,-1.4956526579641893,Low_Risk,0.9992353745212071,0.0007646254736671981,0.9992353745212071,5.125127056428765e-12
CUST0885,37,722600,37700,197600,0.57,41.0,1785,29,3.6,0,3,3.1,170700,2,High_Risk,-0.7570700162464974,-1.19261907770866,Medium_Risk,0.940875617700695,1.4030614626146833e-06,0.05912297923784254,0.940875617700695
CUST0886,48,464900,29650,52800,0.49,72.1,1387,42,10.1,3,2,8.2,20100,2,High_Risk,-1.7858135139607918,-0.5137040643738084,High_Risk,0.9955716743044619,2.5006378351714783e-07,0.00442807563175485,0.9955716743044619
CUST0887,35,414100,24550,41000,0.46,64.1,1674,46,5.0,3,5,1.1,10400,2,High_Risk,-2.6295098677910205,-0.19150171665126073,High_Risk,0.9975592176640333,6.814283533366399e-08,0.002440714193131565,0.9975592176640333
CUST0888,43,858400,44300,393300,0.37,32.3,1633,54,10.3,4,3,6.4,146100,2,High_Risk,-1.3070444791101883,0.08183010459357418,Medium_Risk,0.9337853155339745,2.2973441844238008e-05,0.06619171102418148,0.9337853155339745
CUST0889,45,1247100,48900,877300,0.21,13.2,3633,17,2.0,3,3,14.0,340200,0,Medium_Risk,1.5448301085137723,-1.1111289486414526,Low_Risk,0.9974848764132681,0.002515123585921342,0.9974848764132681,8.109448992907031e-13
CUST0890,24,1504800,42550,2477000,0.13,12.4,3923,45,1.3,0,2,1.8,459400,1,Low_Risk,1.377911631858111,-0.6098911297131662,Low_Risk,0.999999698606188,0.999999698606188,3.0139381362053315e-07,1.430554715150369e-265
CUST0891,38,455000,23100,136600,0.54,42.0,2014,21,7.0,3,4,3.0,67200,2,High_Risk,-1.6110366453113465,-0.9343405775892163,Medium_Risk,0.9982313198638457,3.221527623972428e-08,0.0017686479208778598,0.9982313198638457
CUST0892,50,2040300,89400,770300,0.39,30.0,6557,17,4.2,1,3,6.6,999200,0,Medium_Risk,2.3941453232541074,0.7305286447508778,Low_Risk,0.9272891795280683,0.07271082047193211,0.9272891795280683,3.738417931196562e-142
CUST0893,35,364400,23350,64200,0.57,66.0,1840,31,10.2,3,4,6.8,30100,2,High_Risk,-2.3557995035040595,-0.4774621711307076,High_Risk,0.9983592432902332,2.731948002581387e-08,0.0016407293902866665,0.9983592432902332
CUST0894,39,752000,17450,356500,0.34,41.9,1849,25,0.0,0,2,6.6,135500,0,Medium_Risk,0.08791508648915763,-2.1736541042608644,Low_Risk,0.8081225557897618,0.001492058127334882,0.8081225557897618,0.19038538608290403
CUST0895,49,3411700,133800,3491800,0.32,25.7,5945,17,0.0,0,2,7.2,5379000,1,Low_Risk,5.5920734099736835,3.416363559025957,Low_Risk,1.0,1.0,4.5380604339936834e-86,0.0
CUST0896,48,2100900,102450,1362200,0.27,11.9,6373,20,0.0,0,1,15.3,2503200,1,Low_Risk,4.371597925649247,0.3926479155689631,Low_Risk,1.0,1.0,7.578868853286763e-16,0.0
CUST0897,36,1719400,35800,1829500,0.3,14.4,5464,33,0.0,0,1,5.9,768000,1,Low_Risk,2.142734855975469,-0.8701065569750367,Low_Risk,0.6982688819279983,0.6982688819279983,0.3017311180720015,3.001200282442077e-108
CUST0898,33,693300,35600,106600,0.71,73.9,2893,32,23.8,5,4,0.5,65600,2,High_Risk,-3.4400306273624244,1.3113381982756895,High_Risk,0.998562781563061,6.298288028764565e-11,0.001437218373956455,0.998562781563061
CUST0899,32,767100,34500,186000,0.45,73.7,1950,36,13.0,3,1,0.5,53500,2,High_Risk,-1.8591651576493176,-0.21761589651598884,Medium_Risk,0.967975245030151,1.4514758657302286e-06,0.032023303493983184,0.967975245030151
CUST0900,37,460700,22700,110800,0.45,55.2,3372,27,8.3,1,1,7.7,45300,2,High_Risk,-0.5711539108486987,-1.5346603561361365,Medium_Risk,0.9960042805144793,1.2640486986398675e-06,0.003994455436822019,0.9960042805144793
CUST0901,50,2157200,71350,3058800,0.14,21.8,5248,34,0.0,0,1,24.0,274800,1,Low_Risk,3.979389162621095,-0.46753364252468677,Low_Risk,0.9999999995953015,0.9999999995953015,4.0469767969170344e-10,0.0
CUST0902,27,1612800,68100,3885900,0.12,19.6,2157,29,1.5,0,1,5.6,3592900,1,Low_Risk,2.9924428034331543,0.513652790392403,Low_Risk,1.0,1.0,6.239046862515509e-59,0.0
CUST0903,50,878500,36750,416500,0.52,41.3,3385,26,8.8,1,3,18.2,64200,0,Medium_Risk,0.211169634221977,-1.0429236257385037,Medium_Risk,0.6516195357009419,0.0008754232404757944,0.6516195357009419,0.3475050410585824
CUST0904,45,2065400,102650,1361400,0.22,46.2,3569,20,8.0,3,2,9.9,428100,0,Medium_Risk,1.8161740669604964,0.9271602379611736,Low_Risk,0.8185961497981668,0.18140385020183347,0.8185961497981668,4.797435315165459e-37
CUST0905,30,576700,37600,270100,0.51,71.7,1389,30,16.6,5,4,8.0,51300,2,High_Risk,-2.7297922143735707,0.4110702988342308,High_Risk,0.9794459969233631,4.777049922598031e-08,0.020553955306137506,0.9794459969233631
CUST0906,36,1671300,88900,1013200,0.38,26.1,4076,32,4.4,0,1,14.8,1688600,1,Low_Risk,2.3188315453705797,0.0801738617873907,Low_Risk,0.9999977521316468,0.9999977521316468,2.2478683529753932e-06,0.0
CUST0907,53,1338300,55450,807800,0.38,44.4,1919,27,14.3,2,2,10.1,1377500,1,Low_Risk,0.48836698394781175,0.19949593958741085,Medium_Risk,0.8699756840720806,0.8699756840720806,0.13002431592791858,1.0506624763215126e-301
CUST0908,39,662500,28600,167700,0.56,55.1,5792,38,13.6,2,2,5.4,43300,2,High_Risk,-1.0554855615743874,-0.1387869094393305,Medium_Risk,0.6920700011838826,5.674370731873966e-05,0.30787325510879887,0.6920700011838826
CUST0909,55,985800,63250,230300,0.59,39.6,2748,26,14.9,3,2,7.5,282600,0,Medium_Risk,-0.35527035671091034,0.16033525954939892,Medium_Risk,0.9999738113075362,3.683047883686006e-06,0.9999738113075362,2.2505644580949087e-05
CUST0910,40,1798100,103200,2720100,0.52,68.3,1976,55,19.0,3,4,12.5,706700,1,Low_Risk,-0.6264996051808023,3.0244450592253287,High_Risk,0.9999999999040519,0.9999999999040519,9.594728260635985e-11,0.0
CUST0911,45,650700,35900,194300,0.48,32.5,1212,18,14.4,1,3,7.8,118900,2,High_Risk,-0.6508348880546303,-1.2341064639673909,Medium_Risk,0.9932462213071775,3.484040532788942e-06,0.006750294652289906,0.9932462213071775
CUST0912,35,2247600,71700,1680200,0.29,35.7,3408,31,7.6,2,2,0.5,1409800,1,Low_Risk,1.2409337848719404,1.0771733444207199,Low_Risk,0.9995620480724529,0.9995620480724529,0.00043795192754676044,1.788597370957562e-264
CUST0913,35,1268000,37800,1565200,0.16,36.9,3033,25,0.0,0,2,11.8,1434700,1,Low_Risk,1.7645668252682363,-1.161861852518875,Low_Risk,0.9983222028441302,0.9983222028441302,0.0016777971558691494,9.70445470524e-313
CUST0914,40,1582000,55800,932300,0.35,20.1,4179,24,3.2,0,2,10.2,1201500,1,Low_Risk,1.9207936758045545,-0.6809374826806635,Low_Risk,0.6516323976273816,0.6516323976273816,0.3483676023726181,7.285395554441658e-213
CUST0915,47,772400,45600,178600,0.59,76.7,2099,40,18.0,6,3,9.9,126400,2,High_Risk,-2.4717811692101352,1.091565495727923,Medium_Risk,0.9940398222500468,1.5193338513588048e-09,0.005960176230618888,0.9940398222500468
CUST0916,41,648600,33850,218300,0.37,65.2,2556,40,17.6,5,3,6.5,36400,2,High_Risk,-2.099887132172868,0.4076857904718111,Medium_Risk,0.9986926791083839,6.691847897183484e-08,0.0013072539731372392,0.9986926791083839
CUST0917,39,1145000,43750,1211700,0.2,35.8,2968,22,3.1,0,0,15.7,535000,0,Medium_Risk,1.9761000372054005,-1.8325519990064252,Low_Risk,0.9923230072147684,0.007676992785231155,0.9923230072147684,3.744825494649864e-47
CUST0918,50,662600,13950,412600,0.47,30.2,2786,36,13.1,1,2,23.6,51100,0,Medium_Risk,0.03988120008115501,-1.694419372825519,Low_Risk,0.9744800345954902,0.016949218673582057,0.9744800345954902,0.008570746730927264
CUST0919,50,1103700,61000,536200,0.45,43.4,2571,27,2.3,0,2,13.6,405300,0,Medium_Risk,1.0420836143848584,-0.9966213390294739,Medium_Risk,0.9995034019795739,0.0004965980203765172,0.9995034019795739,5.039331987058581e-14
CUST0920,35,649200,38100,167800,0.6,58.6,2637,36,12.4,3,4,5.6,176200,0,Medium_Risk,-2.082304979717444,0.20995047096820527,High_Risk,0.5308173077331985,3.9921005236162586e-06,0.5308173077331985,0.4691787001662783
CUST0921,49,957700,29050,1042100,0.29,26.1,3031,27,2.4,1,1,17.9,409600,0,Medium_Risk,1.5357747781108952,-1.887674647365592,Low_Risk,0.993092656232077,0.006907343767922651,0.993092656232077,8.343189450805807e-31
CUST0922,31,929600,31500,614000,0.21,23.1,3300,35,0.3,1,1,10.1,270300,0,Medium_Risk,0.9004890020411593,-1.8533466041534088,Low_Risk,0.9973494755305905,0.0026337965962676805,0.9973494755305905,1.6727873141791034e-05
CUST0923,35,1196000,52200,588000,0.48,44.6,4796,34,3.6,1,3,6.7,724100,0,Medium_Risk,0.2318585925095246,-0.03307145886813682,Medium_Risk,0.9987874661190885,0.0012125338809117262,0.9987874661190885,9.37858866423245e-72
CUST0924,50,3317100,114650,12992100,0.09,16.4,2590,45,2.6,0,2,20.9,12477700,1,Low_Risk,8.730222133181075,7.205927166978885,Low_Risk,1.0,1.0,0.0,0.0
CUST0925,61,1936800,49000,1935500,0.25,15.9,6737,44,1.1,0,1,24.7,894700,1,Low_Risk,3.6703342938266488,-0.5612555110124462,Low_Risk,0.8736441831743309,0.8736441831743309,0.12635581682567076,8.952689032536926e-124
CUST0926,28,814300,36000,425800,0.39,45.5,3206,37,16.6,4,4,1.3,45800,0,Medium_Risk,-2.0020114735265016,0.42668159145774576,Medium_Risk,0.8226178657001316,6.873377141857697e-05,0.8226178657001316,0.17731340052844963
CUST0927,41,744200,26800,447400,0.41,51.0,2322,25,2.4,0,3,10.6,100700,2,High_Risk,-0.08165276867152092,-1.622747024937401,Medium_Risk,0.7284140717254697,0.00010250438221827692,0.2714834238923121,0.7284140717254697
CUST0928,21,422000,27100,29000,0.56,52.7,3359,21,14.7,5,4,0.5,13300,2,High_Risk,-2.6863870856305563,0.043475906140162,High_Risk,0.9985842418159012,1.284235243455777e-09,0.0014157568998636745,0.9985842418159012
CUST0929,43,751000,27500,408200,0.4,59.0,3444,40,14.4,5,3,12.0,112500,2,High_Risk,-1.5026076124096628,0.19652856975460428,Medium_Risk,0.9029516674871103,1.3290368910146045e-05,0.09703504214397977,0.9029516674871103
CUST0930,41,1078800,40700,622700,0.44,42.3,3782,29,4.0,1,3,5.2,217700,0,Medium_Risk,0.0646864674929243,-0.6310794888084794,Medium_Risk,0.9996200859654208,0.00022559142719177263,0.9996200859654208,0.00015432260738741692
CUST0931,30,310100,17750,67000,0.75,87.4,953,45,27.8,5,6,0.5,32500,2,High_Risk,-5.25702676202951,1.5760703935127525,High_Risk,0.9999314289743225,2.1208905718987e-12,6.857102355705819e-05,0.9999314289743225
CUST0932,41,2266100,48200,3460900,0.05,5.0,6958,32,0.0,0,0,10.8,6111900,1,Low_Risk,5.31627227598461,1.1673129128636053,Low_Risk,1.0,1.0,2.607382085731223e-137,0.0
CUST0933,29,756500,44900,298400,0.79,86.6,3407,57,23.0,4,6,11.3,66500,2,High_Risk,-3.8926912581234037,2.1622741755109223,High_Risk,0.9996167632530883,7.96964693110843e-11,0.0003832366672151215,0.9996167632530883
CUST0934,33,593000,28850,206300,0.59,67.2,2510,39,2.8,0,3,11.1,75400,2,High_Risk,-1.1754628606212698,-1.0682651148835736,Medium_Risk,0.998873797020604,4.4202526773404254e-08,0.0011261587768689246,0.998873797020604
CUST0935,53,3359600,113300,2820800,0.3,40.6,9692,39,13.8,3,2,8.5,2943200,1,Low_Risk,3.7627958792770375,4.154732593544307,Low_Risk,1.0,1.0,1.8668929912087075e-25,0.0
CUST0936,26,766800,26900,219000,0.29,9.8,6353,43,0.0,0,1,4.2,361500,0,Medium_Risk,0.9185051812172325,-1.7118837823916886,Low_Risk,0.992924788928271,0.007075211071729396,0.992924788928271,9.350774413391785e-24
CUST0937,48,1576400,47450,1404600,0.37,21.3,3019,36,1.5,1,3,12.6,722200,0,Medium_Risk,1.330834948394428,-0.485025206653655,Low_Risk,0.9705711650539763,0.02942883494602328,0.9705711650539763,5.952682065680886e-67
CUST0938,21,368800,22250,82600,0.64,63.5,1965,34,12.6,1,4,6.2,23200,2,High_Risk,-2.592643859056871,-0.6352554570243669,High_Risk,0.9996502182109164,1.0363501205285205e-08,0.0003497714255825324,0.9996502182109164
CUST0939,48,1333900,51350,482600,0.26,27.8,4016,34,3.5,1,1,12.7,820000,0,Medium_Risk,1.6827329647115534,-0.9414889555548983,Low_Risk,0.839153904431239,0.1608460955687603,0.839153904431239,4.0829781874855333e-109
CUST0940,33,832800,41400,433100,0.23,32.6,1740,32,0.1,0,1,3.2,93100,0,Medium_Risk,0.47018562470562375,-1.9168624683322646,Medium_Risk,0.5729409576743771,0.0013443556068153434,0.5729409576743771,0.4257146867188082
CUST0941,47,1110600,42600,684500,0.19,21.5,2971,25,9.3,1,1,7.3,351500,0,Medium_Risk,1.2096427824019462,-1.3434521878956922,Low_Risk,0.9977608432210959,0.0022391555638724197,0.9977608432210959,1.2150318994741436e-09
CUST0942,21,474200,31150,120100,0.65,80.7,2046,37,18.4,4,2,0.5,43300,2,High_Risk,-3.3172408532085815,0.41891064514380316,High_Risk,0.9996596651444457,2.7921479224436285e-11,0.00034033482763279875,0.9996596651444457
CUST0943,42,1965500,78300,2436900,0.24,31.7,3978,24,5.2,3,3,12.8,1733200,1,Low_Risk,2.1528917987170266,1.0936635649318918,Low_Risk,0.9999992898366247,0.9999992898366247,7.10163375145647e-07,0.0
CUST0944,44,1738300,81250,930700,0.24,71.4,4823,31,20.4,6,0,1.6,400900,0,Medium_Risk,-0.026401999825131084,1.8839915226266502,Medium_Risk,0.9998905419843671,0.00010945801563319818,0.9998905419843671,5.144824121367181e-16
CUST0945,47,864700,29450,693700,0.07,5.9,3355,28,0.0,2,2,17.5,1023300,1,Low_Risk,1.9641695288446845,-1.968166048072469,Low_Risk,0.9542976240775569,0.9542976240775569,0.04570237592244295,9.5739401839314e-171
CUST0946,26,534300,38100,58100,0.81,84.1,2436,31,30.0,5,3,8.3,28100,2,High_Risk,-3.8065447241061574,1.2771708277801126,High_Risk,0.9999694505018359,8.314283082913028e-14,3.054949808105667e-05,0.9999694505018359
CUST0947,46,1008800,21000,1116600,0.3,44.2,4937,42,0.3,0,2,26.1,389000,0,Medium_Risk,1.5145050206137227,-1.5720680961186522,Low_Risk,0.9866130743755827,0.013386925624416549,0.9866130743755827,5.492307169659863e-30
CUST0948,45,611100,27900,179000,0.55,54.1,3552,24,10.2,1,2,11.2,273400,0,Medium_Risk,-0.422629987385408,-1.0780368257989872,Medium_Risk,0.9999289001733935,7.09780888397594e-05,0.9999289001733935,1.217377663769015e-07
CUST0949,63,907400,50700,388300,0.34,43.5,3173,33,8.5,0,2,22.7,177300,0,Medium_Risk,1.3062850760902336,-1.2428647721579762,Medium_Risk,0.5608722545149192,0.0014009219017544145,0.5608722545149192,0.43772682358332615
CUST0950,43,856200,52450,149300,0.44,75.5,3020,56,16.0,5,4,4.8,65000,2,High_Risk,-2.499379177467313,1.5090351593683102,Medium_Risk,0.9933095529734576,6.944369309551064e-08,0.006690377582849588,0.9933095529734576
CUST0951,34,333500,21850,35100,0.65,95.0,2319,49,30.0,7,3,2.9,10100,2,High_Risk,-4.685152969807487,1.7273459038745775,High_Risk,0.999990679887096,9.022250750936639e-15,9.320112894944316e-06,0.999990679887096
CUST0952,45,1851900,75600,1101200,0.34,15.7,5067,27,0.0,0,2,8.3,1030300,0,Medium_Risk,2.570901446813474,-0.22983405079659294,Low_Risk,0.9888424233304386,0.011157576669561695,0.9888424233304386,4.927361334636771e-130
CUST0953,23,366000,22050,62300,0.45,72.6,1377,34,23.6,3,2,3.7,6700,2,High_Risk,-2.9303991530463684,-0.2622938704874591,High_Risk,0.9993826917979179,4.7635399163086533e-08,0.0006172605666833236,0.9993826917979179
CUST0954,25,757700,29800,386300,0.66,73.9,3008,60,8.5,3,3,0.5,83700,2,High_Risk,-2.914408300825301,0.6904538787022771,Medium_Risk,0.8557783174035386,3.396125912385083e-07,0.14422134298387068,0.8557783174035386
CUST0955,36,563700,31800,97000,0.71,55.5,4890,31,18.3,2,4,12.0,81100,2,High_Risk,-1.7310230314095387,0.1305063876812304,Medium_Risk,0.990916456298762,5.217576611839702e-07,0.009083021943577093,0.990916456298762
CUST0956,28,934800,32400,276100,0.26,22.4,3888,22,0.0,2,2,0.5,137400,0,Medium_Risk,0.33132679567255097,-1.5489190066858691,Low_Risk,0.9987103790587595,0.0006913898010996424,0.9987103790587595,0.0005982311401407337
CUST0957,46,1777300,42950,2862700,0.19,24.4,5131,22,8.3,3,2,11.0,284400,1,Low_Risk,1.9923536871738916,0.025918626082287788,Low_Risk,0.9999999999908589,0.9999999999908589,9.141710008329349e-12,0.0
CUST0958,30,1254500,58350,647900,0.55,65.8,2873,24,18.6,3,2,0.5,274000,0,Medium_Risk,-1.3767172547052515,0.8260762833011632,Medium_Risk,0.9999682338789644,3.0692552105483276e-05,0.9999682338789644,1.073568930040687e-06
CUST0959,28,752600,43550,311700,0.43,46.5,2731,36,9.9,2,3,1.5,114000,2,High_Risk,-1.3192812362139998,-0.28764560709422576,Medium_Risk,0.9412731083202092,8.326772668424398e-06,0.05871856490712264,0.9412731083202092
CUST0960,36,439100,32000,147800,0.51,75.8,1947,36,14.3,6,5,11.9,92200,2,High_Risk,-2.9400761522458483,0.620867401146133,High_Risk,0.9947628028195156,1.306154423392283e-08,0.00523718411894051,0.9947628028195156
CUST0961,61,1673000,47550,1083400,0.1,38.1,5869,35,0.0,3,0,14.4,1277700,1,Low_Risk,2.7939991111268685,-0.3706453227471473,Low_Risk,0.9980871568979213,0.9980871568979213,0.0019128431020770512,2.682984895772191e-240
CUST0962,48,1092100,42100,623900,0.08,30.3,2541,25,0.0,0,0,13.6,333000,0,Medium_Risk,2.172308088470462,-2.3075863910978756,Low_Risk,0.9961027358950446,0.00389659542115252,0.9961027358950446,6.686838022464801e-07
CUST0963,40,1136400,73450,235000,0.63,95.0,3805,49,16.3,4,4,1.7,127100,0,Medium_Risk,-2.512983249887819,2.296909985419536,High_Risk,0.5459551046769043,2.3524190252917155e-07,0.5459551046769043,0.4540446600811924
CUST0964,40,1625400,46950,1129900,0.17,15.8,3063,28,3.0,0,0,8.6,614100,0,Medium_Risk,2.2202482518915403,-1.5096173987180488,Low_Risk,0.9573458976973463,0.04265410230265362,0.9573458976973463,1.4776118537330465e-41
CUST0965,32,678800,36650,199100,0.59,65.6,2170,24,18.5,3,4,5.1,32400,2,High_Risk,-2.344485192830923,0.20318733672351894,High_Risk,0.9976319550446086,4.318044214139249e-08,0.002368001774949284,0.9976319550446086
CUST0966,37,348000,17800,71600,0.72,91.7,2239,33,24.5,6,4,8.1,9100,2,High_Risk,-4.013195731638449,1.0194107550378173,High_Risk,0.9999300126471595,1.0542975422725505e-12,6.998735178625936e-05,0.9999300126471595
CUST0967,49,931200,59500,239900,0.28,24.5,1646,27,2.1,2,2,10.5,163300,0,Medium_Risk,0.8125439553426117,-1.323989029436495,Medium_Risk,0.9084041218368204,0.01011367413983543,0.9084041218368204,0.0814822040233447
CUST0968,43,1517400,53450,1603800,0.49,42.6,4561,15,5.2,2,4,0.5,4033700,1,Low_Risk,1.1931976365924835,1.5937536064470312,Low_Risk,1.0,1.0,8.852671927245878e-55,0.0
CUST0969,40,389400,22300,37400,0.84,77.3,2191,38,25.5,4,5,2.7,42700,2,High_Risk,-4.12055917169418,1.1709057865944825,High_Risk,0.9999613089662184,9.262936609189561e-13,3.869103285535781e-05,0.9999613089662184
CUST0970,52,1331300,65350,861500,0.31,43.8,1965,44,8.4,1,2,16.1,550100,0,Medium_Risk,0.8216762180593655,-0.1939744896672072,Medium_Risk,0.9951935740810203,0.004806425918980565,0.9951935740810203,6.492736614961911e-30
CUST0971,21,422700,24250,149000,0.68,60.5,2852,43,14.6,3,6,0.5,54800,2,High_Risk,-3.5937352863612206,0.6273673800902156,High_Risk,0.9991967280856618,1.4805782919079114e-09,0.000803270433759555,0.9991967280856618
CUST0972,25,423700,22600,62300,0.52,53.8,2258,35,5.0,2,3,0.5,27500,2,High_Risk,-1.9803986233738942,-0.9420485926704103,Medium_Risk,0.9985900787116726,3.1124671690629366e-08,0.0014098901636558539,0.9985900787116726
CUST0973,46,1201300,42350,291300,0.21,23.2,5790,13,0.2,2,0,7.8,216500,0,Medium_Risk,2.168070813133166,-1.7371348853534043,Low_Risk,0.9974297269748392,0.002570272977773558,0.9974297269748392,4.738713303227819e-11
CUST0974,37,1207800,25150,979000,0.2,25.3,2908,24,0.0,0,1,8.3,257400,0,Medium_Risk,1.4270958316809672,-2.1144871783901293,Low_Risk,0.986940521668571,0.013059478331429042,0.986940521668571,7.869996180493767e-17
CUST0975,46,948000,59750,368400,0.5,95.0,2341,51,21.8,6,4,7.0,76200,2,High_Risk,-2.9755634932571784,2.203522369000297,High_Risk,0.7803809963485557,1.0511593093188051e-07,0.2196188985355128,0.7803809963485557
CUST0976,37,803300,41250,272100,0.57,33.8,2769,36,1.7,0,4,12.3,51200,2,High_Risk,-0.3377101398213307,-1.113190534739062,Medium_Risk,0.9902390252373818,7.219073007299918e-06,0.00975375568961127,0.9902390252373818
CUST0977,27,1712100,47300,1267500,0.25,28.7,4085,35,0.0,0,1,2.5,625400,0,Medium_Risk,1.4125441807379047,-0.7749427612709702,Low_Risk,0.9292877424471906,0.07071225755281023,0.9292877424471906,1.4151509935758014e-48
CUST0978,58,1545800,66300,916000,0.32,39.1,3098,38,0.9,1,2,17.2,632200,0,Medium_Risk,1.7888889033305668,-0.4140318635823289,Low_Risk,0.9899659553089041,0.010034044691096554,0.9899659553089041,6.481463210688751e-39
CUST0979,31,605400,45500,36000,0.69,65.5,3490,41,15.9,4,5,0.5,10400,2,High_Risk,-3.089935696221867,1.1900984691837377,High_Risk,0.9939557518405656,1.5972284557472712e-09,0.006044246562206095,0.9939557518405656
CUST0980,48,1881400,66500,2426100,0.31,43.5,3599,40,6.4,2,2,16.0,797600,1,Low_Risk,1.6553868336565194,0.6926900779455462,Low_Risk,0.99830158703326,0.99830158703326,0.0016984129667402047,6.912451405098214e-210
CUST0981,34,1237800,61850,654800,0.67,47.5,4412,22,9.3,2,5,5.9,300600,0,Medium_Risk,-0.7429203724524037,0.7217913430432726,Medium_Risk,0.999968060441906,3.1915371847427716e-05,0.999968060441906,2.4186246788018922e-08
CUST0982,37,1252200,49800,872500,0.29,37.7,3144,35,6.0,0,2,11.2,152600,0,Medium_Risk,0.7991214179453705,-0.9319551509109825,Low_Risk,0.9969090431252989,0.0030909568671034886,0.9969090431252989,7.597608182834006e-12
CUST0983,27,694100,48150,158600,0.45,67.7,1501,37,20.1,6,4,3.6,43800,2,High_Risk,-3.088600087844321,1.0754150427929163,High_Risk,0.9965327413993051,2.0689873306643276e-09,0.003467256531707655,0.9965327413993051
CUST0984,42,1337800,37200,2400400,0.05,25.3,2448,26,8.9,1,0,14.5,721400,1,Low_Risk,2.1712584077242925,-1.3109558986789436,Low_Risk,0.9999652786981047,0.9999652786981047,3.472130189472125e-05,9.662759995595423e-244
CUST0985,39,491400,34550,60500,0.65,57.4,1762,38,19.8,5,3,0.5,90800,2,High_Risk,-3.033583542669085,0.6290193669470223,High_Risk,0.9994583434139729,3.013686567232446e-11,0.0005416565558899997,0.9994583434139729
CUST0986,39,1129700,43000,734100,0.12,31.6,2814,42,0.0,0,0,7.1,320700,0,Medium_Risk,1.381610256741205,-1.6801163217137345,Low_Risk,0.9978910263618282,0.002108865525283874,0.9978910263618282,1.0811288765949019e-07
CUST0987,50,924200,56600,107400,0.64,94.2,2400,41,23.6,6,3,0.5,113900,2,High_Risk,-3.1427954654086783,2.1094954063316997,High_Risk,0.9862411328410825,1.4047561667196427e-10,0.013758867018442587,0.9862411328410825
CUST0988,41,691300,41100,81100,0.7,83.2,3661,37,13.1,4,4,8.2,28800,2,High_Risk,-2.436021724045405,0.8708363725941977,High_Risk,0.9955264228383685,3.033954079799865e-09,0.004473574127677585,0.9955264228383685
CUST0989,37,1365500,60800,1085700,0.4,67.1,3213,41,3.6,0,0,10.5,600700,0,Medium_Risk,0.8119040187660396,-0.3355792816496526,Medium_Risk,0.9985378641266297,0.0014621358733698095,0.9985378641266297,2.7030613391981563e-43
CUST0990,42,2443100,75950,2345900,0.25,34.8,8570,32,6.7,2,1,6.9,806500,1,Low_Risk,2.890193011965708,1.3473444474674572,Low_Risk,0.999814803246963,0.999814803246963,0.00018519675303764704,6.868278657684763e-163
CUST0991,51,3695100,107500,2303900,0.2,32.6,7423,31,9.2,2,2,4.6,822200,1,Low_Risk,3.568701988502902,2.5656478824627427,Low_Risk,1.0,1.0,2.9815445960350476e-16,1.9047545303622634e-157
CUST0992,23,538400,33850,99900,0.59,78.3,2560,35,16.8,4,3,7.4,14400,2,High_Risk,-2.8195884877626596,0.3298185865925698,High_Risk,0.9991881354307669,1.8919164715805552e-09,0.0008118626773167426,0.9991881354307669
CUST0993,56,1211300,39200,1285300,0.23,21.4,3895,36,0.0,0,1,17.7,990800,0,Medium_Risk,2.4570590165655495,-1.4564520887939454,Low_Risk,0.9093642004908385,0.09063579950916169,0.9093642004908385,1.5645845304000258e-133
CUST0994,21,423200,25950,145800,0.56,73.2,2325,46,14.7,5,4,0.5,41600,2,High_Risk,-3.641402783903437,0.6998855108689737,High_Risk,0.9995904402542076,9.368660642658405e-11,0.0004095596521057198,0.9995904402542076
CUST0995,48,581800,28200,308400,0.45,60.0,1266,49,6.0,0,2,7.5,128800,2,High_Risk,-0.9644853430379134,-1.1040510184082448,Medium_Risk,0.8918482683338024,2.290901056611283e-05,0.1081288226556312,0.8918482683338024
CUST0996,29,702000,32150,304800,0.29,15.0,2953,17,6.2,4,3,4.3,43300,2,High_Risk,-0.3832956249779409,-1.2738867076518627,Low_Risk,0.9176216158549516,1.3704327852060382e-05,0.08236467981719665,0.9176216158549516
CUST0997,30,414200,28200,59600,0.77,88.3,1646,38,20.8,5,5,1.0,33000,2,High_Risk,-4.408425740977314,1.287898169512805,High_Risk,0.9998704469214683,5.435038784126088e-13,0.00012955307798827355,0.9998704469214683
CUST0998,33,435300,31150,48200,0.58,67.4,1796,29,15.6,4,4,7.8,18400,2,High_Risk,-2.638778305144402,0.017767392723497956,High_Risk,0.9981160692445508,1.1968067600220146e-08,0.0018839187873817209,0.9981160692445508
CUST0999,43,917500,45950,392200,0.3,52.8,2626,24,11.9,2,2,8.6,241300,0,Medium_Risk,-0.10196283762098245,-0.6549870531477399,Medium_Risk,0.9851236158572324,0.0014532684397356142,0.9851236158572324,0.013423115703031702
CUST1000,35,619300,22100,144500,0.47,49.9,2255,26,16.2,4,2,0.5,86600,2,High_Risk,-1.9101859363354319,-0.4456211342159445,Medium_Risk,0.9499655507112849,9.58745864718122e-07,0.05003349054285003,0.9499655507112849
CUST1001,36,1313600,55300,1655800,0.13,18.4,5941,28,8.7,2,1,15.5,1017900,1,Low_Risk,2.283860336590584,-0.42149609045466757,Low_Risk,0.9966367986792801,0.9966367986792801,0.003363201320719405,1.5040236908301525e-176
CUST1002,49,731600,23850,771000,0.24,44.9,2617,22,4.9,1,0,17.1,910100,0,Medium_Risk,1.339009367127792,-1.9919570412983303,Low_Risk,0.7377289160578872,0.26227108394211257,0.7377289160578872,6.487239910221196e-125
CUST1003,39,673000,39700,99300,0.5,51.3,3914,33,9.0,2,4,7.0,174300,0,Medium_Risk,-1.0810759897843134,-0.22038600379541712,Medium_Risk,0.9900081324373636,0.00014737551968952947,0.9900081324373636,0.009844492042946589
CUST1004,27,565600,30500,99900,0.62,64.6,3530,32,16.1,3,4,0.7,51100,2,High_Risk,-2.642342105805072,0.35683495070232346,High_Risk,0.9985509436372016,6.905810734439127e-09,0.0014490494569877155,0.9985509436372016
CUST1005,28,1375500,63800,2126100,0.36,59.4,2542,45,12.7,4,3,4.9,802500,1,Low_Risk,-0.8723308205177284,1.5895509186520904,Medium_Risk,0.9919824252139586,0.9919824252139586,0.008017574786041492,8.070280150974705e-218
CUST1006,37,1330600,62950,733600,0.23,12.4,2232,25,1.2,1,1,7.8,199300,0,Medium_Risk,1.5725879981655517,-1.4583301801443707,Low_Risk,0.9802091647701926,0.01978941009916007,0.9802091647701926,1.4251306476606751e-06
CUST1007,34,1378200,72600,549800,0.6,62.3,2907,27,19.5,5,5,4.8,491300,0,Medium_Risk,-1.9166591932410435,2.006891324458728,Medium_Risk,0.9999821150403907,1.788495961022426e-05,0.9999821150403907,2.3957273198394376e-27
CUST1008,43,1664000,95550,2010100,0.39,61.3,2513,40,7.6,0,3,10.5,1262300,1,Low_Risk,1.0526892140273645,1.3062989446888134,Medium_Risk,0.9998618360993364,0.9998618360993364,0.0001381639006639231,1.2732355047176619e-289
CUST1009,34,613300,20850,575000,0.44,40.4,4214,28,10.2,1,2,16.0,75600,0,Medium_Risk,-0.08228267552558698,-1.4329322355767886,Low_Risk,0.9966807282598293,0.0033192215119911884,0.9966807282598293,5.022818017648445e-08
CUST1010,26,524000,41350,45600,0.62,81.1,1978,53,17.1,2,3,3.0,14600,2,High_Risk,-3.1172086277987145,0.589655858814659,High_Risk,0.9894006050243103,3.469594907111257e-08,0.010599360279740422,0.9894006050243103
CUST1011,31,575400,28050,174100,0.59,89.6,2059,47,19.5,2,2,6.6,36600,2,High_Risk,-2.792785691744451,0.24110396913845153,High_Risk,0.9990341643570149,9.909047132858074e-09,0.0009658257339380061,0.9990341643570149
CUST1012,28,1142800,70500,536400,0.32,47.2,2814,30,11.0,3,3,4.7,112700,0,Medium_Risk,-0.572953048453934,0.30512656082399775,Medium_Risk,0.9988298252660258,0.0009570645677184488,0.9988298252660258,0.0002131101662553007
CUST1013,41,1754400,50900,1782700,0.27,39.4,4631,39,3.8,0,3,14.1,291000,0,Medium_Risk,1.5333837468816347,-0.18102721822409007,Low_Risk,0.8546779373764315,0.14532206262356773,0.8546779373764315,1.1551439387170382e-85
CUST1014,49,2353900,116950,1912200,0.38,45.3,5335,35,5.6,2,3,6.3,1568500,1,Low_Risk,2.162423660712627,2.4166409897951913,Medium_Risk,0.9984306010995063,0.9984306010995063,0.0015693989004933748,0.0
CUST1015,31,706700,23800,386000,0.41,37.8,3589,29,3.2,1,3,6.4,55200,2,High_Risk,-0.41028561639317085,-1.373708449372127,Medium_Risk,0.6084454370118797,0.00021199153919986694,0.3913425714489204,0.6084454370118797
CUST1016,35,1126600,39600,614800,0.29,16.8,2257,33,0.0,0,1,8.5,823900,0,Medium_Risk,1.2073037102721524,-1.7302310834768069,Low_Risk,0.9633061525034533,0.0366938474965475,0.9633061525034533,1.4435160791084032e-98
CUST1017,28,379400,16150,160600,0.35,28.7,1452,27,2.5,1,3,10.5,86800,2,High_Risk,-0.6208795629367542,-2.261116382036274,Medium_Risk,0.9739809952063099,0.00010790506653523139,0.02591109972715466,0.9739809952063099
CUST1018,37,458100,22650,139500,0.68,50.6,2202,48,8.3,2,5,14.5,56400,2,High_Risk,-2.1860898921708998,-0.39554298906823643,High_Risk,0.9996235687833678,4.327257874328323e-08,0.00037638794405358975,0.9996235687833678
CUST1019,39,5000000,190800,5884200,0.27,21.1,10939,25,0.0,2,3,8.5,4100800,1,Low_Risk,7.267842145723804,6.256335626801424,Low_Risk,1.0,1.0,2.2918972726599186e-62,0.0
CUST1020,39,561300,30800,320700,0.32,48.2,2631,34,0.0,1,1,8.6,57300,0,Medium_Risk,0.09356538228530331,-1.8087875106083258,Medium_Risk,0.7831426389149682,0.001422525798484529,0.7831426389149682,0.21543483528654697
CUST1021,44,2445400,109600,2049600,0.3,18.7,6092,22,0.0,0,3,14.7,3067900,1,Low_Risk,4.152559693997166,1.4728123605154417,Low_Risk,1.0,1.0,5.611940938083167e-26,0.0
CUST1022,45,538400,24800,387900,0.31,52.4,1799,42,9.4,2,2,16.0,95700,0,Medium_Risk,-0.6161576802310296,-1.2329379981238389,Medium_Risk,0.504562477801438,0.0012654482724940555,0.504562477801438,0.49417207392606793
CUST1023,44,541000,36000,81200,0.54,61.4,2529,32,9.1,3,3,4.5,52200,2,High_Risk,-1.5940165333196898,-0.30490653594241396,High_Risk,0.9957389482728791,6.138636274952541e-08,0.00426099034075801,0.9957389482728791
CUST1024,37,500200,28600,128900,0.63,51.3,1492,31,13.8,5,6,0.5,65400,2,High_Risk,-3.2101893879330707,0.534743924737887,High_Risk,0.9994432717462558,1.7340912158216375e-10,0.0005567280803351937,0.9994432717462558
CUST1025,42,457900,29650,109500,0.68,78.6,1795,44,23.1,5,5,7.5,35600,2,High_Risk,-3.752684333631712,1.2260693876299962,High_Risk,0.9998138345134168,3.474087211085806e-11,0.00018616545184245537,0.9998138345134168
CUST1026,21,475800,30200,54100,0.63,73.0,2080,32,20.9,4,3,0.5,22200,2,High_Risk,-3.376967258054731,0.44328412312551047,High_Risk,0.9997248559714974,1.0361076612285471e-10,0.00027514392489191955,0.9997248559714974
CUST1027,40,877400,34900,423400,0.13,8.6,3305,33,6.9,5,2,5.5,71500,0,Medium_Risk,0.14113465132061076,-0.9645918485000122,Low_Risk,0.6628442253583031,0.00015649280299578176,0.6628442253583031,0.33699928183870054
CUST1028,30,1048800,39700,1235900,0.37,24.3,3045,26,1.1,0,3,6.6,112100,0,Medium_Risk,0.5767026290790047,-1.3171420423691909,Medium_Risk,0.93246661173984,0.06753338826016078,0.93246661173984,8.298868495551627e-63
CUST1029,45,2053700,106850,1313100,0.34,23.4,2573,24,0.0,0,2,4.3,7640400,1,Low_Risk,3.812626872978635,2.412424763344032,Low_Risk,1.0,1.0,7.315985185802169e-236,0.0
CUST1030,49,1620900,54400,903800,0.27,40.1,4293,23,0.0,0,1,14.1,278100,0,Medium_Risk,2.280790364907289,-1.2165009369704558,Low_Risk,0.9612431470392326,0.03875685295682579,0.9612431470392326,3.942282158876338e-12
CUST1031,43,1453200,70900,909900,0.07,25.2,4085,28,0.0,2,0,12.9,581500,0,Medium_Risk,2.564484727038305,-1.0281573821282848,Low_Risk,0.979185601892514,0.020814398107486635,0.979185601892514,1.4140164017780151e-33
CUST1032,43,1196000,36150,1441200,0.24,15.2,1806,33,0.0,0,3,8.9,736100,0,Medium_Risk,1.2174714432636737,-1.3610712923228145,Low_Risk,0.9712444519680021,0.028755548031997667,0.9712444519680021,5.7343646570596185e-87
CUST1033,54,1186300,40750,1073400,0.05,29.0,1903,32,2.5,2,1,7.3,434100,0,Medium_Risk,1.4250441084336294,-1.3320923982777793,Low_Risk,0.9776705018169844,0.02232949818301517,0.9776705018169844,4.392259507829359e-28
CUST1034,21,464100,28450,146500,0.73,70.4,2051,32,17.7,4,5,2.8,75400,2,High_Risk,-3.6735497669595554,0.6551525735791028,High_Risk,0.9996826132248282,4.455422870759042e-11,0.00031738673061769613,0.9996826132248282
CUST1035,39,1489100,58750,1732100,0.23,18.6,2943,32,0.0,0,1,12.9,526200,0,Medium_Risk,2.210652918383968,-1.1744045757582031,Low_Risk,0.5103756300559661,0.4896243699440335,0.5103756300559661,3.3219486175652344e-95
CUST1036,55,2274500,73050,2351600,0.07,25.1,2391,34,1.4,3,1,9.1,4557300,1,Low_Risk,3.4258186420645456,1.4556154818926277,Low_Risk,1.0,1.0,8.387665484174738e-68,0.0
CUST1037,43,2116800,57800,4453100,0.24,14.4,5673,43,3.6,2,3,9.2,848300,1,Low_Risk,2.4932418912758534,1.2318135081490942,Low_Risk,1.0,1.0,1.6183232124352857e-40,0.0
CUST1038,51,1053000,74300,163400,0.53,50.0,3828,35,5.2,4,4,7.1,50800,0,Medium_Risk,-0.566551275798723,0.747310217705908,High_Risk,0.9458792994778585,0.00010219580659588918,0.9458792994778585,0.054018504715545
CUST1039,42,1569500,32700,2212500,0.17,35.4,5202,34,5.1,0,1,17.1,814400,1,Low_Risk,2.3522338170887402,-0.8382266754801394,Low_Risk,0.9740105214387021,0.9740105214387021,0.025989478561297744,1.3120254931255869e-173
CUST1040,51,1440000,70900,1264700,0.36,56.5,4891,32,6.3,2,3,15.8,781500,0,Medium_Risk,1.210240936069608,0.6342986449403224,Medium_Risk,0.9407477693272879,0.05925223067271237,0.9407477693272879,9.503317881106369e-87
CUST1041,46,346900,18250,69500,0.6,78.9,2119,42,16.3,5,4,10.6,16900,2,High_Risk,-3.0316069787535094,0.37403021008843645,High_Risk,0.9996054473729539,1.1645479065784076e-09,0.00039455146249837546,0.9996054473729539
CUST1042,44,2482800,104400,3265300,0.05,32.8,3517,35,0.0,0,1,11.5,2491400,1,Low_Risk,4.082074885394413,1.176232248761474,Low_Risk,1.0,1.0,4.7858906318674874e-18,0.0
CUST1043,38,900900,55200,109800,0.62,75.7,3835,26,18.4,5,4,0.5,171400,0,Medium_Risk,-2.383916096372202,1.4612303329745902,High_Risk,0.9549487620313016,2.2019255605792646e-07,0.9549487620313016,0.04505101777614241
CUST1044,38,1884700,68750,940900,0.46,19.8,6212,29,2.9,0,3,3.5,934200,0,Medium_Risk,1.6916905705954048,0.32493033762477785,Low_Risk,0.9845988063807039,0.0154011936192954,0.9845988063807039,4.510360378350585e-115
CUST1045,32,834300,46050,206000,0.53,94.2,2563,37,12.9,3,3,4.3,29000,2,High_Risk,-2.297496644853042,0.6357487891981325,High_Risk,0.9673274299375375,4.3720422007412706e-07,0.032672132858242296,0.9673274299375375
CUST1046,44,1530300,52250,1435300,0.33,48.7,3705,37,3.3,1,1,15.7,2398300,1,Low_Risk,1.8169294748626035,0.14300395800634563,Low_Risk,1.0,1.0,5.363352480302534e-16,0.0
CUST1047,47,1960000,73050,3731800,0.3,20.5,4404,33,2.6,1,3,18.7,2078500,1,Low_Risk,3.1332718010829006,0.9818638122599425,Low_Risk,1.0,1.0,7.599057068516745e-25,0.0
CUST1048,31,587600,38900,145600,0.41,64.5,1424,42,19.2,4,2,5.2,36800,2,High_Risk,-2.35752609564084,0.14080512205954435,High_Risk,0.9973793750260155,6.963800879419876e-08,0.002620555335975634,0.9973793750260155
CUST1049,42,669800,40350,246100,0.35,40.3,2084,29,12.5,4,3,12.0,177600,0,Medium_Risk,-0.8460602903436217,-0.5298255762790899,Medium_Risk,0.6897030164607619,0.00033811894384227185,0.6897030164607619,0.30995886459539596
CUST1050,59,1744400,58800,2180400,0.09,18.9,2783,27,4.1,2,0,18.8,2762300,1,Low_Risk,3.569854415865623,-0.25793321881276854,Low_Risk,1.0,1.0,1.2588226845711215e-19,0.0
CUST1051,46,1088700,44250,505700,0.6,50.9,4202,24,14.9,2,2,7.7,239500,0,Medium_Risk,-0.3773151165194934,0.00790740302964236,Medium_Risk,0.9984435964097368,3.146721459904052e-05,0.9984435964097368,0.0015249363756640179
CUST1052,42,1308500,71750,832300,0.55,47.0,3074,24,1.3,0,5,11.1,1355200,1,Low_Risk,0.6347860243864551,0.2871876887550296,Medium_Risk,0.6150909865120964,0.6150909865120964,0.384909013487905,1.7197294174136116e-292
CUST1053,51,2571200,101100,2423600,0.2,22.0,10604,32,0.0,1,1,21.5,773100,1,Low_Risk,4.988602889445537,1.0272891823480579,Low_Risk,0.9999929719201063,0.9999929719201063,7.0280798924755506e-06,3.6465115149276737e-174
CUST1054,27,582900,33950,235300,0.32,43.5,2835,28,7.5,2,2,7.7,46400,2,High_Risk,-0.6020775772753608,-1.2839204171349266,Medium_Risk,0.9871389537409242,1.8774211485752823e-05,0.012842272047590211,0.9871389537409242
CUST1055,34,1543400,61850,1865700,0.41,35.5,2708,25,9.0,1,3,1.4,3321400,1,Low_Risk,0.9769546590030932,1.2001398754309627,Medium_Risk,1.0,1.0,2.4859119067909084e-33,0.0
CUST1056,26,318100,18850,63700,0.41,66.4,2089,45,19.1,6,1,7.7,14300,2,High_Risk,-2.833974906219624,-0.092885100069652,High_Risk,0.9999130975328356,4.163982042903441e-11,8.690242552476008e-05,0.9999130975328356
CUST1057,34,1889600,90200,951000,0.47,46.6,2643,36,3.8,1,3,1.1,594600,0,Medium_Risk,0.3544647707509876,0.9345892300159164,Medium_Risk,0.977532862636027,0.02246713736397217,0.977532862636027,2.2646477213409402e-35
CUST1058,34,900300,34550,547400,0.33,28.4,3422,29,6.4,2,1,1.8,1041200,0,Medium_Risk,0.2527413925816009,-0.8707897584179406,Low_Risk,0.9519235879562865,0.048076412043712685,0.9519235879562865,6.723910504172612e-178
CUST1059,34,609800,32050,241900,0.45,62.8,1906,26,9.4,1,1,5.2,276000,0,Medium_Risk,-0.8548109004270121,-1.1854851850792163,Medium_Risk,0.9998682432635777,0.0001307817801348908,0.9998682432635777,9.749562866602112e-07
CUST1060,38,649200,19900,423100,0.36,35.6,2821,20,10.0,3,2,7.6,47600,0,Medium_Risk,-0.5016850757790862,-1.3569432025868902,Medium_Risk,0.9758397268374146,0.0006563714004210995,0.9758397268374146,0.023503901762164294
CUST1061,38,1032200,47050,507100,0.42,39.3,1601,33,0.0,0,1,0.5,578700,0,Medium_Risk,0.2607764366056217,-1.212350155898929,Medium_Risk,0.9999093536391681,9.064636083238269e-05,0.9999093536391681,7.091413362225028e-38
CUST1062,54,1085700,82750,138700,0.77,85.8,4002,42,20.1,5,5,4.1,185500,0,Medium_Risk,-2.513277861305549,2.7891893296966566,High_Risk,0.9993054499690629,1.425603601585574e-08,0.9993054499690629,0.0006945357749008096
CUST1063,32,754300,41500,136100,0.46,40.5,2439,33,4.1,0,3,5.8,17200,2,High_Risk,-0.5440630663808037,-1.206269880181557,Medium_Risk,0.9406752391772102,2.7214354046632927e-05,0.05929754646874282,0.9406752391772102
CUST1064,27,2037100,99400,3052300,0.26,61.0,1707,31,10.3,3,3,0.5,1459500,1,Low_Risk,0.518396811315836,2.3028256821757305,Medium_Risk,0.9999999999977511,0.9999999999977511,2.2497103651582397e-12,0.0
CUST1065,21,523500,28900,117500,0.61,48.9,3341,40,10.7,0,2,6.6,29500,2,High_Risk,-1.4617462345400547,-0.9792887819440483,Medium_Risk,0.9992493520313922,1.0377593749503496e-07,0.0007505441926706696,0.9992493520313922
CUST1066,51,1541200,53850,972000,0.36,24.0,6380,24,2.4,1,2,14.4,689500,0,Medium_Risk,2.323709168968013,-0.5514068055378221,Low_Risk,0.9921332992181685,0.00786670078183123,0.9921332992181685,4.561122806010535e-54
CUST1067,22,680700,26500,790700,0.32,57.4,3135,27,10.6,3,2,8.0,48200,0,Medium_Risk,-1.0239099507349698,-0.7739745751899354,Medium_Risk,0.9996336314458752,0.00036636855412427755,0.9996336314458752,7.179625430237613e-23
CUST1068,48,1314700,29750,1269700,0.4,40.0,6806,30,16.9,3,2,12.7,1280800,1,Low_Risk,0.763718797625862,0.575516511349111,Low_Risk,0.9994903241183927,0.9994903241183927,0.0005096758816061229,1.923800397122354e-250
CUST1069,35,1144200,44150,1419000,0.22,34.5,1830,31,3.4,2,1,9.3,1315100,1,Low_Risk,0.9540728698403648,-0.7837760001892785,Low_Risk,0.9730218597268915,0.9730218597268915,0.026978140273107756,5.4854542443724305e-261
CUST1070,29,1514700,49000,596000,0.23,14.5,8692,13,0.0,1,3,0.9,180000,0,Medium_Risk,1.9767013653498446,-0.7427239313265879,Low_Risk,0.9446616166067436,0.05533838339322856,0.9446616166067436,2.7183414839529506e-14
CUST1071,35,1118200,50750,679200,0.15,26.8,3109,56,1.3,0,2,5.2,438900,0,Medium_Risk,0.6555067756886794,-0.8226929916429364,Low_Risk,0.9981571837716584,0.001842816228341082,0.9981571837716584,6.12830345000382e-18
CUST1072,45,1155700,37850,1264700,0.19,28.4,2909,24,0.1,1,0,16.5,385300,0,Medium_Risk,2.0938457510078465,-1.9845691532129517,Low_Risk,0.9860556102247363,0.013944389775264398,0.9860556102247363,1.1490399105275527e-41
CUST1073,47,3040900,130550,4409900,0.09,44.5,5219,28,2.3,1,0,15.9,1283000,1,Low_Risk,4.935674532054641,1.9473082167752231,Low_Risk,1.0,1.0,3.123186832512996e-27,0.0
CUST1074,50,1880800,90450,1438000,0.45,45.4,3903,48,4.6,2,4,9.7,925200,0,Medium_Risk,0.8169751850704912,1.6710353511620026,Medium_Risk,0.9741376065694607,0.025862393430539105,0.9741376065694607,2.907533503954029e-106
CUST1075,38,1013800,42600,488100,0.29,27.8,4241,21,0.0,0,2,12.9,145700,2,High_Risk,1.4672834266251078,-1.824980139535496,Low_Risk,0.7275630957196263,0.0006866204172797038,0.2717502838630939,0.7275630957196263
CUST1076,35,1817500,71800,1161000,0.22,5.0,4063,28,1.4,0,2,3.0,399800,0,Medium_Risk,2.11808753458452,-0.6488795058534652,Low_Risk,0.9896183420243088,0.010381657975691723,0.9896183420243088,7.797143400813095e-23
CUST1077,38,1055100,55700,706100,0.22,45.2,2482,32,5.9,1,0,11.7,317900,0,Medium_Risk,0.9979706268240215,-1.1986703552936022,Medium_Risk,0.9956311501269243,0.004368849711583597,0.9956311501269243,1.614917554946621e-10
CUST1078,42,955900,57100,289500,0.39,67.9,4022,37,4.5,1,1,9.9,124600,2,High_Risk,0.2311010428728358,-0.5205909991275164,Medium_Risk,0.8985304239041622,5.6493473756678537e-05,0.10141308262208157,0.8985304239041622
CUST1079,43,644300,31600,364300,0.54,74.0,2352,36,11.8,0,1,14.5,165700,2,High_Risk,-0.6934361021323864,-1.0107320910067217,Medium_Risk,0.5146524317525686,3.101673752908343e-05,0.48531655150990316,0.5146524317525686
CUST1080,36,1355700,52700,633700,0.1,44.1,3308,30,3.0,2,2,7.9,74700,0,Medium_Risk,0.8495343376946356,-0.8106361252956331,Low_Risk,0.9743049929254013,0.02568126359874951,0.9743049929254013,1.3743475849322621e-05
CUST1081,43,1418500,58050,524300,0.23,33.8,3535,17,7.4,3,1,0.5,853400,0,Medium_Risk,1.0010417181045517,-0.3130669309803773,Low_Risk,0.9909975279215641,0.009002472078435889,0.9909975279215641,1.599247874584572e-111
CUST1082,53,1511800,76350,618800,0.32,71.8,2587,37,14.2,3,1,5.6,317600,0,Medium_Risk,-0.005854112201023717,0.8906510644191274,Medium_Risk,0.9988164019676148,0.0011814390383275406,0.9988164019676148,2.1589940571900174e-06
CUST1083,46,858400,46250,548600,0.18,60.2,1845,31,8.2,3,0,10.2,297300,0,Medium_Risk,0.24872427087838236,-0.9429490984220297,Medium_Risk,0.9967903938140518,0.003209544595442499,0.9967903938140518,6.159050593209019e-08
CUST1084,21,592200,27000,233600,0.38,37.3,1550,32,4.4,0,2,0.5,53600,2,High_Risk,-0.9274896077628922,-1.7508528605034654,Medium_Risk,0.994595344693818,4.194261926447665e-06,0.005400461044255768,0.994595344693818
CUST1085,43,2059200,72550,1550700,0.13,13.9,4977,27,0.2,1,1,14.3,519000,0,Medium_Risk,3.223660704844718,-0.6277303171653381,Low_Risk,0.8672080365606426,0.13279196343935798,0.8672080365606426,3.9189741065736576e-45
CUST1086,45,1608500,48350,2116100,0.28,30.5,2779,29,2.9,0,0,17.0,218700,1,Low_Risk,2.3057188548022345,-1.3258640648811804,Low_Risk,0.9995431670287964,0.9995431670287964,0.000456832971203057,4.435319577364269e-183
CUST1087,21,247900,14550,57200,0.68,79.1,1080,30,22.0,5,4,6.9,5600,2,High_Risk,-4.088380638051373,0.27220959181567983,High_Risk,0.9999529419034496,4.251858208921563e-12,4.7058092298700945e-05,0.9999529419034496
CUST1088,29,285100,16300,30700,0.64,59.2,2463,40,8.6,3,3,7.7,22000,2,High_Risk,-2.4329511045498196,-0.6765831347974693,High_Risk,0.9995495137111471,2.8572423661071763e-09,0.0004504834316104592,0.9995495137111471
CUST1089,23,541800,38300,111000,0.58,95.0,2839,38,30.0,5,1,2.4,25400,2,High_Risk,-3.5228756867366573,1.19525753151367,High_Risk,0.9998959210847794,2.995455548975743e-12,0.00010407891222479986,0.9998959210847794
CUST1090,37,1656100,63100,2408300,0.34,59.0,1591,32,14.0,3,3,9.5,239200,1,Low_Risk,-0.1711591611955141,0.9932950393605533,Medium_Risk,0.9999285983021475,0.9999285983021475,7.140169785241876e-05,6.981021998105118e-275
CUST1091,36,848700,59250,166800,0.53,92.0,2067,23,14.5,2,3,13.0,10600,0,Medium_Risk,-1.4167921857603993,0.16292523760896507,High_Risk,0.8625119697181635,0.0003400488947389151,0.8625119697181635,0.137147981387097
CUST1092,43,2625700,67600,3974200,0.17,17.7,5248,30,2.1,0,0,13.0,1295200,1,Low_Risk,4.191289473992266,0.3190437185276934,Low_Risk,1.0,1.0,1.399704883335712e-17,0.0
CUST1093,27,477500,35000,42700,0.7,74.8,5385,39,20.8,4,4,6.8,8300,2,High_Risk,-2.922037400092443,1.0975190046136554,High_Risk,0.9800804464594477,8.374800950358115e-08,0.019919469792542752,0.9800804464594477
CUST1094,48,1436900,42450,3308000,0.3,42.8,3350,22,12.4,1,2,16.1,469300,1,Low_Risk,1.6043330734626255,-0.1304622372752393,Low_Risk,1.0,1.0,3.651175953047387e-22,0.0
CUST1095,47,1052900,42300,923600,0.27,7.0,2075,29,0.0,0,2,20.8,275300,0,Medium_Risk,1.9161500334594541,-2.185049101374981,Low_Risk,0.9824457096148089,0.017554290385188475,0.9824457096148089,2.483167322749221e-15
CUST1096,42,711000,23100,396900,0.31,33.4,2906,27,5.1,2,2,14.1,151500,2,High_Risk,0.2589147473241887,-1.7074243056668053,Low_Risk,0.6478921994914724,0.0010719734626252354,0.35103582704590264,0.6478921994914724
CUST1097,46,358000,17250,75500,0.73,82.5,2050,43,13.6,4,5,12.3,8500,2,High_Risk,-3.2077984773520143,0.38674564769707476,High_Risk,0.9996637851643855,3.552438110134196e-10,0.00033621448037087973,0.9996637851643855
CUST1098,43,412900,21200,92500,0.53,83.1,873,36,17.5,4,3,7.8,32000,2,High_Risk,-2.840734159983868,-0.0254008206183868,High_Risk,0.998803879208717,1.921169536367288e-08,0.001196101579587821,0.998803879208717
CUST1099,39,496400,27400,94900,0.58,76.6,1545,30,23.2,6,4,1.2,20700,2,High_Risk,-3.5836075873521183,0.9358958002965799,High_Risk,0.9997595967287567,3.90315212858693e-11,0.00024040323221183335,0.9997595967287567
CUST1100,50,2838200,128700,3336500,0.18,37.2,3071,15,7.3,0,1,15.3,2562000,1,Low_Risk,4.541415014782285,1.721836723804499,Low_Risk,1.0,1.0,4.2461438856608196e-18,0.0
CUST1101,69,1849400,41600,3148300,0.15,40.2,2852,25,4.0,2,1,20.3,1345600,1,Low_Risk,3.0817922506299067,-0.2895202487675057,Low_Risk,0.9999999999705871,0.9999999999705871,2.9411813106880076e-11,0.0
CUST1102,42,494000,26300,90900,0.54,66.2,2138,27,19.9,5,3,11.5,38100,2,High_Risk,-2.279241092246014,0.024962341176903557,Medium_Risk,0.999151150285186,5.196620809170937e-09,0.0008488445181932087,0.999151150285186
CUST1103,46,686100,39450,101400,0.55,69.4,3330,31,22.2,5,3,10.2,47400,2,High_Risk,-2.0681346104323772,0.7207705984257252,High_Risk,0.9979615384599574,9.541027969029196e-09,0.00203845199901472,0.9979615384599574
CUST1104,46,1680400,55150,1567900,0.21,28.6,6120,8,2.7,1,1,13.9,243300,0,Medium_Risk,2.9826460636106726,-1.0590714847137142,Low_Risk,0.630608398749972,0.3693916012500287,0.630608398749972,9.570542659719573e-71
CUST1105,36,479500,24500,157700,0.65,69.8,2666,39,19.3,5,5,9.6,29700,2,High_Risk,-3.2555300362680426,0.7935118976267507,High_Risk,0.9997924539182226,2.1512681643642815e-10,0.00020754586665074597,0.9997924539182226
CUST1106,24,361600,25000,23900,0.58,72.9,2574,42,13.3,2,3,5.9,4800,2,High_Risk,-2.629370264260341,-0.291459144891059,High_Risk,0.9980315127645382,3.783690205910023e-08,0.0019684493985599643,0.9980315127645382
CUST1107,38,774500,36800,342800,0.42,45.0,3441,39,15.5,2,3,3.4,281200,0,Medium_Risk,-1.1888232691047937,-0.020830212661554392,Medium_Risk,0.9996322673316491,0.0003652703695238966,0.9996322673316491,2.462298827327292e-06
CUST1108,25,690900,45800,293500,0.6,72.5,1771,35,16.5,5,6,0.5,113400,2,High_Risk,-3.553066081530882,1.374863371664517,High_Risk,0.8811336849034057,1.9694801757796463e-08,0.11886629540179275,0.8811336849034057
CUST1109,34,1241700,60250,877000,0.59,58.4,3401,25,15.9,2,4,2.7,703800,0,Medium_Risk,-1.0623437924749373,1.0728532726928175,Medium_Risk,0.9998714445499973,0.00012855545000276767,0.9998714445499973,2.646728029010599e-62
CUST1110,44,1344700,65550,2328500,0.23,40.1,1790,44,9.2,1,1,18.5,701700,1,Low_Risk,1.418700803054802,-0.1429038254628437,Medium_Risk,0.9999995039030058,0.9999995039030058,4.960969949326913e-07,1.8439613364768565e-266
CUST1111,47,671300,32550,228100,0.34,31.7,2025,32,0.9,1,1,8.7,272900,0,Medium_Risk,0.4691391423816237,-1.9113569980990543,Medium_Risk,0.9994735767064836,0.0005180395910486668,0.9994735767064836,8.383702468372966e-06
CUST1112,37,1547300,71450,2916400,0.27,37.3,2661,29,2.2,4,4,9.3,554600,1,Low_Risk,0.830795451089967,0.8832911125326104,Medium_Risk,0.9999999999999183,0.9999999999999183,8.119779299796519e-14,0.0
CUST1113,32,867600,25900,704300,0.06,18.0,3198,26,2.1,1,0,3.1,317400,0,Medium_Risk,1.2286908755271269,-2.243763554572964,Low_Risk,0.9949569931697432,0.005043006780704118,0.9949569931697432,4.9552486828939955e-11
CUST1114,42,1002200,39300,753500,0.35,36.1,2049,34,4.2,0,2,11.6,934900,0,Medium_Risk,0.6688890481756546,-1.163257217008547,Low_Risk,0.9737329530569604,0.026267046943040356,0.9737329530569604,9.291492568599172e-126
CUST1115,34,1268900,40000,1017900,0.35,23.1,6636,16,10.3,0,1,11.5,365600,0,Medium_Risk,1.7899951399884961,-1.1229552871931516,Low_Risk,0.982533927801178,0.017466072198821937,0.982533927801178,3.3254717324196515e-24
CUST1116,41,1002200,56550,253600,0.57,58.7,2958,29,6.6,0,3,15.0,40600,0,Medium_Risk,-0.10256017632460707,-0.6318406043224605,Medium_Risk,0.5384473703224645,0.000680544213717398,0.5384473703224645,0.4608720854638175
CUST1117,47,3616800,149600,3894100,0.28,15.1,4260,28,0.0,0,2,10.9,2152900,1,Low_Risk,5.083891403143934,2.614654415375878,Low_Risk,1.0,1.0,9.810031730711727e-18,0.0
CUST1118,53,622900,32100,150700,0.44,33.9,3709,28,0.0,2,3,13.6,150000,2,High_Risk,0.35362862382485327,-1.428637675005604,Medium_Risk,0.7735568135493143,0.0001291712987119752,0.22631401515197394,0.7735568135493143
CUST1119,49,2518300,85400,1737600,0.1,31.8,3464,32,2.9,1,1,5.1,629800,1,Low_Risk,2.755268392302097,0.3632056725016748,Low_Risk,0.9905013782333725,0.9905013782333725,0.009498621766627777,2.003028187134e-63
CUST1120,23,805800,45250,284400,0.55,72.1,4083,37,16.6,4,3,0.5,56000,2,High_Risk,-2.4232593746192777,0.9511908485828943,High_Risk,0.9719386614182662,6.287188206593449e-08,0.028061275709851608,0.9719386614182662
CUST1121,25,695300,41000,232800,0.57,61.6,974,56,15.5,0,3,5.2,38000,2,High_Risk,-2.398766672315855,-0.07571199824197677,High_Risk,0.9902200068545146,2.4592330892087595e-06,0.009777533912395575,0.9902200068545146
CUST1122,41,1355700,69150,183500,0.56,67.4,4728,42,14.9,2,4,0.5,154100,0,Medium_Risk,-1.2908849260897521,1.5168985427699224,Medium_Risk,0.9999424661316247,5.7457346095463244e-05,0.9999424661316247,7.652228063775629e-08
CUST1123,27,994800,53150,391100,0.54,58.1,4404,35,9.8,1,3,7.7,107600,2,High_Risk,-0.7935230089580146,0.05734902860171666,Medium_Risk,0.9066168936410727,1.840050577350439e-05,0.09336470585315387,0.9066168936410727
CUST1124,28,1479000,74550,1108800,0.29,26.3,3558,35,11.5,3,3,6.8,727200,0,Medium_Risk,0.3030408176470632,0.7206534259585321,Low_Risk,0.99301624490103,0.006983755098969347,0.99301624490103,3.6827738245393827e-65
CUST1125,49,475200,26700,64400,0.63,73.5,1485,26,19.7,0,2,8.6,49500,2,High_Risk,-1.6027530739817393,-0.8263419701622667,High_Risk,0.9994037158019883,1.0458096364808975e-08,0.0005962737399157932,0.9994037158019883
CUST1126,37,760700,49750,161800,0.72,95.0,1448,41,25.2,5,5,5.1,201100,0,Medium_Risk,-3.9448044353626948,2.0353484005807894,High_Risk,0.9826017659976479,2.7902457103194594e-08,0.9826017659976479,0.017398206099895168
CUST1127,32,954900,46200,396400,0.36,36.4,2863,40,6.2,3,3,0.5,64200,0,Medium_Risk,-0.943067154108694,-0.1900285728811324,Medium_Risk,0.5326228144943731,9.151940307308147e-05,0.5326228144943731,0.4672856661025542
CUST1128,45,1376400,69850,992300,0.36,62.2,3157,26,15.4,1,2,11.3,300400,0,Medium_Risk,0.45658098921120954,0.2795530515774893,Medium_Risk,0.9977604931192232,0.0022395068807772992,0.9977604931192232,7.972453189350531e-22
CUST1129,63,3779600,143200,3555300,0.1,37.0,5783,34,0.0,1,1,11.4,2308700,1,Low_Risk,5.5746132294063875,2.9392403088861303,Low_Risk,0.9999999999999893,0.9999999999999893,1.0690926179502682e-14,0.0
CUST1130,41,876300,46000,214800,0.45,68.7,6161,45,6.0,2,2,8.5,63200,2,High_Risk,-0.375597873669851,0.10570737935827497,Medium_Risk,0.6938361205441337,0.00022522982426332076,0.30593864963160255,0.6938361205441337
CUST1131,40,576700,30700,245100,0.37,58.2,2007,43,18.9,2,2,17.0,32400,2,High_Risk,-1.2173101715565422,-0.6511756570573544,Medium_Risk,0.9940237107986982,7.4190583924089065e-06,0.005968870142908989,0.9940237107986982
CUST1132,25,595400,34800,92900,0.43,43.2,5773,28,5.1,0,2,5.0,22200,2,High_Risk,-0.07829989377597928,-1.2708502460916775,Medium_Risk,0.8569064647955111,0.00029988323994352775,0.14279365196454444,0.8569064647955111
CUST1133,30,783900,59900,190700,0.75,75.8,1459,36,24.0,2,3,2.6,201500,0,Medium_Risk,-2.8418064524387994,1.0779819737339436,High_Risk,0.9897497258859178,8.156360124706919e-07,0.9897497258859178,0.010249458478069604
CUST1134,30,2268300,101850,3116700,0.11,14.8,3972,16,0.0,0,2,5.0,2476500,1,Low_Risk,3.8041472814721997,0.8144064936555876,Low_Risk,1.0,1.0,3.6392668439557974e-20,0.0
CUST1135,31,1660400,60800,1474700,0.23,19.1,5151,26,1.5,1,1,4.8,252400,0,Medium_Risk,1.969087857392193,-0.6718772116994359,Low_Risk,0.8981898664430066,0.10181013355699414,0.8981898664430066,1.5095882150813718e-59
CUST1136,42,790600,30050,199000,0.34,13.9,2687,35,2.0,2,4,5.5,371800,0,Medium_Risk,-0.17941477739339443,-1.1680080461918037,Low_Risk,0.9989906379541096,0.001009362045890186,0.9989906379541096,6.537618273026581e-23
CUST1137,38,821200,40000,383400,0.33,59.2,2838,34,4.0,2,0,5.0,135000,2,High_Risk,-0.09973943001132077,-1.079169243473515,Medium_Risk,0.9317346025760224,2.117351557604876e-05,0.06824422390840168,0.9317346025760224
CUST1138,37,747600,28750,317800,0.48,53.2,3777,40,7.7,0,1,9.0,69400,2,High_Risk,-0.3228961619155524,-1.1689045487347887,Medium_Risk,0.9522613475656901,1.2708250806070388e-05,0.04772594418350365,0.9522613475656901
CUST1139,32,883400,41700,538400,0.46,68.1,1969,37,10.7,2,3,8.7,308800,0,Medium_Risk,-1.365977679238827,-0.06057202360532541,Medium_Risk,0.9998528093898751,0.00014710378393336087,0.9998528093898751,8.682619186082105e-08
CUST1140,33,373800,20050,61800,0.46,29.3,1690,18,3.2,1,3,9.1,34700,2,High_Risk,-0.5768807199200914,-2.2047957612979765,Medium_Risk,0.9940632627566328,5.733278077953099e-06,0.005931003965289018,0.9940632627566328
CUST1141,35,1042100,63750,186900,0.31,36.2,4793,30,1.9,2,3,2.2,59400,2,High_Risk,0.3009086002687424,-0.3507070587552528,Medium_Risk,0.5329387489451578,0.0004992537384729635,0.46656199731636927,0.5329387489451578
CUST1142,38,735900,49250,102500,0.6,60.1,1717,37,22.4,5,5,2.0,45600,2,High_Risk,-3.1470101833642437,1.3347249349471275,High_Risk,0.9969789050881043,1.5641301986737188e-09,0.003021093347765358,0.9969789050881043
CUST1143,41,3434800,116200,9775200,0.33,23.9,4109,18,0.0,0,3,12.8,7594500,1,Low_Risk,6.774549426709637,5.157867058382896,Low_Risk,1.0,1.0,1e-323,0.0
CUST1144,50,2259400,72850,3026600,0.23,36.2,4998,9,4.4,1,1,15.1,2294200,1,Low_Risk,3.8894324715641777,0.5564924053677709,Low_Risk,0.9999999999999876,0.9999999999999876,1.1845996217224317e-14,0.0
CUST1145,32,493200,24550,115000,0.41,51.3,3162,27,4.3,2,3,10.8,14100,2,High_Risk,-0.805583687762432,-1.3570414853329384,Medium_Risk,0.9944458929539759,6.197680858594589e-06,0.0055479093651655065,0.9944458929539759
CUST1146,32,679200,43900,126900,0.77,92.1,2219,36,27.1,5,4,5.1,120300,2,High_Risk,-3.8874597499097314,1.762303401167216,High_Risk,0.9975571852112644,1.5745194210802845e-11,0.0024428147729906886,0.9975571852112644
CUST1147,43,554900,23000,153300,0.48,60.9,3329,18,12.9,5,3,4.5,124200,2,High_Risk,-1.6510809942424756,-0.2402581647243285,High_Risk,0.9547379105814712,7.831462253984987e-07,0.045261306272303806,0.9547379105814712
CUST1148,49,1289700,43750,829800,0.05,16.8,3168,38,0.0,0,0,7.7,257700,0,Medium_Risk,2.1844012159372683,-1.875111426713413,Low_Risk,0.9962554279347766,0.003744482158398583,0.9962554279347766,8.99068243800018e-08
CUST1149,33,1742300,88100,2133000,0.05,14.2,3867,27,0.0,0,1,18.6,526000,1,Low_Risk,3.4406690465135283,-0.8783644692597675,Low_Risk,0.9972536546961102,0.9972536546961102,0.002746345303889978,1.2089620510410944e-169
CUST1150,51,1202400,37850,1361000,0.06,5.0,2629,20,0.0,0,0,18.8,689500,0,Medium_Risk,3.188573657525026,-2.579681784279384,Low_Risk,0.9879160916928164,0.012083908307183477,0.9879160916928164,1.0765382472630599e-69
CUST1151,44,689300,27300,410400,0.25,5.0,1784,33,0.0,0,1,18.2,173700,0,Medium_Risk,1.4234043209593732,-2.8495908381250823,Low_Risk,0.583924679074994,0.012147602771555742,0.583924679074994,0.4039277181534496
CUST1152,21,1313500,45500,2351900,0.3,19.0,5004,24,0.0,0,2,15.2,626400,1,Low_Risk,2.026909913108097,-1.0980956848828527,Low_Risk,0.9999680756803335,0.9999680756803335,3.1924319665413844e-05,7.902339431312154e-246
CUST1153,53,521900,35250,56200,0.58,95.0,1554,24,21.1,3,1,8.1,39000,2,High_Risk,-1.949088338400979,-0.07439300012394309,High_Risk,0.9926818951908186,4.4733088002869446e-08,0.007318060076093212,0.9926818951908186
CUST1154,46,458200,22400,128000,0.66,46.1,1910,24,4.4,2,4,8.8,72300,2,High_Risk,-1.3168453373947901,-1.1398130872756618,Medium_Risk,0.9992307678055284,6.32426736490084e-09,0.0007692258702045744,0.9992307678055284
CUST1155,41,2419800,94700,1526800,0.3,5.2,5187,33,0.0,0,3,12.7,1886300,1,Low_Risk,3.31380733816591,0.7280578177022383,Low_Risk,0.9999999765513226,0.9999999765513226,2.3448678016507018e-08,0.0
CUST1156,35,456300,36100,53200,0.49,50.9,2090,32,20.1,5,2,2.3,30800,2,High_Risk,-2.3302268386834344,0.08691930953937879,High_Risk,0.9965000079041921,6.534499221576488e-09,0.003499985561308671,0.9965000079041921
CUST1157,45,1078400,45000,702000,0.5,42.1,3108,41,0.8,2,5,9.0,224400,0,Medium_Risk,-0.5097381853166855,-0.03060136403542451,Medium_Risk,0.9998481801961792,0.00014899328534729778,0.9998481801961792,2.8265184728016536e-06
CUST1158,55,1139100,36600,1001000,0.39,37.8,3183,38,2.5,0,0,13.4,442300,0,Medium_Risk,1.4409924375315235,-1.4102630487265624,Medium_Risk,0.9975676424785126,0.0024323575214865124,0.9975676424785126,1.1099318724165398e-26
CUST1159,34,630400,29850,213200,0.42,61.2,1439,27,14.4,4,2,3.9,185500,0,Medium_Risk,-1.8308128806412487,-0.40876718459245787,Medium_Risk,0.7910135144149737,3.0375907189201042e-05,0.7910135144149737,0.20895610967783754
CUST1160,32,2060500,50850,4133900,0.37,55.4,5412,36,18.9,0,1,16.6,825100,1,Low_Risk,1.724326070906272,1.1946386462048437,Low_Risk,1.0,1.0,1.3894308585172179e-25,0.0
CUST1161,46,992500,49900,548000,0.34,30.6,3675,36,1.5,1,4,16.4,108100,0,Medium_Risk,0.7120679924647747,-0.8977409995845281,Medium_Risk,0.9468170095516455,0.00342318831098434,0.9468170095516455,0.04975980213737002
CUST1162,32,930000,27500,640000,0.14,5.0,2537,26,0.0,0,2,3.7,225000,0,Medium_Risk,1.0726318189650454,-2.316018878334033,Low_Risk,0.9978353600276687,0.0020896683393785195,0.9978353600276687,7.497163295367307e-05
CUST1163,46,922000,48050,377200,0.2,39.1,3650,27,10.1,3,1,13.8,161600,2,High_Risk,0.739442856660058,-0.9432697113922833,Medium_Risk,0.894150344726781,0.0005234264283671622,0.10532622884485146,0.894150344726781
CUST1164,48,2129800,102000,1362600,0.16,6.8,7125,29,0.0,4,3,6.8,1268700,1,Low_Risk,2.9909574794459712,1.3292523450930704,Low_Risk,0.7793710681686313,0.7793710681686313,0.22062893183136956,1.4436819127405278e-208
CUST1165,47,1286200,52300,1282200,0.57,60.7,4836,26,11.9,1,4,21.6,256600,0,Medium_Risk,0.3995145161970608,0.29296490801316943,Medium_Risk,0.994393416075259,0.005606583924741045,0.994393416075259,2.5052979350006428e-49
CUST1166,41,968700,28050,682100,0.35,46.4,2100,25,5.1,2,1,7.7,163900,0,Medium_Risk,0.06997512120591282,-1.3684439013464358,Low_Risk,0.998041765688043,0.0019569860695668275,0.998041765688043,1.2482423892717062e-06
CUST1167,40,786400,35450,399300,0.37,47.8,2032,34,10.6,2,1,9.2,174500,2,High_Risk,-0.44165174728236567,-1.0008268624435483,Medium_Risk,0.8069044769696722,0.00010350549244817218,0.1929920175378801,0.8069044769696722
CUST1168,31,501900,28250,112200,0.48,77.3,2401,42,16.2,3,3,3.3,107500,2,High_Risk,-2.6273224932263606,0.18757072697844268,Medium_Risk,0.9708994637786588,1.0939709391848594e-06,0.029099442250401623,0.9708994637786588
CUST1169,25,507900,28750,95900,0.68,75.9,1593,45,21.5,4,5,0.5,59700,2,High_Risk,-4.150705375045201,1.1166922944261963,High_Risk,0.9996407336948885,1.1797099960424409e-10,0.0003592661871407373,0.9996407336948885
CUST1170,39,709800,14800,341600,0.19,19.8,2145,22,0.0,0,2,11.0,76600,0,Medium_Risk,0.8910745665847225,-2.813139286508538,Low_Risk,0.8767539944538487,0.01002952945126297,0.8767539944538487,0.11321647609488764
CUST1171,31,219200,12550,81200,0.42,69.1,942,53,10.7,4,3,10.3,7600,2,High_Risk,-2.84989483730197,-0.5623476508448235,High_Risk,0.9990370207458966,7.491047195968044e-08,0.00096290434363141,0.9990370207458966
CUST1172,43,752800,35300,291400,0.4,45.1,3375,18,15.8,3,3,12.5,55700,2,High_Risk,-0.5335519076086058,-0.6293223183363668,Medium_Risk,0.9873448922622252,1.5078411667637291e-05,0.012640029326107364,0.9873448922622252
CUST1173,28,544500,39750,119300,0.65,79.2,1931,27,17.0,3,4,9.6,55200,2,High_Risk,-2.6451293271515146,0.24989547829691958,High_Risk,0.9948614561277758,3.235552647003585e-08,0.005138511516697888,0.9948614561277758
CUST1174,43,912300,36600,526600,0.3,54.2,3582,34,10.1,4,2,4.2,259100,0,Medium_Risk,-0.6566248025208166,-0.07666888219953111,Medium_Risk,0.9995093597933238,0.0004087323387301287,0.9995093597933238,8.190786794595441e-05
CUST1175,59,2638400,116400,1762400,0.18,22.6,4454,20,7.7,2,1,16.6,1610400,1,Low_Risk,4.017408829472447,1.1626506719132488,Low_Risk,0.9998108502854568,0.9998108502854568,0.00018914971454397217,0.0
CUST1176,24,605500,21200,737900,0.17,35.0,1829,30,9.2,1,0,16.3,138300,0,Medium_Risk,0.3266133112072329,-2.310740176898547,Low_Risk,0.9980808529184656,0.0019191470334188074,0.9980808529184656,4.811491873477179e-11
CUST1177,49,782600,38300,506200,0.33,55.5,2025,36,9.6,1,1,15.4,168800,0,Medium_Risk,0.15508613624314327,-1.1940125849503156,Medium_Risk,0.9880209922086178,0.001522455705783459,0.9880209922086178,0.010456552085598637
CUST1178,51,1719700,53900,1553500,0.23,42.9,10575,40,1.9,1,2,15.3,332700,1,Low_Risk,2.8143247474258826,0.3613335843222665,Low_Risk,0.9988588049323357,0.9988588049323357,0.0011411950676635482,3.553016659307142e-75
CUST1179,52,1260100,49700,580700,0.14,17.2,3615,13,0.0,0,0,15.3,163900,0,Medium_Risk,2.9293269351695304,-2.433332014848688,Low_Risk,0.9680362483460193,0.005727972999636578,0.9680362483460193,0.026235778654344684
CUST1180,34,1213000,64000,1064300,0.26,62.7,2770,48,9.8,0,2,9.3,227400,0,Medium_Risk,0.05830515679852935,0.0408451278027517,Medium_Risk,0.9985583071013253,0.0014416928986741005,0.9985583071013253,2.362582260089303e-32
CUST1181,35,1314800,48750,851800,0.32,23.6,4791,30,1.4,0,2,12.5,1275600,1,Low_Risk,1.7548466686920363,-0.862622244972855,Low_Risk,0.981768144888674,0.981768144888674,0.018231855111325364,1.4472211031695213e-259
CUST1182,28,460400,32550,62300,0.77,95.0,1964,28,23.6,5,4,4.1,42200,2,High_Risk,-4.030884364631819,1.1588376713685473,High_Risk,0.9997821777161353,1.0311899257988157e-12,0.00021782228283360517,0.9997821777161353
CUST1183,39,686300,28050,337000,0.47,48.0,3945,33,4.2,0,2,15.6,50600,2,High_Risk,0.1552261103302962,-1.5485141157849887,Medium_Risk,0.9177602163399696,7.018175619248162e-05,0.0821696019038378,0.9177602163399696
CUST1184,56,866300,44650,480400,0.53,73.6,2135,35,2.2,1,4,20.0,187600,0,Medium_Risk,-0.2612958042436537,-0.556194802841071,Medium_Risk,0.933132306755906,0.00015608729965411046,0.933132306755906,0.06671160594443962
CUST1185,46,890700,39900,506300,0.48,36.0,3055,35,0.0,0,4,14.1,306700,0,Medium_Risk,0.32061107090876323,-1.108267423273362,Medium_Risk,0.9997875956623398,0.00020893684013283118,0.9997875956623398,3.4674975272302137e-06
CUST1186,33,783100,59050,100300,0.48,74.2,4410,36,22.4,4,2,1.1,52400,2,High_Risk,-1.9803464694436752,1.1681721712611903,High_Risk,0.8344972357553749,2.788399250729338e-06,0.16549997584537487,0.8344972357553749
CUST1187,29,672100,29550,242600,0.47,55.8,2687,36,5.6,2,3,0.6,60600,2,High_Risk,-1.573952815148045,-0.592027248161409,Medium_Risk,0.9946058654611593,2.511969365500273e-07,0.005393883341903986,0.9946058654611593
CUST1188,26,647100,31550,157000,0.32,47.5,2357,22,12.7,2,2,1.0,48700,2,High_Risk,-1.1082120098173323,-1.047739922000487,Medium_Risk,0.9922723456284849,9.678283251377514e-06,0.0077179760882641855,0.9922723456284849
CUST1189,37,876500,44850,424500,0.58,64.3,2591,38,16.7,4,4,2.3,64500,0,Medium_Risk,-2.38867290211516,0.969398196583634,Medium_Risk,0.9496791274826692,4.017820854210253e-06,0.9496791274826692,0.050316854696476634
CUST1190,42,503900,14800,231000,0.39,37.9,857,25,5.6,1,2,10.9,61500,2,High_Risk,-0.45162285552323267,-2.191098933260358,Medium_Risk,0.9756688523531709,6.558686388272284e-05,0.02426556078294621,0.9756688523531709
CUST1191,60,1073400,48600,314400,0.25,32.0,4812,20,1.2,1,1,21.1,1683900,1,Low_Risk,2.7196632854247857,-1.3152906277304388,Low_Risk,0.9999999984927257,0.9999999984927257,1.5072740831100553e-09,0.0
CUST1192,31,507500,23600,240600,0.37,56.5,1004,31,15.4,3,1,1.9,15800,2,High_Risk,-1.808667327397529,-0.9348327272755234,Medium_Risk,0.966225039624312,8.264208865372986e-06,0.03376669616682277,0.966225039624312
CUST1193,45,1327700,62550,918700,0.31,5.0,3317,40,2.3,0,1,13.6,2848900,1,Low_Risk,2.487961386644277,-0.4338880446498227,Low_Risk,1.0,1.0,1.3586186782307024e-24,0.0
CUST1194,57,2000200,85000,1041300,0.1,23.6,4176,25,1.5,4,2,14.9,914300,1,Low_Risk,2.724619382988709,0.26234409370116696,Low_Risk,0.670986268761217,0.670986268761217,0.3290137312387828,2.7326181151021557e-100
CUST1195,22,650400,32750,218600,0.59,65.0,2731,45,19.0,4,3,0.5,49000,2,High_Risk,-3.108864609647354,0.7292880830897457,Medium_Risk,0.9990350604732204,1.1582570986667027e-09,0.0009649383685223392,0.9990350604732204
CUST1196,45,456600,24500,98400,0.6,83.5,1318,41,30.0,6,3,2.7,25900,2,High_Risk,-3.935493415124352,1.2563456702429197,High_Risk,0.9999488542576854,5.636400906612615e-12,5.1145736677757843e-05,0.9999488542576854
CUST1197,40,468600,28150,51100,0.83,68.6,2442,40,18.3,2,4,8.6,18600,2,High_Risk,-2.860985758449674,0.2950816735930274,High_Risk,0.9998786025397586,6.149393877957016e-11,0.00012139739874717489,0.9998786025397586
CUST1198,21,541200,20800,329800,0.16,13.8,3994,23,9.9,2,1,11.5,51100,2,High_Risk,0.3758467141968166,-2.166078244985388,Low_Risk,0.8599547939563458,0.0015955933343690795,0.13844961270928574,0.8599547939563458
CUST1199,32,1612500,79550,1278700,0.18,20.1,3350,25,0.0,1,0,10.3,647600,0,Medium_Risk,2.4646285923570703,-0.9196698054072879,Low_Risk,0.9137705221522191,0.08622947784778161,0.9137705221522191,3.026912255110558e-54
CUST1200,41,1570500,68900,427900,0.35,26.8,3845,30,8.2,2,2,7.1,600900,0,Medium_Risk,0.9194652829110692,0.010154590149825898,Low_Risk,0.930850747391568,0.06914925260843124,0.930850747391568,1.2887579544684857e-59
CUST1201,47,857800,51450,139300,0.56,58.0,2395,48,18.4,1,2,11.3,134900,2,High_Risk,-1.1503433734932147,0.12120971908906066,Medium_Risk,0.8004168186175159,2.0953273971076424e-05,0.1995622281085133,0.8004168186175159
CUST1202,33,802000,42300,449000,0.46,53.6,3300,43,13.1,2,2,6.1,159100,0,Medium_Risk,-1.1442359189094335,-0.07127417155365737,Medium_Risk,0.9302143349744828,0.00015743691514676108,0.9302143349744828,0.06962822811037038
CUST1203,63,2184700,66000,2205400,0.29,11.4,3476,36,0.0,0,2,20.1,1092400,1,Low_Risk,3.4218279138553314,-0.30717764845722,Low_Risk,0.9424472291942909,0.9424472291942909,0.05755277080570872,3.42345079516645e-174
CUST1204,40,1271900,32950,1654100,0.15,37.3,2130,31,9.3,0,1,13.5,409700,0,Medium_Risk,1.2443512015606613,-1.3433789363947835,Low_Risk,0.9205214339388923,0.07947856606110758,0.9205214339388923,1.6856035020659555e-80
CUST1205,24,617200,33200,242200,0.46,56.6,2907,38,8.5,2,4,5.5,66000,2,High_Risk,-1.7858016353230577,-0.3458604698229007,Medium_Risk,0.9974661252078423,3.0562617104691366e-07,0.0025335691659866657,0.9974661252078423
CUST1206,45,1499600,57850,1597000,0.29,28.4,1898,24,5.1,0,2,17.9,772300,0,Medium_Risk,1.9034232555123762,-0.9717796039702513,Low_Risk,0.9607479126964383,0.03925208730356112,0.9607479126964383,9.030396946637287e-93
CUST1207,33,632500,47450,73500,0.41,62.9,2588,39,14.7,6,3,0.5,19800,2,High_Risk,-2.459683683455449,0.7690211051935743,High_Risk,0.989802645890477,1.2578556946222344e-08,0.010197341530965678,0.989802645890477
CUST1208,38,926400,61500,440200,0.59,84.0,2681,51,26.1,4,4,12.8,108700,0,Medium_Risk,-2.7025522578950625,1.9097746758933243,High_Risk,0.9253725348640182,2.0899071437977524e-06,0.9253725348640182,0.07462537522883832
CUST1209,39,896900,42700,796400,0.38,37.7,3856,29,6.0,0,2,20.4,187500,0,Medium_Risk,1.016565595433635,-1.4115638037432718,Low_Risk,0.9940856969015373,0.00591430309844829,0.9940856969015373,1.5138403827466066e-14
CUST1210,43,574400,32150,118500,0.59,90.6,2064,30,25.0,7,5,1.7,35600,2,High_Risk,-3.942613525972009,1.6958840079361606,High_Risk,0.9998022600108363,1.160221952344039e-11,0.00019773997756113303,0.9998022600108363
CUST1211,46,1869800,91800,924000,0.24,32.8,4309,25,0.0,0,0,6.2,835800,0,Medium_Risk,2.836736299385376,-0.3500459217053196,Low_Risk,0.9940808846564447,0.00591911534355546,0.9940808846564447,1.718207864234646e-76
CUST1212,38,1512900,46150,3070800,0.24,27.1,4605,11,0.0,0,2,16.5,421300,1,Low_Risk,2.8468656935861865,-1.1528114058341556,Low_Risk,0.9999999999999964,0.9999999999999964,4.3151503191925905e-15,0.0
CUST1213,56,3347900,96650,5373200,0.21,16.5,4911,26,5.7,2,2,13.5,5079100,1,Low_Risk,5.340390588398764,3.409353765960296,Low_Risk,1.0,1.0,3.508961080203983e-86,0.0
CUST1214,48,651200,26700,347700,0.35,40.9,1234,34,13.6,2,3,12.0,37400,2,High_Risk,-0.8430802110590772,-1.0448807698656215,Medium_Risk,0.7582220596324989,0.0007172681064866082,0.24106067226101457,0.7582220596324989
CUST1215,26,881600,39650,420600,0.34,54.8,2442,25,15.1,3,2,3.2,66100,2,High_Risk,-1.2208730020194136,-0.3538431630857162,Medium_Risk,0.7501345639031591,8.364951103877754e-05,0.24978178658580233,0.7501345639031591
CUST1216,35,625100,30000,172700,0.35,21.2,1679,45,0.0,3,4,0.9,33000,2,High_Risk,-1.226669454600525,-0.9726171270731555,Medium_Risk,0.9906763923591846,2.7278714278248237e-06,0.009320879769387601,0.9906763923591846
CUST1217,46,971900,53350,295500,0.52,68.5,3825,36,16.0,2,3,12.3,71700,2,High_Risk,-0.8903923665854704,0.42496761207439493,Medium_Risk,0.9671411848017761,5.678917206215687e-06,0.03285313628101777,0.9671411848017761
CUST1218,43,811700,47600,244300,0.5,67.7,1656,32,16.5,3,3,2.3,395200,0,Medium_Risk,-1.8052812833156044,0.4609745366304249,High_Risk,0.9999810687387166,1.893126128314617e-05,0.9999810687387166,4.742944603243119e-19
CUST1219,36,1892100,60600,2224900,0.2,31.3,6582,29,6.0,0,0,11.3,427000,1,Low_Risk,2.8343688401996854,-0.3239265309765172,Low_Risk,0.9986734168934801,0.9986734168934801,0.0013265831065203467,1.0887402553480451e-169
CUST1220,26,926800,42800,981800,0.43,58.6,1903,37,4.4,3,4,1.2,535800,0,Medium_Risk,-1.515396915823713,0.267179534880807,Medium_Risk,0.9998450699171816,0.0001549300828179802,0.9998450699171816,2.0166623984145429e-47
CUST1221,54,869100,37350,337800,0.33,54.1,2947,39,6.6,2,0,12.7,174700,2,High_Risk,0.407083287432185,-1.108690851602267,Medium_Risk,0.913653655833762,8.396909555219323e-05,0.08626237507068583,0.913653655833762
CUST1222,42,2086900,93450,1148700,0.17,7.1,9126,28,0.0,0,1,15.5,528700,0,Medium_Risk,4.218982746091747,-0.17099385758336205,Low_Risk,0.6449810838490074,0.3550189161509929,0.6449810838490074,4.417442424701953e-30
CUST1223,41,728200,47850,133100,0.56,60.2,1676,39,15.5,3,4,5.1,36300,2,High_Risk,-2.166636067942681,0.4463699252881938,High_Risk,0.987069214501994,2.475515344113833e-07,0.01293053794647177,0.987069214501994
CUST1224,40,1356200,37900,2231700,0.05,6.9,2914,22,1.1,2,0,18.2,152900,1,Low_Risk,2.706709479106972,-2.0140740493409277,Low_Risk,0.9995408298554707,0.9995408298554707,0.0004591701445277935,3.9255141788253366e-237
CUST1225,27,922400,67500,233200,0.4,71.1,2882,39,14.7,4,2,0.5,230100,0,Medium_Risk,-1.7154787320397782,0.9330964095320057,High_Risk,0.9999613195326423,3.053956866516404e-05,0.9999613195326423,8.140898692209927e-06
CUST1226,21,630400,32450,308600,0.57,74.9,2359,32,20.1,3,4,1.4,70200,2,High_Risk,-3.0491593524095117,0.559858758246439,High_Risk,0.9901812509181952,8.180137395479307e-08,0.009818667280430718,0.9901812509181952
CUST1227,33,2022300,59000,4375800,0.15,13.5,3408,6,0.3,0,2,4.9,3565200,1,Low_Risk,3.863692630604047,0.43323139672152505,Low_Risk,1.0,1.0,3.0811186443868045e-55,0.0
CUST1228,32,473700,16500,191100,0.46,65.9,2828,40,7.2,3,4,7.3,42600,2,High_Risk,-2.0932066425703106,-0.4748724068530319,Medium_Risk,0.9966754471915255,5.161310832165687e-07,0.0033240366773914787,0.9966754471915255
CUST1229,44,5000000,222500,6159100,0.22,38.8,4426,40,3.4,0,2,11.7,2480100,1,Low_Risk,6.394537729440307,5.673495880623157,Low_Risk,1.0,1.0,5.079079979209089e-53,0.0
CUST1230,41,607300,30800,229600,0.49,67.0,1896,40,3.8,1,2,14.4,71500,2,High_Risk,-0.7984892286859968,-1.1943604974931392,Medium_Risk,0.9957982893400954,1.3640651843879188e-06,0.0042003465947199805,0.9957982893400954
CUST1231,45,1224100,60850,1023900,0.5,68.0,2396,38,14.9,2,1,5.2,987700,0,Medium_Risk,-0.44896416461264516,0.7988912019588039,Medium_Risk,0.9980067731430133,0.0019932268569871586,0.9980067731430133,3.6783333576116126e-133
CUST1232,36,576600,29300,166400,0.42,49.5,2943,28,5.0,2,0,3.8,60300,2,High_Risk,-0.3978392902291367,-1.5099494036718617,Medium_Risk,0.9974776658043432,1.8827990918140211e-07,0.0025221459157476356,0.9974776658043432
CUST1233,50,822800,33250,485500,0.6,61.3,2994,31,9.5,2,4,14.3,281400,0,Medium_Risk,-0.9103989742782246,-0.196182774648258,Medium_Risk,0.9999286946783176,6.198510496634166e-05,0.9999286946783176,9.320216715783979e-06
CUST1234,58,3905400,140650,5003500,0.34,43.1,4075,21,9.1,1,2,18.3,5145000,1,Low_Risk,5.581799759829716,4.423975475812443,Low_Risk,1.0,1.0,8.694910336078597e-79,0.0
CUST1235,29,512000,32250,39800,0.59,62.7,2246,28,17.0,6,4,0.5,12500,2,High_Risk,-3.194194584699388,0.6261850190968492,High_Risk,0.9993817525572224,2.3060417937171627e-11,0.0006182474197172761,0.9993817525572224
CUST1236,32,1825900,56200,1900700,0.18,40.7,4350,31,2.6,1,2,9.3,682800,0,Medium_Risk,1.695242777352765,-0.1104728636683178,Low_Risk,0.8952019767463815,0.10479802325361813,0.8952019767463815,1.0887298753386996e-98
CUST1237,24,680600,34800,109800,0.47,69.2,3728,48,22.1,6,2,0.5,50800,2,High_Risk,-3.06074874935052,1.150798759892692,High_Risk,0.9943686374237678,1.2670914468109458e-09,0.0056313613091408645,0.9943686374237678
CUST1238,23,1283400,40400,1575700,0.3,33.1,4667,30,6.2,0,1,9.8,744200,0,Medium_Risk,1.2132981556039946,-0.8563011067555553,Low_Risk,0.8789631607307778,0.12103683926922133,0.8789631607307778,3.2029602688708815e-100
CUST1239,34,971000,61350,310100,0.5,74.7,2385,39,21.7,4,3,2.6,84500,2,High_Risk,-2.3242221901773696,1.329832683843962,High_Risk,0.8995264713904482,6.157777377584378e-07,0.10047291283181377,0.8995264713904482
CUST1240,31,860600,40600,438600,0.66,61.5,3692,38,11.4,2,4,7.3,137700,2,High_Risk,-1.7514852343639906,0.3776212633069621,Medium_Risk,0.6574427986441609,5.387660260214208e-06,0.3425518136955789,0.6574427986441609
CUST1241,45,600000,16600,446900,0.42,47.3,1403,32,11.6,0,1,18.0,150300,0,Medium_Risk,-0.135335311630576,-1.9705633158555371,Low_Risk,0.6906493002835058,0.0013930657770638856,0.6906493002835058,0.3079576339394302
CUST1242,43,956800,69550,86500,0.67,80.6,3207,39,26.4,6,5,2.5,217500,0,Medium_Risk,-3.2298328000467866,2.6566684494656805,High_Risk,0.9999676081397821,1.3295422040278504e-08,0.9999676081397821,3.237856479582847e-05
CUST1243,34,641500,30100,541200,0.59,71.6,2191,24,15.6,2,4,8.1,256600,0,Medium_Risk,-1.9552962676688268,-0.057490114058886245,Medium_Risk,0.9999601160091582,3.988191451844184e-05,0.9999601160091582,2.076323641676748e-09
CUST1244,64,1646200,66200,1420400,0.3,53.6,2004,25,11.1,4,3,16.2,612000,0,Medium_Risk,0.8688929374781453,0.6570559314487454,Medium_Risk,0.9846045307092995,0.015395469290700951,0.9846045307092995,1.4418236855090995e-56
CUST1245,49,975600,41200,502800,0.5,34.1,1697,37,12.6,1,3,9.4,250300,0,Medium_Risk,-0.5085475310731562,-0.5221268579195333,Medium_Risk,0.9920708110589993,0.000521782907875108,0.9920708110589993,0.0074074060331248085
CUST1246,33,473200,30150,48500,0.65,85.9,2547,47,26.6,6,3,0.5,72700,2,High_Risk,-4.1257170695953675,1.5764418971375762,High_Risk,0.999904672137267,5.632755357450046e-13,9.532786216997353e-05,0.999904672137267
CUST1247,28,574900,28050,134000,0.44,62.9,2963,43,11.9,4,3,5.2,17100,2,High_Risk,-2.239260143776457,-0.001005158726562538,High_Risk,0.9965744793891539,1.2945956003584965e-07,0.003425391151286096,0.9965744793891539
CUST1248,43,573100,31050,182000,0.32,43.5,2916,23,2.3,1,3,10.5,81000,2,High_Risk,0.10879154705151496,-1.6841083757163884,Medium_Risk,0.9927427959208196,1.7612305726068133e-05,0.007239591773454707,0.9927427959208196
CUST1249,28,793900,39550,290100,0.62,67.9,4593,41,11.8,2,3,7.7,76200,2,High_Risk,-1.6538337623465558,0.29769288950264194,Medium_Risk,0.9846989439008071,4.424990426279825e-07,0.015300613600150123,0.9846989439008071
CUST1250,38,2240600,99450,4446500,0.46,65.1,1974,34,9.9,2,2,9.6,3019800,1,Low_Risk,1.735933818517874,2.9896988792830244,Medium_Risk,1.0,1.0,1.2307449520219786e-46,0.0
CUST1251,28,686900,37550,530400,0.56,51.0,3348,32,14.6,3,3,11.5,389300,0,Medium_Risk,-1.3991902196186132,-0.010074731543296696,Medium_Risk,0.9998942879828462,0.00010571201715306989,0.9998942879828462,9.373446233849267e-19
CUST1252,62,1222900,35100,1045000,0.43,21.0,3386,40,0.0,0,2,21.4,1494100,1,Low_Risk,2.0345351416585933,-1.112673581348306,Low_Risk,0.9578786263787062,0.9578786263787062,0.04212137362129296,0.0
CUST1253,22,388300,17400,123200,0.41,53.5,1817,26,12.4,4,2,0.7,11400,2,High_Risk,-2.2112007488397176,-0.906496360009959,Medium_Risk,0.9985357131152526,3.21610682931753e-08,0.0014642547236791475,0.9985357131152526
CUST1254,55,1366100,50100,961200,0.29,20.9,3304,14,2.7,1,2,11.1,1772800,1,Low_Risk,2.265574845413688,-0.8653445395942089,Low_Risk,0.9999314620795766,0.9999314620795766,6.853792042383268e-05,0.0
CUST1255,34,1264900,32750,1571000,0.25,34.1,4047,34,1.6,3,2,2.5,408500,0,Medium_Risk,0.42719218925886715,-0.416935285129934,Low_Risk,0.8173300344765371,0.18266996552346362,0.8173300344765371,1.2024358557992932e-80
CUST1256,21,381200,25850,40700,0.66,61.2,3102,41,16.1,4,3,0.5,21900,2,High_Risk,-3.1832968153165337,0.30316652771224817,High_Risk,0.9996865184030088,8.853491634296975e-11,0.0003134815084563374,0.9996865184030088
CUST1257,40,843700,33550,426400,0.49,61.7,2692,39,6.2,0,2,13.7,120600,2,High_Risk,-0.36942029485985334,-1.035729555810046,Medium_Risk,0.9185591692445897,2.901102522176648e-05,0.08141181973018895,0.9185591692445897
CUST1258,60,1545900,67250,1130500,0.44,71.6,4627,14,10.5,2,1,3.8,874000,0,Medium_Risk,1.1201102255769957,0.661529568794993,Medium_Risk,0.9969497378153691,0.003050262184630524,0.9969497378153691,5.8876737296117446e-95
CUST1259,60,3202300,108250,2571500,0.37,33.9,3278,33,8.9,0,1,15.1,4384600,1,Low_Risk,4.2266972308135955,2.5739291389697274,Low_Risk,1.0,1.0,1.2810554213856588e-57,0.0
CUST1260,44,1083400,32100,556600,0.34,6.5,2720,10,1.5,0,1,18.2,590100,0,Medium_Risk,2.154476477067151,-2.6198540916597812,Low_Risk,0.9756300304956241,0.024369969504375272,0.9756300304956241,1.8279386447827843e-47
CUST1261,57,1889600,74050,1913900,0.16,31.5,2724,24,8.5,3,1,13.3,1066400,1,Low_Risk,2.348001686248308,0.2626247720531604,Low_Risk,0.5882094589788577,0.5882094589788577,0.4117905410211423,8.320393281380076e-165
CUST1262,53,1256000,28700,1631400,0.32,36.8,3472,26,8.4,1,1,17.7,2392200,1,Low_Risk,1.929295271263878,-0.5430755659804792,Low_Risk,0.9999999999999982,0.9999999999999982,1.1672605519805066e-15,0.0
CUST1263,25,477400,35000,54800,0.81,85.9,2255,39,20.6,2,5,11.6,20600,2,High_Risk,-3.4896706497523606,0.7112395817133561,High_Risk,0.9997721256594708,2.578670068320462e-10,0.00022787408266254603,0.9997721256594708
CUST1264,52,2626200,152750,1959700,0.25,38.8,3105,26,2.8,1,2,14.6,4474600,1,Low_Risk,4.270479009972088,2.7891355988303634,Low_Risk,1.0,1.0,2.2499557874592397e-67,0.0
CUST1265,46,1084600,43700,826900,0.29,36.6,3233,45,2.9,0,1,13.1,314000,0,Medium_Risk,1.0807263147506816,-1.1959636571668046,Low_Risk,0.997739369353734,0.00226063064330174,0.997739369353734,2.9643273010534797e-12
CUST1266,49,1255700,32800,1826800,0.06,30.9,2606,28,4.3,2,0,18.0,517200,0,Medium_Risk,2.1176314852606595,-1.5836241192107614,Low_Risk,0.5753937950559466,0.4246062049440536,0.5753937950559466,4.851608589762903e-111
CUST1267,45,959700,51050,240800,0.48,56.2,3445,28,16.0,5,2,6.9,28400,2,High_Risk,-1.1086415963710103,0.4514532911564492,Medium_Risk,0.6988308881364892,2.415806747818422e-06,0.3011666960567624,0.6988308881364892
CUST1268,29,1131900,38000,735700,0.42,71.6,4350,29,20.6,2,2,5.8,75900,0,Medium_Risk,-1.1166576684620229,0.36035521154863814,Medium_Risk,0.9968056253876445,0.003194374557045878,0.9968056253876445,5.53091695026316e-11
CUST1269,34,1941100,60950,3914400,0.15,33.7,3954,35,3.5,0,1,14.0,1515900,1,Low_Risk,2.938331706105706,0.2708473042262877,Low_Risk,1.0,1.0,2.266802973679618e-22,0.0
CUST1270,37,739700,46300,135800,0.56,43.3,3781,37,5.0,0,1,5.4,222000,0,Medium_Risk,-0.1259622091125833,-0.9956764442211193,Medium_Risk,0.9954649863151216,2.69228141729202e-05,0.9954649863151216,0.004508090870705679
CUST1271,42,488500,31400,83400,0.86,95.0,2577,40,22.4,6,6,5.8,66400,2,High_Risk,-4.457625828848139,1.9972172817308893,High_Risk,0.9998950636105717,3.953881007485857e-14,0.00010493638938882965,0.9998950636105717
CUST1272,49,1589000,42950,1628300,0.15,29.1,4723,40,3.2,2,1,12.3,926000,0,Medium_Risk,2.01161627989082,-0.3862676765099884,Low_Risk,0.5805871642856075,0.4194128357143932,0.5805871642856075,1.0916657017720825e-119
CUST1273,44,1673000,45450,2043700,0.29,34.4,4609,40,7.7,1,1,11.4,979500,1,Low_Risk,1.6636660196046145,0.0242484218392441,Low_Risk,0.9723100696215866,0.9723100696215866,0.027689930378412757,3.3984551574235294e-172
CUST1274,39,1031700,43200,491200,0.35,65.6,5824,36,9.9,2,1,7.3,138600,0,Medium_Risk,0.042809261674576785,-0.10952137161195183,Medium_Risk,0.97776791847825,0.002090918740566681,0.97776791847825,0.020141162781183854
CUST1275,41,2265300,64450,1858100,0.05,11.7,3808,31,0.0,0,0,3.7,900500,1,Low_Risk,3.2030919310059374,-0.6895515902711183,Low_Risk,0.77828220333901,0.77828220333901,0.22171779666099026,1.1497840045711922e-105
CUST1276,46,1346600,71000,232000,0.67,90.7,7197,46,28.5,7,5,6.1,30100,0,Medium_Risk,-2.7406928021505994,3.673137000315059,High_Risk,0.9999798129488215,1.8176925851998988e-06,0.9999798129488215,1.8369358594925523e-05
CUST1277,40,1007400,53200,546400,0.32,40.1,2563,26,0.0,2,3,3.3,259800,0,Medium_Risk,0.17676957728479148,-0.7395838836276903,Medium_Risk,0.9996015061658515,0.0003593513212231375,0.9996015061658515,3.91425129246438e-05
CUST1278,45,763800,43150,624800,0.59,71.0,1818,42,21.0,5,5,17.8,75100,0,Medium_Risk,-2.497133563211003,1.1567959860926704,High_Risk,0.9999966267268847,3.3730282400190435e-06,0.9999966267268847,2.4487484644385263e-10
CUST1279,45,1377100,45400,1164800,0.18,33.2,5463,26,5.7,1,1,20.9,388000,0,Medium_Risk,2.320690919287105,-1.1503895299477418,Low_Risk,0.9824831017946072,0.017516898205393056,0.9824831017946072,3.672807727462806e-26
CUST1280,49,823300,33150,351500,0.44,44.4,2037,35,2.6,0,1,10.0,104100,2,High_Risk,0.29715951119441625,-1.6761923480964485,Medium_Risk,0.9686205325388322,1.3384599876597864e-05,0.031366082861291666,0.9686205325388322
CUST1281,43,679800,30700,397600,0.53,58.1,1580,31,4.2,1,3,9.7,209400,0,Medium_Risk,-0.849024550207073,-1.048370933571217,Medium_Risk,0.9374153430720327,6.511714403171319e-05,0.9374153430720327,0.06251953978393536
CUST1282,41,630600,40550,109300,0.49,36.6,3357,29,2.3,2,4,10.3,67200,2,High_Risk,-0.4498883089097112,-0.9363175732081188,High_Risk,0.9878067439644225,5.289958752097224e-06,0.012187966076825582,0.9878067439644225
CUST1283,51,1871600,56300,3413400,0.37,41.6,4722,39,10.6,2,3,21.1,703900,1,Low_Risk,1.7551357165144068,1.0695742662822023,Low_Risk,1.0,1.0,5.425151370255523e-16,0.0
CUST1284,37,957100,29850,843500,0.3,5.0,2397,34,0.0,0,4,14.7,342100,0,Medium_Risk,0.8485823284494036,-1.8194708665561325,Low_Risk,0.9969785453435577,0.003021454656347853,0.9969785453435577,9.518604127695812e-14
CUST1285,33,964900,44500,309900,0.16,15.7,4086,26,0.0,0,0,5.3,865500,0,Medium_Risk,1.8348476602318935,-1.9626440870433608,Low_Risk,0.8941601304076281,0.10583986959237147,0.8941601304076281,4.976109463260229e-134
CUST1286,35,812600,27250,1057200,0.61,64.5,3015,42,5.7,2,4,17.9,159200,0,Medium_Risk,-1.1946868712548033,-0.21373351280425099,Medium_Risk,0.9997115699284285,0.0002884300715720687,0.9997115699284285,4.893276298717963e-38
CUST1287,41,1342800,52700,1049500,0.36,54.5,5565,36,4.7,0,3,13.9,252600,0,Medium_Risk,0.9805256588621954,-0.1791326381899569,Medium_Risk,0.9981164147167294,0.0018835852832703476,0.9981164147167294,8.41538659929893e-22
CUST1288,38,499500,25650,221500,0.36,53.8,1589,26,19.2,3,0,11.3,93000,2,High_Risk,-0.9897413695876013,-1.2082637710843978,Medium_Risk,0.9972904062151806,6.19218479429353e-07,0.0027089745663398815,0.9972904062151806
CUST1289,42,325700,16550,85500,0.81,75.6,2077,43,19.1,5,5,12.9,12400,2,High_Risk,-3.7172624659847546,0.7341128245088763,High_Risk,0.9999442561206728,4.066886886355152e-12,5.574387526030411e-05,0.9999442561206728
CUST1290,45,1723000,70500,1994300,0.19,33.8,2789,33,0.9,1,2,14.0,1604900,1,Low_Risk,2.317094684287161,0.03508519476527939,Low_Risk,0.9998010031384189,0.9998010031384189,0.00019899686158099918,0.0
CUST1291,30,373600,24350,37000,0.54,69.3,1969,35,13.3,3,3,0.5,18200,2,High_Risk,-2.6900671977246042,-0.25022428112398115,High_Risk,0.9983015822749731,1.7096309757585476e-08,0.0016984006287171264,0.9983015822749731
CUST1292,44,979500,30000,467600,0.39,41.0,2054,26,1.7,2,1,12.5,245600,0,Medium_Risk,0.4267081490237373,-1.6243592599466574,Low_Risk,0.9956476462282644,0.004342628573751983,0.9956476462282644,9.72519798419285e-06
CUST1293,42,1915400,68750,538600,0.32,36.6,6902,28,12.1,2,2,8.5,352900,1,Low_Risk,1.4100139316724838,0.6000921025368785,Low_Risk,0.9775288182381544,0.9775288182381544,0.022471181761846357,1.0197047471686967e-39
CUST1294,31,725200,23350,438500,0.2,31.6,2788,34,1.6,0,1,5.9,243200,0,Medium_Risk,0.4639764525042835,-2.1187249444079623,Low_Risk,0.9971172365684496,0.002159815773082152,0.9971172365684496,0.0007229476584682485
CUST1295,31,518000,20650,295300,0.43,41.0,1961,25,8.6,5,4,3.5,53200,2,High_Risk,-1.9675244617831533,-0.5800590770320989,Medium_Risk,0.981050962895081,1.7479141067009377e-07,0.01894886231350864,0.981050962895081
CUST1296,49,810300,49650,91800,0.5,69.9,2523,34,10.8,2,2,2.0,102400,2,High_Risk,-1.119334112095868,-0.03000377465508977,Medium_Risk,0.9836142663937427,2.1941695509283132e-07,0.01638551418930198,0.9836142663937427
CUST1297,55,1826200,62350,2632000,0.11,57.2,3608,36,10.0,4,2,11.5,3048800,1,Low_Risk,1.8659352143436154,1.8746220753209106,Low_Risk,1.0,1.0,1.3843973439238434e-30,0.0
CUST1298,51,1589200,80550,778100,0.39,57.0,2446,28,3.7,2,3,5.9,884800,0,Medium_Risk,0.6582872731160352,0.6330554767339869,Medium_Risk,0.9962494297671564,0.003750570232842942,0.9962494297671564,1.4011595197175463e-99
CUST1299,42,1157800,44750,839600,0.25,22.4,4170,25,0.0,0,3,10.6,703300,0,Medium_Risk,1.6152761547302639,-1.258081812727849,Low_Risk,0.9964281533434236,0.00357184665657663,0.9964281533434236,7.255821655052832e-61
CUST1300,50,1506700,57900,852600,0.23,21.6,2667,31,0.0,0,2,13.6,757100,0,Medium_Risk,2.0801869016429366,-1.1555644037383832,Low_Risk,0.9808315524114192,0.019168447588581057,0.9808315524114192,4.612697047186126e-67
CUST1301,24,437500,16650,339500,0.36,45.1,1143,30,11.6,3,2,0.5,77700,2,High_Risk,-1.8866798435175496,-1.155623574530117,Medium_Risk,0.6166233950001738,9.961526107897167e-05,0.38327698973874813,0.6166233950001738
CUST1302,48,1686100,76700,1124400,0.16,21.3,2466,31,3.4,4,2,7.9,727900,0,Medium_Risk,1.4647556492943206,0.15972889663561354,Low_Risk,0.9940748277397441,0.005925172260256494,0.9940748277397441,1.2953200719440197e-56
CUST1303,24,625600,27950,164900,0.54,71.2,3097,33,15.4,3,2,0.5,63600,2,High_Risk,-2.3315468627404874,-0.02631952743668012,Medium_Risk,0.9968625467236595,2.8698761900094513e-08,0.003137424577578591,0.9968625467236595
CUST1304,43,1602300,78450,2347900,0.18,25.4,3842,24,13.0,4,4,15.7,250300,1,Low_Risk,1.2982428051091572,0.8710689741751091,Medium_Risk,0.9999972769897864,0.9999972769897864,2.7230102153136617e-06,1.2392468746584077e-285
CUST1305,41,2281500,91850,3984700,0.11,28.6,2607,34,1.9,1,1,11.3,1180100,1,Low_Risk,3.2563431639920997,0.7724143395121555,Low_Risk,1.0,1.0,2.1448345024068116e-24,0.0
CUST1306,39,240200,13050,51800,0.61,95.0,828,54,20.2,6,3,7.9,18400,2,High_Risk,-4.2238106872219,0.7634026472129762,High_Risk,0.9999610734056874,2.623003527747617e-12,3.892659168997929e-05,0.9999610734056874
CUST1307,34,1720300,78850,1241400,0.21,13.6,3888,14,0.0,0,3,18.7,234000,0,Medium_Risk,2.729705667146156,-1.119083473060389,Low_Risk,0.8734290164440486,0.12657098355595117,0.8734290164440486,5.961506748115771e-27
CUST1308,47,381700,27250,16400,0.74,75.6,2087,38,15.3,4,4,7.6,28300,2,High_Risk,-2.9556716522114446,0.4121569501283313,High_Risk,0.9994010976793006,1.0067255373714774e-10,0.0005989022200268828,0.9994010976793006
CUST1309,31,706100,40500,329300,0.56,88.4,1621,34,22.5,5,3,5.3,106600,2,High_Risk,-3.126635987955269,1.0483721496060585,High_Risk,0.982931073174115,6.239329419390541e-09,0.017068920586555892,0.982931073174115
CUST1310,43,762100,35750,317200,0.64,76.7,2944,36,16.2,3,3,6.7,384600,0,Medium_Risk,-2.017001706131177,0.5883330494474699,Medium_Risk,0.9999965450312657,3.4549687341527415e-06,0.9999965450312657,2.942333777869415e-16
CUST1311,31,1051000,64300,352200,0.68,65.6,2263,34,24.0,6,6,0.7,282200,0,Medium_Risk,-3.429910705645071,2.4213017810520783,High_Risk,0.9999960419861217,2.3502525126627484e-08,0.9999960419861217,3.93451135258706e-06
CUST1312,39,1645400,58250,1891100,0.21,38.8,1572,31,10.2,4,3,12.1,649900,0,Medium_Risk,0.42962756207937297,0.4782808452546576,Low_Risk,0.9807351281776238,0.01926487182237669,0.9807351281776238,4.850193280599623e-106
CUST1313,44,639900,36400,122100,0.73,52.6,2141,40,9.4,3,5,1.7,91600,2,High_Risk,-2.465724231447501,0.38972626902577895,High_Risk,0.9996113211265837,1.2148516575019264e-10,0.00038867875193152225,0.9996113211265837
CUST1314,43,1374300,77200,728000,0.42,67.2,2328,54,8.5,1,2,3.4,1166300,0,Medium_Risk,-0.2997097520472647,1.1249164360050652,Medium_Risk,0.9686571373132208,0.03134286268677906,0.9686571373132208,3.178316825371608e-205
CUST1315,32,1158100,64750,629700,0.32,43.5,3458,22,13.9,5,3,4.7,480700,0,Medium_Risk,-0.5605120896096704,0.6868841077456695,Medium_Risk,0.999882746928231,0.00011725307176981833,0.999882746928231,2.0018984709398275e-25
CUST1316,28,314800,23400,72300,0.59,57.8,1718,28,13.5,3,3,9.0,12900,2,High_Risk,-2.2706589053641513,-0.7577146432479067,High_Risk,0.997903699406893,4.3933114712115836e-08,0.0020962566599921294,0.997903699406893
CUST1317,29,486000,25900,178600,0.46,48.4,2040,30,0.4,1,3,7.2,180500,0,Medium_Risk,-0.9182341761646023,-1.55342368997487,Medium_Risk,0.9116339877052726,0.0001908403277829126,0.9116339877052726,0.08817517196694444
CUST1318,48,848600,51800,230500,0.66,62.5,4041,40,13.3,2,5,14.8,111600,2,High_Risk,-1.3126810763459011,0.6710424998418215,High_Risk,0.9869982699649312,6.145601023038415e-07,0.013001115474966633,0.9869982699649312
CUST1319,34,1049400,43800,291300,0.47,57.5,3895,22,12.4,3,2,0.5,158500,0,Medium_Risk,-0.9137619350371816,0.015524159841632235,Medium_Risk,0.9881524257728219,7.106534992873491e-05,0.9881524257728219,0.011776508877249124
CUST1320,37,732600,36000,350700,0.49,47.7,1567,42,9.7,1,3,11.8,340000,0,Medium_Risk,-1.033834893222735,-0.6935105004086001,Medium_Risk,0.9993361209543264,0.0006638790282171435,0.9993361209543264,1.745684079583604e-11
CUST1321,26,407200,25000,86600,0.52,82.7,1494,38,27.9,5,3,7.4,16700,2,High_Risk,-3.688583287753366,0.687660953996683,High_Risk,0.9999216075774268,8.810739548859413e-11,7.839233446561722e-05,0.9999216075774268
CUST1322,45,1628900,59250,3410200,0.32,43.5,2233,25,6.0,0,2,19.6,714400,1,Low_Risk,2.1412359183202807,-0.22227686886613587,Low_Risk,1.0,1.0,2.3841960943154876e-18,0.0
CUST1323,46,697700,27300,474500,0.48,57.5,4504,38,6.9,2,3,19.4,128900,0,Medium_Risk,-0.29452810892373427,-0.6841008879787818,Medium_Risk,0.9768255359642691,0.0018990687110840055,0.9768255359642691,0.02127539532464721
CUST1324,45,1365600,47350,640800,0.28,14.9,3677,33,0.6,0,2,12.5,260200,0,Medium_Risk,1.7098611048088732,-1.4455488718263638,Low_Risk,0.9862650670739667,0.01373485346588399,0.9862650670739667,7.946014887709915e-08
CUST1325,54,694600,32600,264600,0.41,18.5,1910,27,1.0,0,3,12.7,647400,0,Medium_Risk,0.7976104203604732,-1.8936214744205089,Low_Risk,0.9994054257110477,0.0005945742889514966,0.9994054257110477,6.782016579488981e-67
CUST1326,32,1625900,63550,1597100,0.32,33.7,4562,31,3.5,0,4,10.1,421200,0,Medium_Risk,1.2159439303930897,0.018739520119508767,Low_Risk,0.990324026152313,0.009675973847686366,0.990324026152313,7.358184846981112e-67
CUST1327,34,320500,15100,40200,0.76,61.5,1522,39,11.7,2,4,4.2,6900,2,High_Risk,-2.9885551690134884,-0.42873143044456896,High_Risk,0.9998422485801117,2.352953947268921e-10,0.00015775118459304636,0.9998422485801117
CUST1328,57,1729900,36050,2143000,0.33,20.2,3645,21,8.8,2,3,18.7,817300,1,Low_Risk,1.9288094141848915,-0.3551566001101751,Low_Risk,0.9556441751403179,0.9556441751403179,0.044355824859681536,4.312829316802414e-151
CUST1329,37,2000400,61300,3617700,0.2,46.6,2701,19,4.1,0,0,13.5,1241100,1,Low_Risk,2.912949534893379,-0.22400411413838517,Low_Risk,0.9999999999999982,0.9999999999999982,1.0932567198629965e-15,0.0
CUST1330,52,1057700,35300,921000,0.35,10.6,2833,29,0.0,1,2,9.5,1761900,1,Low_Risk,1.5979057647563206,-1.1490416656339286,Low_Risk,0.9997537994310012,0.9997537994310012,0.00024620056899803767,0.0
CUST1331,30,654600,35250,277900,0.37,18.2,2019,25,0.0,0,3,6.4,187000,0,Medium_Risk,0.1404440835159723,-2.0113668610919606,Medium_Risk,0.6386444626427755,0.0008207345794162074,0.6386444626427755,0.3605348027778075
CUST1332,35,2339200,88100,2474600,0.28,31.2,5508,22,13.6,1,3,10.0,1607000,1,Low_Risk,2.3522924118769732,1.6066108012497318,Low_Risk,0.9999866902356137,0.9999866902356137,1.3309764386372741e-05,0.0
CUST1333,45,478700,28900,60500,0.57,52.6,2372,31,10.8,3,4,13.5,39000,2,High_Risk,-1.5274371269745857,-0.566287686620799,Medium_Risk,0.9963940926566445,3.5944252971115506e-07,0.0036055479008256673,0.9963940926566445
CUST1334,43,1232200,64400,541600,0.42,33.1,3866,17,2.9,0,4,14.9,941500,0,Medium_Risk,1.3694626285375218,-0.6187285888907778,Low_Risk,0.7756018532752592,0.22439814672473993,0.7756018532752592,4.545639421577616e-140
CUST1335,46,1581000,62100,730900,0.31,42.9,5035,31,5.1,0,1,16.9,337000,0,Medium_Risk,1.9890656792746984,-0.6922876094349688,Low_Risk,0.9576166419574341,0.04238335799569038,0.9576166419574341,4.68761618913727e-11
CUST1336,46,797400,31000,304300,0.44,26.6,2516,31,6.2,1,1,13.9,152800,2,High_Risk,0.4535089884764783,-1.7523414518859075,Low_Risk,0.6767192525282548,0.0004158317262014547,0.32286491574554366,0.6767192525282548
CUST1337,52,1499400,49100,2296400,0.18,18.7,5391,27,8.8,0,1,30.0,482800,1,Low_Risk,3.378387575919181,-1.1612593905237527,Low_Risk,0.9981982009983604,0.9981982009983604,0.0018017990016406574,5.6464898944206e-206
CUST1338,63,529400,24750,92000,0.42,51.9,1189,33,14.1,2,1,11.8,62400,2,High_Risk,-0.5781218903558646,-1.2866387191498596,Medium_Risk,0.9963219771159354,2.177895018078354e-06,0.0036758449890460093,0.9963219771159354
CUST1339,38,1182300,57350,614500,0.5,62.2,3703,33,9.9,3,3,10.0,120600,0,Medium_Risk,-0.6731217220970349,0.473540821365585,Medium_Risk,0.9996279517601973,0.00022918803118056054,0.9996279517601973,0.0001428602086223352
CUST1340,46,2450500,51050,3690600,0.05,28.4,2836,19,4.8,3,0,9.3,1330200,1,Low_Risk,3.1317877370737266,0.17674017912583598,Low_Risk,0.9999999999997193,0.9999999999997193,2.816422137982284e-13,0.0
CUST1341,53,2290100,88000,1876700,0.36,82.5,5477,36,7.7,1,1,14.5,1352200,1,Low_Risk,2.1404872389794707,1.6712454238551775,Low_Risk,0.9901978058136408,0.9901978058136408,0.009802194186359064,5.262320080781208e-236
CUST1342,46,1026500,47100,356000,0.62,68.2,3798,31,13.5,3,4,11.1,104400,2,High_Risk,-1.2769576576341404,0.629767631588316,Medium_Risk,0.7783549097625382,1.2553645763879622e-05,0.2216325365916977,0.7783549097625382
CUST1343,41,1494600,46600,2724600,0.26,46.9,3397,31,2.0,1,1,11.3,924900,1,Low_Risk,1.7593177959800763,-0.3171052555989546,Low_Risk,0.9999999982024015,0.9999999982024015,1.7975993297371627e-09,0.0
CUST1344,45,1060000,81800,364100,0.57,74.1,1273,38,21.5,4,2,6.8,476500,0,Medium_Risk,-1.6717518271580214,1.5083882621303253,High_Risk,0.9999885722222559,1.1427777744658898e-05,0.9999885722222559,1.9904002163834638e-30
CUST1345,30,755000,37900,462000,0.23,17.2,2482,9,3.4,2,3,4.7,137800,0,Medium_Risk,0.39355293816265213,-1.7921784774751537,Medium_Risk,0.9264540723056837,0.0024750680322217105,0.9264540723056837,0.07107085966209548
CUST1346,44,652900,33000,117500,0.64,42.6,2734,20,5.2,1,3,10.6,87900,2,High_Risk,-0.4772159938770496,-1.2867384380654572,Medium_Risk,0.9947642864709354,1.3870860581572505e-07,0.005235574820458897,0.9947642864709354
CUST1347,40,1278200,47900,1207100,0.14,24.1,1704,30,4.8,1,2,8.5,586100,0,Medium_Risk,1.1456371434111459,-1.093386848146111,Low_Risk,0.9922880694458422,0.00771193055415856,0.9922880694458422,8.705758955250468e-47
CUST1348,45,2550600,85750,3539800,0.3,14.6,4277,32,0.2,1,2,4.7,6627300,1,Low_Risk,4.245129996524522,2.8576564426536333,Low_Risk,1.0,1.0,1.033323062194182e-149,0.0
CUST1349,38,1740300,80850,2009000,0.07,18.8,2583,25,7.8,0,0,10.1,1639300,1,Low_Risk,2.9603325318846663,-0.385262862937678,Low_Risk,0.9999891129117648,0.9999891129117648,1.0887088234348777e-05,0.0
CUST1350,33,1534100,104800,553300,0.41,43.5,3300,34,11.0,3,3,0.5,665800,0,Medium_Risk,-0.09547012284524838,1.5199948337147338,High_Risk,0.9936162183572718,0.006383781642729005,0.9936162183572718,1.0059397865433536e-58
CUST1351,54,1680000,67550,1348500,0.09,20.1,2380,27,0.0,0,0,13.8,1405300,1,Low_Risk,3.27818057271833,-1.1895310165482362,Low_Risk,0.786286238124388,0.786286238124388,0.213713761875612,1.367624564078772e-268
CUST1352,46,1118500,55300,492000,0.2,36.6,2397,34,7.7,3,3,5.8,128800,2,High_Risk,0.035722361977974,-0.29255922422999187,Medium_Risk,0.6561923981994998,0.0006323299861463211,0.34317527181435353,0.6561923981994998
CUST1353,21,520100,36850,65800,0.66,71.9,3054,46,16.8,3,2,3.4,13000,2,High_Risk,-2.83933575486933,0.38840643096469907,High_Risk,0.9990288520454571,9.425815501602104e-10,0.0009711470119610509,0.9990288520454571
CUST1354,37,2264900,68200,3480100,0.23,37.0,4809,23,8.9,3,1,2.1,2942900,1,Low_Risk,2.4714227821116483,1.9032133708216021,Low_Risk,1.0,1.0,1.1612287205985278e-29,0.0
CUST1355,29,508000,26600,140100,0.55,78.6,2374,34,10.1,3,2,4.0,29900,2,High_Risk,-2.217345879172335,-0.37303455012284853,High_Risk,0.9988288413004522,6.647633321418996e-09,0.001171152051914609,0.9988288413004522
CUST1356,52,1155200,59150,1447200,0.52,80.2,1778,53,13.9,2,1,17.6,475200,0,Medium_Risk,-0.47535400739841616,0.7282674754631174,Medium_Risk,0.9227045377128802,0.07729546228711975,0.9227045377128802,7.80845476069089e-89
CUST1357,39,629700,25650,599400,0.49,73.1,2157,45,8.9,2,3,17.8,134000,0,Medium_Risk,-1.3649398449748815,-0.5082453313375274,Medium_Risk,0.9998581379656826,0.00013766767558818835,0.9998581379656826,4.194358728652208e-06
CUST1358,49,1454200,69050,1354400,0.39,76.0,4149,31,25.1,2,2,14.9,1384700,1,Low_Risk,0.2571936504342752,1.6117589766917215,Medium_Risk,0.988790448166647,0.988790448166647,0.011209551833353043,3.256078631731952e-286
CUST1359,34,1217900,35750,800200,0.24,43.6,6912,28,14.5,2,2,10.2,206400,0,Medium_Risk,0.6194753464732294,-0.2001712930940324,Low_Risk,0.8438056549796623,0.15619434501617116,0.8438056549796623,4.166525924961881e-12
CUST1360,27,666200,34550,362800,0.59,73.4,3286,55,13.1,2,3,5.1,167200,0,Medium_Risk,-2.4242876413084544,0.5043512405423565,Medium_Risk,0.5661016973363772,6.801072390501906e-06,0.5661016973363772,0.43389150159123296
CUST1361,46,1091100,56450,919000,0.34,57.8,2540,33,16.2,6,3,13.4,387400,0,Medium_Risk,-0.8749459519220232,0.9416495677789603,Medium_Risk,0.999967611549362,3.2388450638240356e-05,0.999967611549362,1.5626868031737407e-24
CUST1362,43,697100,33000,243900,0.53,45.3,2960,34,3.9,3,4,4.7,284000,0,Medium_Risk,-1.1803555435234023,-0.34070019246721034,Medium_Risk,0.999987214571029,1.2084298407941188e-05,0.999987214571029,7.011305638356513e-07
CUST1363,41,785900,43050,235200,0.38,71.1,2740,31,5.8,4,2,12.1,94300,2,High_Risk,-0.7733858082601577,-0.4039391245350217,Medium_Risk,0.992162084773495,3.3129705005896544e-06,0.007834602256004315,0.992162084773495
CUST1364,25,391200,20650,41100,0.55,70.4,1843,34,19.7,3,2,1.6,13800,2,High_Risk,-2.891132776893382,-0.25747357718807035,High_Risk,0.9995036981722629,5.22086231417194e-09,0.0004962966068749081,0.9995036981722629
CUST1365,37,941200,34600,626900,0.33,57.2,3332,36,3.2,0,2,11.4,138700,0,Medium_Risk,0.2246793643505634,-1.194346249856652,Low_Risk,0.9973257932861954,0.00061733527873458,0.9973257932861954,0.002056871435069699
CUST1366,44,1995700,68100,2335800,0.11,38.5,2777,27,4.8,3,1,5.8,899900,1,Low_Risk,1.9208806145879525,0.37696697134227464,Low_Risk,0.9908925621894491,0.9908925621894491,0.009107437810550926,6.12234156400191e-188
CUST1367,35,870300,41450,394000,0.53,62.7,3605,44,6.4,3,5,3.5,57900,2,High_Risk,-1.8851797551618887,0.5978147426033052,High_Risk,0.6852875062722803,4.994193204748091e-06,0.3147074995345158,0.6852875062722803
CUST1368,50,2240900,52850,3090600,0.06,49.7,2528,24,1.6,0,0,21.6,328000,1,Low_Risk,3.4040854918810846,-0.9727478118706023,Low_Risk,0.9999996008210041,0.9999996008210041,3.9917899484074765e-07,0.0
CUST1369,35,1342400,69350,456800,0.4,49.4,3803,37,11.2,3,3,2.0,60200,0,Medium_Risk,-0.6458074064770135,0.78183104662122,Medium_Risk,0.9990813696482418,0.0004632763246988311,0.9990813696482418,0.00045535402705970977
CUST1370,38,486000,32200,29900,0.89,88.5,5316,32,17.8,4,5,5.9,19700,2,High_Risk,-3.219108239982681,1.349274640661291,High_Risk,0.9893725439428241,2.8001878470926137e-10,0.010627455777157398,0.9893725439428241
CUST1371,40,312200,24700,14100,0.57,77.3,2747,37,14.0,3,2,8.1,8200,2,High_Risk,-2.150911354254379,-0.35162419385431676,High_Risk,0.983659441114751,2.8012863575070114e-07,0.01634027875661311,0.983659441114751
CUST1372,50,1368800,38200,4583000,0.11,25.7,1478,29,0.0,0,2,22.8,1441000,1,Low_Risk,3.1141274253350217,-0.9099333587937095,Low_Risk,1.0,1.0,7.708707975937626e-46,0.0
CUST1373,22,319800,16700,112500,0.45,69.5,1685,41,19.1,6,3,3.7,13600,2,High_Risk,-3.55174815214814,0.2684195991735942,High_Risk,0.9999113371369813,3.384755360050571e-11,8.866282917113107e-05,0.9999113371369813
CUST1374,39,533500,25050,229900,0.39,45.7,1999,49,0.0,1,3,7.3,85700,2,High_Risk,-0.9153624651828063,-1.286285989899569,Medium_Risk,0.9969775775343617,1.3690041139442324e-06,0.0030210534615241623,0.9969775775343617
CUST1375,37,716200,47100,167500,0.39,82.1,1328,39,22.5,6,1,0.5,94500,2,High_Risk,-2.6865779277674298,0.9208727998904216,High_Risk,0.9986525542346537,6.776395595603232e-10,0.0013474450877070186,0.9986525542346537
CUST1376,36,473800,15050,249700,0.26,49.0,2184,41,6.9,2,1,16.6,57800,2,High_Risk,-0.44025077049881395,-1.8408485988810073,Low_Risk,0.9868911034333931,8.935079490594446e-05,0.013019545771701124,0.9868911034333931
CUST1377,46,1144700,56450,1062100,0.26,35.2,3620,32,1.9,2,2,11.0,273900,0,Medium_Risk,1.1377100191013743,-0.6624740430813316,Medium_Risk,0.9634605472750561,0.03653945272494391,0.9634605472750561,3.152819684121378e-35
CUST1378,21,894600,34950,658200,0.32,43.4,4439,37,11.9,3,2,0.5,141000,0,Medium_Risk,-1.0064586767316637,-0.12541022291592574,Medium_Risk,0.9995755752730592,0.00042437305457114483,0.9995755752730592,5.1672370491066385e-08
CUST1379,42,1881500,99000,2327600,0.4,68.7,5889,29,9.2,3,3,13.2,698000,1,Low_Risk,1.3138884522923016,2.0858431119636873,Medium_Risk,0.9999986403701767,0.9999986403701767,1.35962982285202e-06,1.5685970264157308e-246
CUST1380,33,866600,47900,175700,0.63,84.8,2407,44,27.2,7,4,0.5,169500,2,High_Risk,-3.9937213316805296,2.3620468347105836,High_Risk,0.5739498018834124,1.1149173468354128e-09,0.4260501970016703,0.5739498018834124
CUST1381,29,278500,15600,62700,0.5,63.4,2215,36,10.0,2,3,14.4,14200,2,High_Risk,-1.8405934985970933,-1.1659048232515077,Medium_Risk,0.9966007200536454,1.6500449563675084e-06,0.0033976299013984686,0.9966007200536454
CUST1382,32,821600,43550,547400,0.5,57.1,3480,28,2.3,0,2,8.5,150300,0,Medium_Risk,-0.05533743503101214,-1.0690199252893966,Medium_Risk,0.9998164451942128,0.0001756580042831395,0.9998164451942128,7.896801503442472e-06
CUST1383,44,1474000,35350,2133800,0.05,24.1,2047,29,0.0,2,0,7.6,503400,1,Low_Risk,1.9881557517488486,-1.4177856311556603,Low_Risk,0.9971155326152554,0.9971155326152554,0.002884467384743876,7.379866350575153e-161
CUST1384,38,922700,24950,349200,0.39,53.4,5996,18,12.1,4,1,7.9,47100,0,Medium_Risk,-0.14914532395973712,-0.557295421765734,Low_Risk,0.9974794926925747,0.002510416814807497,0.9974794926925747,1.009049261856621e-05
CUST1385,47,747400,37150,144700,0.41,61.4,2397,41,0.0,0,2,12.9,27700,2,High_Risk,-0.025388153459841713,-1.407705798228719,Medium_Risk,0.9229373196572458,4.2221613988766934e-05,0.07702045872876603,0.9229373196572458
CUST1386,45,1140300,32700,1185400,0.22,39.4,2797,30,8.2,3,1,5.6,307100,0,Medium_Risk,0.3964201629458952,-0.7276853776969219,Medium_Risk,0.9697633230409007,0.03023667695909996,0.9697633230409007,5.178610266880104e-38
CUST1387,43,654900,23500,180200,0.44,34.1,2647,44,0.0,0,4,8.7,38500,2,High_Risk,-0.5006025510754559,-1.4365176158102233,Medium_Risk,0.9632906920661113,1.3857912529638168e-05,0.03669545002135882,0.9632906920661113
CUST1388,49,1195200,41200,763200,0.22,20.2,4732,23,3.6,1,0,17.0,176800,0,Medium_Risk,2.3298506709033755,-1.8587489363946144,Low_Risk,0.9932458324154917,0.006754104107067328,0.9932458324154917,6.347744087621846e-08
CUST1389,39,663900,39150,195700,0.73,80.8,2407,36,20.4,4,6,11.8,78400,2,High_Risk,-3.207906785732559,1.2558963267954213,High_Risk,0.999503796386753,4.88456007213649e-10,0.0004962031247911085,0.999503796386753
CUST1390,28,1597500,70700,1137100,0.34,24.5,2724,28,0.0,0,3,0.5,476600,0,Medium_Risk,0.9322011014229922,-0.37655481751250003,Low_Risk,0.9966015302122667,0.003398469787732838,0.9966015302122667,1.2389370524764654e-29
CUST1391,47,916800,32650,538900,0.42,55.4,2265,42,9.1,1,2,16.5,180300,0,Medium_Risk,-0.24418983745507872,-0.8684251346832437,Medium_Risk,0.9086217956177867,0.0018175299127441763,0.9086217956177867,0.0895606744694693
CUST1392,37,2000700,78650,1088500,0.14,5.0,6173,22,0.0,0,0,7.7,525500,0,Medium_Risk,3.5398279540308137,-0.9208861299669108,Low_Risk,0.9847514606003377,0.015248539399662654,0.9847514606003377,4.291720067087177e-28
CUST1393,62,1140400,63300,311500,0.58,50.3,3680,30,11.6,2,3,14.3,930500,0,Medium_Risk,0.31786882747544765,0.4510137954312381,Medium_Risk,0.9996424640029512,0.00035753599704915014,0.9996424640029512,1.682112653102141e-145
CUST1394,46,878500,51750,201800,0.43,50.7,4226,34,9.2,0,1,15.5,31300,2,High_Risk,0.6363339187132467,-1.0138628118743969,Medium_Risk,0.7561649829389215,0.00041124325788895107,0.2434237738031896,0.7561649829389215
CUST1395,41,895000,39550,382300,0.47,70.7,2342,36,17.4,2,2,7.2,68900,2,High_Risk,-1.393926020399589,0.020789095431704114,Medium_Risk,0.8392874555115253,3.646292559059953e-05,0.16067608156288452,0.8392874555115253
CUST1396,56,795700,32750,241500,0.57,70.4,2417,18,11.1,3,3,11.0,96000,2,High_Risk,-0.95406543901036,-0.40702099189846325,Medium_Risk,0.9640221655556759,2.2863926886901912e-06,0.03597554805163517,0.9640221655556759
CUST1397,22,390400,23050,147600,0.81,91.0,2195,46,16.8,4,4,5.3,95200,2,High_Risk,-4.126265631704739,0.891496103311604,High_Risk,0.9997084541720578,3.1173004114065426e-12,0.0002915458248252095,0.9997084541720578
CUST1398,37,711000,41300,158600,0.3,54.9,1766,19,14.2,3,2,2.0,34300,2,High_Risk,-1.0342652872729559,-0.6869040414316578,Medium_Risk,0.990435928224612,1.0384334854088921e-05,0.009553687440534343,0.990435928224612
CUST1399,50,2317700,90550,1732700,0.26,30.5,5047,35,3.7,1,2,13.3,1673800,1,Low_Risk,2.9598677403029074,1.0402979219852102,Low_Risk,0.9998520306397836,0.9998520306397836,0.00014796936021661464,0.0
CUST1400,38,2384000,101650,2882100,0.42,44.2,2660,27,11.8,2,3,7.9,627500,1,Low_Risk,1.2902220862586609,1.8886908393770347,Medium_Risk,0.9999999960105939,0.9999999960105939,3.989406927203072e-09,4.1e-322
CUST1401,38,645700,39600,107500,0.89,73.2,2050,41,14.9,2,6,8.7,68900,2,High_Risk,-3.1701260121961643,0.8739371543435084,High_Risk,0.9997630630324817,4.783557357455042e-11,0.00023693691968270552,0.9997630630324817
CUST1402,47,988400,45000,272700,0.54,70.5,2788,29,19.4,3,4,7.6,94800,2,High_Risk,-1.6936808213684684,0.695238812316753,Medium_Risk,0.8042664331809949,2.8713733155078142e-05,0.19570485308584948,0.8042664331809949
CUST1403,21,2483900,115400,3075200,0.2,9.9,4664,39,0.0,0,0,9.6,1403500,1,Low_Risk,3.703238549035349,0.8704726988069096,Low_Risk,0.9999999999903331,0.9999999999903331,9.66654992458854e-12,0.0
CUST1404,45,883500,44300,260400,0.61,84.8,3260,57,11.7,1,2,9.4,700400,0,Medium_Risk,-1.4299005846288595,0.6335310890669128,Medium_Risk,0.9999303259229397,6.967407705976505e-05,0.9999303259229397,7.365160521669303e-82
CUST1405,40,468500,30800,75500,0.57,85.8,1545,49,26.5,7,3,13.6,18500,2,High_Risk,-3.690821000519884,1.270300492383116,High_Risk,0.9999696576572796,5.995653101738889e-13,3.0342342120542357e-05,0.9999696576572796
CUST1406,43,862900,50950,133800,0.53,74.5,1704,49,16.3,5,2,0.5,32100,2,High_Risk,-2.539059401308728,1.0642139012835146,High_Risk,0.9681313706776585,3.0493839007094695e-08,0.031868598828502404,0.9681313706776585
CUST1407,31,862300,43350,368800,0.67,62.0,2885,29,7.9,2,4,2.1,191000,0,Medium_Risk,-1.7487456539481887,0.16863348097113168,Medium_Risk,0.5097002824101619,1.2286217273745422e-06,0.5097002824101619,0.4902984889681112
CUST1408,43,537700,24250,189600,0.38,49.5,2247,27,11.2,2,4,11.9,23200,2,High_Risk,-1.0270000465981737,-1.0218553542305808,Medium_Risk,0.9951030342049649,1.1108747580448356e-05,0.004885857047454399,0.9951030342049649
CUST1409,44,2121600,81800,1783700,0.34,45.4,4822,37,7.2,0,2,13.5,988700,0,Medium_Risk,2.109828109251449,0.8292051465412394,Low_Risk,0.7174721667141539,0.28252783328584646,0.7174721667141539,4.6988608214224633e-125
CUST1410,45,1428000,67900,604100,0.41,22.2,4167,35,6.8,0,3,14.8,379300,0,Medium_Risk,1.3065853603297,-0.3855925682063981,Low_Risk,0.992357664046255,0.007642335937366034,0.992357664046255,1.637953791050966e-11
CUST1411,43,1962200,62900,1596400,0.16,17.8,4560,28,0.0,0,1,19.2,277400,0,Medium_Risk,3.1978632421337863,-1.1492715931675064,Low_Risk,0.6279967006216997,0.3720032993783012,0.6279967006216997,2.0741777443249586e-52
CUST1412,26,921800,56350,198400,0.48,68.2,4865,43,17.6,6,5,0.5,213100,0,Medium_Risk,-2.7297981550641213,2.0225178113001197,High_Risk,0.9999277047982459,2.4629576863024496e-06,0.9999277047982459,6.983224406755834e-05
CUST1413,39,1835700,110150,1125100,0.24,34.9,2852,41,12.1,3,2,10.6,239400,1,Low_Risk,1.001159657117407,1.1969761447358678,Medium_Risk,0.5424053466746758,0.5424053466746758,0.45759465332532484,1.213900674008878e-32
CUST1414,53,1059600,39200,809500,0.6,66.7,4114,30,9.0,2,2,22.5,283500,0,Medium_Risk,0.21939873515569336,-0.31553309313124583,Medium_Risk,0.999305541392508,0.0006944586066469158,0.999305541392508,8.441937436445958e-13
CUST1415,24,1016400,35150,870600,0.18,5.0,2608,19,0.0,0,1,5.6,391200,0,Medium_Risk,1.4458398361849216,-2.3708374411346944,Low_Risk,0.9977968754809694,0.00220312451903007,0.9977968754809694,4.658705377447933e-18
CUST1416,22,815800,37800,238500,0.33,35.7,4646,41,12.3,1,0,0.5,237800,0,Medium_Risk,-0.34397613291898127,-0.8193766151726791,Medium_Risk,0.9992455166112687,0.0007378422551973937,0.9992455166112687,1.6641133533054625e-05
CUST1417,33,396800,27800,38300,0.58,58.6,1549,30,18.8,3,2,3.9,14700,2,High_Risk,-2.3738416361557593,-0.4397413589048477,High_Risk,0.9990615546106737,7.843648861021495e-09,0.0009384375456773783,0.9990615546106737
CUST1418,28,555000,37000,108200,0.61,78.8,1489,38,16.1,5,5,2.9,91100,2,High_Risk,-3.6074579279118733,0.9939232836666765,High_Risk,0.9949878220457146,1.081592455499552e-09,0.005012176872692822,0.9949878220457146
CUST1419,39,1746200,62900,2783900,0.4,46.6,5589,35,14.8,4,4,16.6,885000,1,Low_Risk,0.6573957652357187,1.8980995998169952,Low_Risk,0.9999996381225829,0.9999996381225829,3.618774159098395e-07,0.0
CUST1420,38,525500,32150,52300,0.86,91.2,2726,34,18.8,5,5,4.6,12400,2,High_Risk,-3.8853299752832013,1.3901724901940975,High_Risk,0.9997834473836282,3.0805216563177267e-13,0.00021655261606383182,0.9997834473836282
CUST1421,39,608700,30700,222500,0.44,38.1,2602,27,1.9,2,5,15.3,68900,2,High_Risk,-0.5654716679733574,-1.2130479144973287,Medium_Risk,0.9980778697395021,3.6483248266253855e-06,0.0019184819356716503,0.9980778697395021
CUST1422,49,2282600,84600,3601200,0.25,51.8,4495,46,10.6,0,3,18.7,3115800,1,Low_Risk,2.858099023756068,2.373841767461791,Low_Risk,1.0,1.0,4.5463521112602153e-32,0.0
CUST1423,40,1130400,53500,970000,0.23,24.6,2750,29,9.3,2,2,18.9,192400,0,Medium_Risk,1.0660353312243227,-0.9861626213109229,Low_Risk,0.9921130795712354,0.007886920428764956,0.9921130795712354,5.134496780957727e-20
CUST1424,32,690300,39700,126600,0.26,68.6,3215,40,10.1,3,0,0.5,75400,2,High_Risk,-1.0095931796848,-0.49690185253880303,Medium_Risk,0.9930159666421747,2.4902561461746227e-06,0.006981543101679495,0.9930159666421747
CUST1425,32,568200,39650,159900,0.58,65.3,3030,28,26.1,7,5,10.6,10600,2,High_Risk,-3.232719220876167,1.3554765711408903,High_Risk,0.9997978727080978,1.2011546082852956e-11,0.00020212727989097866,0.9997978727080978
CUST1426,21,239700,10300,80800,0.62,86.2,1382,48,20.0,5,4,2.8,23500,2,High_Risk,-4.517280672106004,0.6523800748558801,High_Risk,0.9999045112567628,1.5416792649105112e-11,9.548872782074729e-05,0.9999045112567628
CUST1427,39,767100,40150,411700,0.45,59.4,2389,21,15.8,1,3,14.6,62000,2,High_Risk,-0.6488255583437398,-0.7382331581954948,Medium_Risk,0.5906557098265168,0.0003427047558064056,0.409001585417677,0.5906557098265168
CUST1428,34,820200,45850,348500,0.51,56.9,2215,32,13.8,4,3,1.9,286600,0,Medium_Risk,-1.8516253197894426,0.4156259599974484,Medium_Risk,0.9999915775083332,4.629094755848493e-06,0.9999915775083332,3.793396911159988e-06
CUST1429,44,1468100,42450,1187400,0.24,28.2,4698,37,0.5,0,1,15.5,315600,0,Medium_Risk,2.0821120694389363,-1.2786554704641526,Low_Risk,0.9843738973622123,0.015626102637787572,0.9843738973622123,2.4367483620302076e-25
CUST1430,57,1640600,53500,1764600,0.15,38.0,3710,32,7.1,3,1,16.2,2008600,1,Low_Risk,2.2735125064340154,0.274262541472343,Low_Risk,0.9999999971038207,0.9999999971038207,2.8961793737538905e-09,0.0
CUST1431,48,1855200,45400,3899200,0.2,14.1,5073,31,0.0,1,3,16.4,3247000,1,Low_Risk,3.547672290497962,0.7043789481299372,Low_Risk,1.0,1.0,4.258163145946883e-43,0.0
CUST1432,41,1208000,59950,335000,0.58,56.0,3415,30,8.9,0,3,3.8,372900,0,Medium_Risk,-0.331607283262434,0.07414783935860902,Medium_Risk,0.9999831188844909,1.688111547690752e-05,0.9999831188844909,3.282361069655143e-14
CUST1433,38,549500,20950,261500,0.37,51.3,1356,39,3.2,1,2,12.0,58800,2,High_Risk,-0.6731271716366652,-1.7270627985521902,Medium_Risk,0.9930966605716907,1.1236095831113167e-05,0.006892103332478405,0.9930966605716907
CUST1434,28,428700,28650,51400,0.64,95.0,1533,37,28.0,7,4,5.3,14300,2,High_Risk,-4.566049898684498,1.5662234861239936,High_Risk,0.999978832367072,2.5885946865982312e-14,2.1167632902308086e-05,0.999978832367072
CUST1435,28,1342200,45750,1025900,0.46,44.4,5251,22,2.5,0,3,2.0,672700,0,Medium_Risk,0.5571738482265013,-0.30695918657293686,Low_Risk,0.999003816891049,0.0009961831089510397,0.999003816891049,3.4425930280725166e-56
CUST1436,44,2498400,76400,3304500,0.1,39.9,5136,25,4.1,2,0,9.1,912900,1,Low_Risk,3.3647075948864598,0.734320203753605,Low_Risk,0.9999999998613234,0.9999999998613234,1.3867573964309152e-10,0.0
CUST1437,35,2238800,71050,2980900,0.27,23.5,5600,11,5.0,0,1,16.1,1378800,1,Low_Risk,3.678869131033652,0.0012938540766547332,Low_Risk,0.9999993818935639,0.9999993818935639,6.181064361018888e-07,0.0
CUST1438,31,367800,20800,62400,0.58,51.6,1175,43,19.7,6,5,0.5,19600,2,High_Risk,-3.9290815513924704,0.7101305274872735,High_Risk,0.9998810740252942,1.720248873782774e-11,0.00011892595750314302,0.9998810740252942
CUST1439,33,1312000,45500,1525500,0.16,16.7,3460,35,10.2,0,1,9.6,1114600,1,Low_Risk,1.5801154216605007,-0.8200623575547666,Low_Risk,0.7933029843123235,0.7933029843123235,0.2066970156876766,2.6454873398768577e-180
CUST1440,40,1860200,39500,2069100,0.35,11.8,6684,37,0.0,0,3,10.1,1396800,1,Low_Risk,2.3579121784705483,-0.031030380571193034,Low_Risk,0.9995789370643816,0.9995789370643816,0.00042106293561794807,5.0915750234142884e-287
CUST1441,21,848700,66750,210800,0.63,86.0,2313,38,26.2,4,3,0.5,168400,0,Medium_Risk,-3.258971160853359,1.8116431924073004,High_Risk,0.9864690384884227,2.6456016606904203e-07,0.9864690384884227,0.013530696951411153
CUST1442,26,1252800,37550,778900,0.42,41.0,4390,24,7.5,2,2,2.9,660200,0,Medium_Risk,-0.02645790421055645,-0.32300370575976106,Low_Risk,0.9948792698781751,0.00512073012182463,0.9948792698781751,1.7160074412325083e-56
CUST1443,35,424900,24150,89000,0.53,66.5,1342,41,13.1,2,2,3.9,24500,2,High_Risk,-2.231333024294673,-0.6267078768219323,High_Risk,0.9986121103917125,5.7106978067692646e-08,0.0013878325013093882,0.9986121103917125
CUST1444,23,915600,64300,122400,0.52,76.3,2939,43,16.9,6,4,2.1,42200,2,High_Risk,-2.987622800997223,1.7706450765980817,High_Risk,0.6977665719038297,9.674520144721704e-08,0.3022333313509695,0.6977665719038297
CUST1445,46,755400,30450,602500,0.45,66.1,2831,52,16.1,2,3,13.8,140900,0,Medium_Risk,-1.4175151819860348,0.1316738646800767,Medium_Risk,0.9995396075868928,0.00045628185685806633,0.9995396075868928,4.110556249866439e-06
CUST1446,34,589600,33700,98400,0.61,63.4,2287,52,20.6,5,5,0.5,150400,2,High_Risk,-3.705117715800428,1.4107951061830806,High_Risk,0.8097769231657413,7.631361996227402e-08,0.19022300052063912,0.8097769231657413
CUST1447,45,681800,38950,185500,0.32,33.1,2564,19,14.0,4,4,15.3,39600,2,High_Risk,-0.5133774001655846,-0.7226702311680817,Medium_Risk,0.9907409914346521,3.097858527691707e-05,0.009228029980071028,0.9907409914346521
CUST1448,30,955500,57000,461600,0.57,95.0,1870,34,28.2,4,3,9.9,27100,0,Medium_Risk,-2.822661026828476,1.4938457041011364,High_Risk,0.9970263242550177,1.9216821536721928e-06,0.9970263242550177,0.002971754062828885
CUST1449,41,531700,28900,90000,0.76,89.1,2124,53,20.7,5,5,11.1,36800,2,High_Risk,-3.9458402568273274,1.466393895771728,High_Risk,0.9998685406300418,1.2942619707532807e-11,0.00013145935701571357,0.9998685406300418
CUST1450,32,447000,25400,147900,0.58,63.3,893,24,14.8,2,3,2.0,199200,0,Medium_Risk,-2.3149183196736556,-0.6221894196754675,Medium_Risk,0.9879123286716397,2.094465505822936e-05,0.9879123286716397,0.012066726673301437
CUST1451,49,1788400,57250,1592200,0.16,29.1,3860,24,0.0,0,1,15.4,356600,0,Medium_Risk,2.8682371237274986,-1.2025111130078139,Low_Risk,0.9289999752301856,0.07100002476981422,0.9289999752301856,7.305111234209195e-55
CUST1452,35,1399200,45150,2400500,0.31,38.6,3375,32,0.8,1,1,14.9,1744800,1,Low_Risk,1.8640100938683595,-0.3875379161906542,Low_Risk,0.999999995474484,0.999999995474484,4.525516216340623e-09,0.0
CUST1453,55,2178000,93400,1331800,0.34,43.4,7215,17,2.5,1,0,16.6,2760000,1,Low_Risk,4.104859309957066,0.9113914711723091,Low_Risk,1.0,1.0,1.711889208158433e-21,0.0
CUST1454,24,1311700,48650,2428900,0.41,54.3,3510,37,8.6,3,5,5.6,272900,1,Low_Risk,-0.9024465336408313,1.1125592445067658,Medium_Risk,0.999995908811473,0.999995908811473,4.091188525970917e-06,1.81416e-319
CUST1455,47,1641900,97250,755900,0.42,63.2,2538,25,5.9,1,2,3.0,858300,0,Medium_Risk,0.8362524651153489,0.7897183322950408,Medium_Risk,0.9977582959822219,0.0022417040177784195,0.9977582959822219,1.8785822413608057e-92
CUST1456,60,1930000,81050,1252500,0.23,26.7,5534,30,0.0,2,2,15.5,227700,0,Medium_Risk,2.8525431118064297,-0.009793288824931193,Low_Risk,0.7751222465611947,0.22487775343880612,0.7751222465611947,6.313992600137897e-32
CUST1457,47,1606400,41050,1700700,0.26,31.3,4450,36,0.0,0,2,18.5,368500,0,Medium_Risk,2.1658388791158893,-1.0142545523387536,Low_Risk,0.88129552233941,0.1187044776605896,0.88129552233941,1.38532966819881e-72
CUST1458,56,838700,30950,550900,0.12,12.7,1861,27,6.4,4,1,17.4,413100,0,Medium_Risk,1.1948699856086353,-1.7713811853922083,Low_Risk,0.9968770574856183,0.0031229425143809346,0.9968770574856183,1.264245276138732e-16
CUST1459,34,1167300,53450,411600,0.06,5.0,3940,25,0.0,1,0,5.4,794400,0,Medium_Risk,2.2236903753430535,-1.813360059308375,Low_Risk,0.9381941535718529,0.061805846428147994,0.9381941535718529,2.083914856551226e-103
CUST1460,43,1342800,66950,388800,0.39,28.4,5054,37,8.1,2,4,0.5,263200,0,Medium_Risk,0.08838784906227867,0.5865021268777791,Medium_Risk,0.9998665986879691,0.00011887406354397339,0.9998665986879691,1.452724848638255e-05
CUST1461,37,666200,39800,209000,0.43,40.8,3107,27,4.0,2,3,0.5,172300,0,Medium_Risk,-0.6865372335319401,-0.7999626928445951,Medium_Risk,0.517167905093715,3.993344998781106e-05,0.517167905093715,0.4827921614562964
CUST1462,37,1555400,52200,1482700,0.07,37.1,2948,38,0.0,0,1,13.2,364100,0,Medium_Risk,1.9630778663765256,-1.1898300337322572,Low_Risk,0.995986903983001,0.004013096016999747,0.995986903983001,6.214616425014703e-45
CUST1463,21,655700,31200,224300,0.56,83.4,2902,49,18.2,4,4,1.6,41800,2,High_Risk,-3.5183047248500996,1.0964361164982646,High_Risk,0.9983605635788705,3.4800406796945706e-09,0.0016394329410890224,0.9983605635788705
CUST1464,55,1793500,64550,1383000,0.19,18.9,4221,21,5.3,2,2,12.2,343200,0,Medium_Risk,2.3891925545979853,-0.4293692523086412,Low_Risk,0.9486304053483886,0.05136959465161111,0.9486304053483886,1.7093788310133859e-38
CUST1465,47,2843600,92200,2171000,0.35,29.2,8329,30,2.4,1,4,18.8,720700,1,Low_Risk,3.423828849804853,1.5490307807742423,Low_Risk,0.9999639148833087,0.9999639148833087,3.608511669021882e-05,4.4460568419666545e-108
CUST1466,35,514000,28950,105600,0.69,91.0,2709,35,25.9,6,3,3.6,58900,2,High_Risk,-3.7918059712597634,1.3558068906494538,High_Risk,0.9999245524214736,3.833021261424448e-13,7.54475781430662e-05,0.9999245524214736
CUST1467,39,1996800,73700,2714500,0.2,34.2,3468,46,0.0,1,3,7.8,4904600,1,Low_Risk,2.624316380424825,2.059953698099739,Low_Risk,1.0,1.0,1.3963362021969643e-84,0.0
CUST1468,33,1177700,61300,653700,0.44,52.9,3777,38,10.6,2,4,0.8,202300,0,Medium_Risk,-0.9693827695865972,0.7646697586191615,Medium_Risk,0.9998761530501926,0.00012246720839736766,0.9998761530501926,1.3797414101944226e-06
CUST1469,43,2157800,108800,763500,0.52,55.2,9969,44,7.0,2,3,5.1,822000,0,Medium_Risk,1.5115924439416908,2.671923673074506,Medium_Risk,0.837199306339483,0.16280069366051822,0.837199306339483,1.9463281009337107e-89
CUST1470,35,1064000,59650,611800,0.28,48.2,2134,34,3.4,3,3,8.8,320200,0,Medium_Risk,-0.17800762057624142,-0.24502098165657188,Medium_Risk,0.9987336989885697,0.0012662964075934036,0.9987336989885697,4.6038370451892784e-09
CUST1471,52,514100,24000,144700,0.44,56.4,2172,33,17.4,3,3,8.4,88700,2,High_Risk,-1.5501345164565539,-0.4059554924171798,High_Risk,0.9961314732590406,1.6603944037268383e-06,0.0038668663465555616,0.9961314732590406
CUST1472,37,200000,13550,22600,0.55,63.7,1319,37,18.4,4,5,9.5,31300,2,High_Risk,-3.2139851850044905,-0.0963537547116012,High_Risk,0.9972670176063368,1.1074928629569559e-07,0.0027328716443771337,0.9972670176063368
CUST1473,49,963500,47200,229700,0.23,56.7,3275,37,2.8,1,2,14.4,36600,2,High_Risk,0.6398169382440749,-1.0936120843017894,Medium_Risk,0.5537011427928522,0.004640114919346988,0.4416587422878016,0.5537011427928522
CUST1474,57,2054100,69550,2452600,0.23,29.6,3315,17,0.0,0,1,14.7,1786500,1,Low_Risk,3.665454714140699,-0.30620129816540576,Low_Risk,0.9999899475242342,0.9999899475242342,1.0052475765306949e-05,0.0
CUST1475,37,694500,37900,206600,0.32,39.0,2635,31,6.8,3,2,2.4,22300,2,High_Risk,-0.6723009654827542,-0.8963135196874451,High_Risk,0.974981667474787,8.783691881560557e-06,0.02500954883333142,0.974981667474787
CUST1476,34,877600,52500,435400,0.54,78.7,1991,40,20.6,3,3,4.3,125900,0,Medium_Risk,-2.3651025005469615,0.9921470691648279,High_Risk,0.9427444773261695,8.724392725663985e-06,0.9427444773261695,0.057246798281104384
CUST1477,53,2752000,109700,1589200,0.16,20.6,6884,27,6.0,3,2,15.4,400800,1,Low_Risk,3.5696479621995416,1.31083077829244,Low_Risk,0.9988050316170014,0.9988050316170014,0.0011949683829994753,4.251792438657489e-49
CUST1478,37,1814600,81750,847800,0.24,29.8,6283,26,0.0,0,2,7.9,626000,0,Medium_Risk,2.48729183135795,-0.1663727818590515,Low_Risk,0.9847504593077161,0.015249540692284076,0.9847504593077161,3.423324506588398e-41
CUST1479,33,817000,29200,205900,0.56,51.5,3520,39,15.5,3,5,2.4,67700,0,Medium_Risk,-2.330999631969095,0.5158120742893243,Medium_Risk,0.9399776910432355,0.00015076390552676432,0.9399776910432355,0.059871545051237776
CUST1480,34,467200,28750,56000,0.5,72.1,1823,34,17.6,4,3,7.6,18000,2,High_Risk,-2.548505807279826,-0.002506047951910076,High_Risk,0.9983167496900602,3.131049753024971e-08,0.001683218999442283,0.9983167496900602
CUST1481,56,3873000,100250,6667500,0.2,49.7,4613,27,14.4,2,1,9.8,3451500,1,Low_Risk,4.7258584717208105,4.156313462977043,Low_Risk,1.0,1.0,1.5802074460899457e-72,0.0
CUST1482,52,622100,23000,289600,0.57,61.7,2864,23,9.5,0,2,10.2,387200,0,Medium_Risk,-0.35313999312259725,-1.229125907113151,Medium_Risk,0.999978837933413,2.1162066586776713e-05,0.999978837933413,5.2690426104401523e-17
CUST1483,52,1289900,45300,1004900,0.42,17.6,2549,47,0.0,0,2,9.3,1908800,1,Low_Risk,1.363747323873479,-0.49444093793793736,Low_Risk,0.9999656973667131,0.9999656973667131,3.4302633285587136e-05,0.0
CUST1484,43,3198000,99200,9470100,0.22,30.5,5214,30,4.8,0,1,14.5,1599600,1,Low_Risk,5.489364895151178,2.933474167604862,Low_Risk,1.0,1.0,2.612354037888931e-243,0.0
CUST1485,60,1121800,36350,501300,0.53,32.5,3018,24,5.2,0,3,5.9,1202100,0,Medium_Risk,0.7205566843198362,-0.7034594640390214,Low_Risk,0.9994827076786857,0.0005172923213153456,0.9994827076786857,4.506984305889368e-243
CUST1486,21,992400,51800,561000,0.32,60.3,2949,34,10.1,3,1,0.7,102200,0,Medium_Risk,-0.9685029193431733,-0.09855857194803025,Medium_Risk,0.9995124059405456,0.00011001226167595885,0.9995124059405456,0.0003775817977781013
CUST1487,44,1546400,51850,1001900,0.31,26.3,5934,26,0.0,0,1,10.5,319600,0,Medium_Risk,2.3290497190281494,-1.0686350024994977,Low_Risk,0.9957895503170995,0.004210449682900307,0.9957895503170995,3.101432220400625e-17
CUST1488,39,1080500,43700,538300,0.33,17.2,2318,32,1.5,1,2,5.5,1173300,0,Medium_Risk,0.7983342809345685,-1.0754471579717435,Low_Risk,0.6437396644439478,0.3562603355560524,0.6437396644439478,1.0996656258901726e-233
CUST1489,34,658000,26450,223500,0.41,20.6,2703,25,6.6,2,2,1.9,85200,2,High_Risk,-0.46816579383397505,-1.4919629179712737,Medium_Risk,0.9859373801419904,2.308263050295495e-06,0.014060311594959574,0.9859373801419904
CUST1490,39,1493500,57500,933800,0.49,57.1,4233,41,6.2,1,2,4.6,931500,0,Medium_Risk,0.19624753718882598,0.5811489247971577,Medium_Risk,0.9967938026016396,0.003206197398361171,0.9967938026016396,1.0227608215036408e-111
CUST1491,45,583000,31650,123000,0.54,79.4,1874,38,22.8,4,4,3.9,51900,2,High_Risk,-3.0005712173173777,0.8358581436733326,High_Risk,0.999212902779271,1.033658403901477e-08,0.0007870868841449367,0.999212902779271
CUST1492,33,429100,25400,115800,0.82,81.6,1184,36,22.5,4,6,14.1,9600,2,High_Risk,-3.9833715439821655,0.8676585337704202,High_Risk,0.9999365557305789,2.2072483009338607e-11,6.344424734837031e-05,0.9999365557305789
CUST1493,39,787800,36700,309700,0.36,57.8,3266,61,11.7,2,2,8.5,36900,2,High_Risk,-1.242734735415802,-0.039819318387180995,High_Risk,0.9318257472781274,6.442801583391742e-05,0.06810982470603785,0.9318257472781274
CUST1494,32,650700,33100,232100,0.48,56.1,2407,45,12.6,3,3,3.0,376600,0,Medium_Risk,-2.0292090854784712,0.1196710391877674,Medium_Risk,0.999940784128233,5.921587176665661e-05,0.999940784128233,5.103231195638365e-19
CUST1495,43,1976600,59800,2230900,0.25,31.8,5007,24,0.0,2,4,12.8,292200,1,Low_Risk,1.9787601959070917,0.19056529166471026,Low_Risk,0.9702894795699961,0.9702894795699961,0.029710520430002975,5.764214714024744e-168
CUST1496,47,1120600,58850,374100,0.61,45.9,3824,20,8.9,1,4,11.7,146800,2,High_Risk,0.01920569177743735,-0.1519153469254603,Medium_Risk,0.8419125569896069,2.2334894690554854e-05,0.15806510811570285,0.8419125569896069
CUST1497,50,1390500,48750,630900,0.3,39.8,3137,25,7.4,2,0,16.2,517500,0,Medium_Risk,1.4960432374989558,-1.0325026851798988,Low_Risk,0.9347145553165285,0.06528544468347083,0.9347145553165285,1.4054584481389381e-32
CUST1498,39,2510400,77700,3211300,0.05,11.7,5618,29,1.1,1,2,7.6,375500,1,Low_Risk,3.486068652966686,0.3819900951343003,Low_Risk,0.9999999999297344,0.9999999999297344,7.026630577861767e-11,0.0
CUST1499,41,821100,32750,546000,0.38,27.9,2692,27,11.0,0,0,18.4,173500,0,Medium_Risk,0.9557856604059317,-2.0224982528610895,Low_Risk,0.963287452130618,0.003055231460337928,0.963287452130618,0.033657316409043674
CUST1500,38,1227900,35600,1326900,0.37,31.4,2307,19,6.2,3,3,7.3,1047100,0,Medium_Risk,0.2679801631520341,-0.39661898917213784,Low_Risk,0.9399147560137129,0.06008524398628689,0.9399147560137129,2.7918504793272577e-154
CUST1501,41,795300,37000,285300,0.53,59.5,4021,44,12.4,2,4,12.1,455500,0,Medium_Risk,-1.2371528406674837,0.293801528733723,Medium_Risk,0.9991075219355863,0.000892478064413814,0.9991075219355863,4.576611683532102e-31
CUST1502,45,480000,28100,112000,0.41,61.7,2272,45,10.3,3,2,12.4,151600,0,Medium_Risk,-1.2936480397974293,-0.6349286907555372,Medium_Risk,0.6884722103874467,0.0003122118118202347,0.6884722103874467,0.31121557780073283
CUST1503,28,258500,14850,43100,0.65,81.1,1280,46,17.3,2,3,10.0,6000,2,High_Risk,-3.231120400872205,-0.32139889291999213,High_Risk,0.9995484685082646,4.444682866798063e-09,0.0004515270470524796,0.9995484685082646
CUST1504,51,2755200,79050,6467200,0.37,33.8,4299,23,3.2,2,2,11.7,13624400,1,Low_Risk,6.258757765343313,6.010487026743062,Low_Risk,1.0,1.0,0.0,0.0
CUST1505,38,1456000,56950,1442700,0.3,23.5,3994,20,0.0,0,1,17.2,1016500,0,Medium_Risk,2.5785727251076875,-1.2502210482195968,Low_Risk,0.8389448685311647,0.16105513146883568,0.8389448685311647,1.496232221805772e-138
CUST1506,51,500100,22400,256200,0.5,81.8,1228,44,19.4,6,3,9.8,73800,2,High_Risk,-2.9334923980312677,0.6204804520083881,High_Risk,0.9987036031639545,3.6481757715591698e-09,0.0012963931878693681,0.9987036031639545
CUST1507,37,461300,32050,42600,0.46,58.0,1303,39,11.1,4,4,0.5,13800,2,High_Risk,-2.5614834075555257,-0.024101674937739712,High_Risk,0.9955175006294427,8.653891332971464e-08,0.004482412831643922,0.9955175006294427
CUST1508,59,606800,16700,955500,0.31,17.5,1677,27,4.7,3,3,22.9,704400,0,Medium_Risk,0.7753851471809339,-1.739952234316986,Low_Risk,0.9312666999089746,0.06873330009102628,0.9312666999089746,2.775861209705061e-77
CUST1509,26,1033300,46800,361500,0.17,50.8,2779,25,11.2,4,0,0.5,273200,0,Medium_Risk,-0.3583449880934768,-0.5483398967287987,Medium_Risk,0.9995075410775193,0.0004917170550488313,0.9995075410775193,7.418674319376853e-07
CUST1510,37,2084200,67300,2142500,0.43,41.7,5371,26,3.6,0,2,14.8,784100,1,Low_Risk,2.231348485352293,0.2788275583934827,Low_Risk,0.8685456504554148,0.8685456504554148,0.131454349544586,1.040655692467998e-133
CUST1511,30,931600,43550,536700,0.12,5.0,2935,38,0.0,1,2,9.5,104500,0,Medium_Risk,1.055577173768672,-1.8395614200762014,Low_Risk,0.8757078273070978,0.006897409598011131,0.8757078273070978,0.11739476309489046
CUST1512,46,3752900,95100,8111700,0.16,28.1,5743,37,2.2,2,2,9.4,2371200,1,Low_Risk,5.134633819875695,3.6911681761943154,Low_Risk,1.0,1.0,3.4638705316528366e-123,0.0
CUST1513,25,338500,22850,58700,0.53,74.0,1279,37,19.2,5,4,3.1,8100,2,High_Risk,-3.674046134439724,0.3964135533471074,High_Risk,0.999646346554475,3.562633312607121e-10,0.00035365308926175494,0.999646346554475
CUST1514,23,708300,46600,140100,0.79,95.0,3085,30,26.5,4,4,0.5,31300,2,High_Risk,-3.858723515926345,1.7242156957314105,High_Risk,0.999207451363122,1.0930565144145892e-11,0.0007925486259477218,0.999207451363122
CUST1515,42,1147000,72650,546400,0.49,81.6,1988,35,20.8,3,3,8.5,54700,0,Medium_Risk,-1.5530503316507163,1.2494130476546228,High_Risk,0.9999012593559733,9.873703620754948e-05,0.9999012593559733,3.6078199238029067e-09
CUST1516,35,957200,50700,562100,0.3,41.5,2934,42,4.7,1,1,13.7,164400,0,Medium_Risk,0.48552759416715,-1.068032425528502,Medium_Risk,0.9843469011109901,0.004624283476390258,0.9843469011109901,0.011028815412619969
CUST1517,53,2636500,92850,2838500,0.2,31.7,7131,30,0.0,1,2,18.0,1828200,1,Low_Risk,4.320258928056746,1.3373296760848044,Low_Risk,0.9999999744594298,0.9999999744594298,2.5540570997280223e-08,0.0
CUST1518,30,376000,16850,163900,0.47,71.8,2321,40,21.6,4,2,9.4,95900,2,High_Risk,-2.65138898003025,-0.10870213139058142,Medium_Risk,0.9968266126560795,9.640656718668289e-08,0.0031732909373530984,0.9968266126560795
CUST1519,42,232800,12750,31100,0.47,44.4,1244,39,14.3,6,4,5.5,4300,2,High_Risk,-2.857027993739725,-0.2573079790858188,High_Risk,0.9995074470844757,2.24169640433263e-09,0.0004925506738281613,0.9995074470844757
CUST1520,32,598300,29100,170900,0.61,76.4,1496,42,24.1,5,4,10.1,14200,2,High_Risk,-3.4983057269097477,0.9082035264393761,High_Risk,0.9991131046145089,1.4377920505960201e-09,0.0008868939476993004,0.9991131046145089
CUST1521,37,327200,19800,65600,0.53,62.0,1133,38,22.5,5,2,8.0,17800,2,High_Risk,-2.9012972196668527,-0.09326089847246759,High_Risk,0.9998270168468533,2.645129995697132e-10,0.0001729828886335331,0.9998270168468533
CUST1522,31,1205600,37950,842200,0.24,44.7,2905,38,0.0,0,1,8.4,408200,0,Medium_Risk,0.7934681094151144,-1.3554406727496309,Low_Risk,0.9967536307922765,0.003246369207723115,0.9967536307922765,3.2571937829335417e-16
CUST1523,44,1437900,54300,969500,0.35,13.1,3270,41,0.0,0,2,13.5,497800,0,Medium_Risk,1.6418311249064939,-1.0326399035502551,Low_Risk,0.9891963967392778,0.010803603260722012,0.9891963967392778,8.765115245751896e-24
CUST1524,45,2245800,95650,2277300,0.13,26.4,6090,33,5.0,1,0,14.6,1138800,1,Low_Risk,3.7458402713831647,0.6152099829997736,Low_Risk,0.9971732049835822,0.9971732049835822,0.0028267950164183805,5.828645398193827e-213
CUST1525,22,917700,39850,502400,0.3,47.8,4485,40,14.6,5,1,0.5,68700,0,Medium_Risk,-1.2999118353854073,0.2884988194290394,Medium_Risk,0.9948375179327196,1.2778795305489153e-05,0.9948375179327196,0.005149703271975155
CUST1526,38,997300,42550,958000,0.37,46.6,2193,30,10.0,2,3,6.8,215000,0,Medium_Risk,-0.49943445632666467,-0.3528727431311008,Medium_Risk,0.9979037632673979,0.0020962367326018997,0.9979037632673979,4.0995670447522275e-26
CUST1527,42,1463100,36600,1546600,0.12,5.0,2664,37,0.0,0,1,3.9,1670300,1,Low_Risk,2.1445658817798945,-1.1850470748669655,Low_Risk,0.9997235445363074,0.9997235445363074,0.0002764554636921661,0.0
CUST1528,57,1755000,65250,3747200,0.34,31.6,2403,25,6.6,1,2,27.6,1667300,1,Low_Risk,3.065216576910655,0.22404907418927555,Low_Risk,1.0,1.0,1.682963778159811e-22,0.0
CUST1529,48,806100,27450,679300,0.38,45.5,2522,23,1.8,1,2,22.2,455500,0,Medium_Risk,0.9227448079971059,-1.8393765455688966,Low_Risk,0.9956418054195716,0.004358194580428624,0.9956418054195716,4.3214842682004507e-23
CUST1530,37,898300,51100,661000,0.48,59.8,1570,18,16.3,4,3,6.5,283000,0,Medium_Risk,-1.3589597485792182,0.25749141505512385,Medium_Risk,0.9999622137591138,3.778624069571998e-05,0.9999622137591138,1.8983403706824786e-13
CUST1531,46,1148300,69050,647600,0.66,95.0,1624,21,21.5,4,3,11.9,360200,0,Medium_Risk,-1.7473015151407152,1.4394683147696383,Medium_Risk,0.9999962232912708,3.776708727357969e-06,0.9999962232912708,1.668759373260961e-15
CUST1532,29,794000,36650,343300,0.38,40.5,4298,22,11.7,3,2,6.1,86500,2,High_Risk,-0.5041883103285544,-0.6632941399890111,Medium_Risk,0.9360228570133768,2.1458221547790805e-05,0.06395568476507535,0.9360228570133768
CUST1533,31,737900,28400,232800,0.38,42.8,2839,30,0.0,0,2,0.5,72300,2,High_Risk,-0.2818195390189084,-1.6562695404000827,Medium_Risk,0.9864312104890124,2.06891442016103e-06,0.01356672059656723,0.9864312104890124
CUST1534,43,647600,20000,589200,0.33,33.7,3079,32,9.3,2,3,19.4,274100,0,Medium_Risk,0.012857631805822,-1.3584145822127658,Low_Risk,0.9940273981379613,0.005972584761055045,0.9940273981379613,1.7100983220490293e-08
CUST1535,39,657000,34000,115900,0.69,74.3,3716,40,19.2,4,4,8.4,43200,2,High_Risk,-2.7047215597999226,0.9420470240825143,High_Risk,0.9980448464523933,3.0799232410442177e-09,0.0019551504676832525,0.9980448464523933
CUST1536,28,622100,30600,390700,0.43,67.5,1411,32,15.8,3,2,7.6,79500,2,High_Risk,-1.9108393532968462,-0.4318333409412553,Medium_Risk,0.8187478581110673,1.220048645439398e-05,0.1812399414024786,0.8187478581110673
CUST1537,45,1401800,60150,854400,0.41,34.8,3107,40,7.5,1,3,10.2,537100,0,Medium_Risk,0.4868597004754972,0.0448062340529772,Medium_Risk,0.9984649902916959,0.0015350097083042045,0.9984649902916959,1.0620264694867116e-27
CUST1538,48,1464400,33100,2078500,0.16,26.9,3487,14,3.3,1,2,15.7,175500,1,Low_Risk,2.2265942384293416,-1.4908336912271252,Low_Risk,0.9945085609600768,0.9945085609600768,0.005491439039922614,9.307749171375841e-181
CUST1539,37,1090600,53400,448300,0.44,61.4,3642,27,9.3,2,2,6.8,250300,0,Medium_Risk,-0.30018986160445404,-0.10582106226518094,Medium_Risk,0.9960632391428905,0.00021600017748366111,0.9960632391428905,0.003720760679625653
CUST1540,34,940300,36150,804300,0.43,51.0,3255,30,6.0,2,3,5.8,155200,0,Medium_Risk,-0.5989462980307639,-0.46476396781400636,Medium_Risk,0.9995566810058101,0.0004433189941889428,0.9995566810058101,1.1394896834484238e-15
CUST1541,38,1002000,54550,790300,0.52,51.3,1343,41,14.6,5,4,5.9,281500,0,Medium_Risk,-1.991965192766549,1.0512783134718724,High_Risk,0.9999900275988827,9.972401118024501e-06,0.9999900275988827,7.227024114945664e-17
CUST1542,34,1368100,57550,1400600,0.24,39.7,3920,39,5.6,1,1,3.0,1416000,1,Low_Risk,1.0775890905627157,0.10500632275973588,Low_Risk,0.9955438719486238,0.9955438719486238,0.004456128051376568,1.0762973410136834e-299
CUST1543,27,1870000,82150,1235000,0.27,26.5,5386,23,0.0,1,2,11.1,466400,0,Medium_Risk,2.2269828400627354,-0.19087201447476096,Low_Risk,0.9201896753538794,0.07981032464611977,0.9201896753538794,3.647904379261162e-28
CUST1544,34,434200,27150,64000,0.47,70.8,1895,41,16.9,4,3,6.7,32600,2,High_Risk,-2.6414374426736824,0.060212375261804715,High_Risk,0.9986580313136252,3.281387565914268e-08,0.0013419358724991407,0.9986580313136252
CUST1545,38,3055300,108600,2937000,0.18,7.2,4284,36,0.0,2,2,3.5,2836000,1,Low_Risk,3.687252117683509,2.16267740305432,Low_Risk,1.0,1.0,2.362319483079573e-19,0.0
CUST1546,49,366800,18850,99000,0.44,42.9,1425,29,5.8,1,2,18.5,18900,2,High_Risk,-0.23877980601094234,-2.1603507456280737,Medium_Risk,0.9729202932168083,8.801900944901897e-05,0.02699168777374271,0.9729202932168083
CUST1547,46,2231800,57500,2105400,0.06,30.0,5106,33,0.0,2,0,8.4,1337700,1,Low_Risk,3.110293924333038,0.009080498227832079,Low_Risk,0.9988898854453884,0.9988898854453884,0.001110114554610847,1.9543146593540368e-240
CUST1548,31,505600,33700,66500,0.66,79.9,1571,35,22.1,6,5,7.3,21500,2,High_Risk,-3.893417435460865,1.2030509783394538,High_Risk,0.9997998603577488,7.554759231040041e-12,0.00020013963469661387,0.9997998603577488
CUST1549,40,721600,21600,443600,0.39,23.2,4724,21,0.0,2,3,12.1,201700,0,Medium_Risk,0.5853539848193576,-1.6698988422592087,Low_Risk,0.9968643312061465,0.0013878032604224815,0.9968643312061465,0.0017478655334309111
CUST1550,40,1299900,39650,2376700,0.13,8.5,3718,24,8.0,1,2,21.3,340000,1,Low_Risk,2.3105091160120566,-1.3308621417482556,Low_Risk,0.9999458344511825,0.9999458344511825,5.4165548817515136e-05,1.5814478667728122e-260
CUST1551,39,1509400,52850,1517900,0.45,42.2,1822,31,6.4,1,3,9.3,980500,0,Medium_Risk,0.38521849898231436,0.053707759306908374,Low_Risk,0.9377213622171086,0.06227863778289229,0.9377213622171086,3.893082256636365e-130
CUST1552,40,1040100,46350,676100,0.29,21.9,3477,18,5.0,2,3,15.8,124100,0,Medium_Risk,1.0190097095547561,-1.2826915364748328,Low_Risk,0.9945765743599487,0.0054048746106825744,0.9945765743599487,1.8551029369367424e-05
CUST1553,21,756500,34900,729600,0.42,63.0,2025,28,11.7,2,3,2.8,64200,0,Medium_Risk,-1.6617127453616498,-0.36531846301834814,Medium_Risk,0.9997895363535511,0.0002104636464485349,0.9997895363535511,2.867868224275317e-18
CUST1554,33,714000,32600,321800,0.43,61.6,2850,40,10.5,3,2,9.5,101900,2,High_Risk,-1.3162682476020255,-0.3842831233208043,Medium_Risk,0.993343115901372,9.412915678276884e-07,0.006655942807060265,0.993343115901372
CUST1555,40,2485800,150850,473700,0.42,63.6,5963,31,10.3,3,2,1.7,361200,1,Low_Risk,1.3241756730661258,2.8437968101684588,Medium_Risk,0.99440289249989,0.99440289249989,0.0055971075001094005,3.6467930862438926e-35
CUST1556,48,1793100,89300,1097800,0.14,22.8,3460,31,0.9,0,0,15.4,2121400,1,Low_Risk,3.502476744003041,-0.357907869263452,Low_Risk,0.999999999972248,0.999999999972248,2.77522414294756e-11,0.0
CUST1557,24,372300,24050,46600,0.78,93.0,2166,24,21.0,4,3,2.4,20600,2,High_Risk,-3.7370898246916537,0.48798395369073594,High_Risk,0.9998601779198141,1.7795739545511123e-12,0.00013982207840665604,0.9998601779198141
CUST1558,42,518800,20750,182000,0.45,37.7,2978,28,4.3,2,3,12.8,30100,2,High_Risk,-0.45519914048378773,-1.539381693636232,Medium_Risk,0.9919239573858186,6.752540357643869e-06,0.008069290073823678,0.9919239573858186
CUST1559,27,882200,28650,665100,0.56,41.9,1950,32,14.2,3,2,0.5,421700,0,Medium_Risk,-1.6902475223900384,-0.17549201598622247,Medium_Risk,0.9999699691203651,3.0030879635269e-05,0.9999699691203651,5.934572281477482e-19
CUST1560,30,886600,49100,624400,0.43,48.7,2202,45,16.4,5,5,2.5,223100,0,Medium_Risk,-2.451729524700202,1.2133815638558303,High_Risk,0.9999933213373782,6.621193698410286e-06,0.9999933213373782,5.746892399800205e-08
CUST1561,30,336400,17900,48900,0.58,89.0,1246,28,24.8,5,3,2.7,11300,2,High_Risk,-3.8012715924046963,0.4407306021512121,High_Risk,0.9997890742106041,1.620689532422119e-10,0.00021092562732686303,0.9997890742106041
CUST1562,43,1806600,72400,1419000,0.05,5.0,7608,17,2.9,0,0,17.2,294800,0,Medium_Risk,4.273139184300617,-1.2636563622197345,Low_Risk,0.8876195355767658,0.11238046442323427,0.8876195355767658,7.964560324097265e-44
CUST1563,40,805400,22950,956300,0.26,33.8,2267,24,11.9,2,1,19.2,159200,0,Medium_Risk,0.5286740423393527,-1.7276122247258368,Low_Risk,0.9968282437144369,0.0031717562855638998,0.9968282437144369,1.1000630006935054e-23
CUST1564,45,2057200,87450,1524000,0.54,71.1,5632,30,19.2,4,4,5.6,842800,0,Medium_Risk,-0.1897108105240106,2.9431971510910038,Medium_Risk,0.9851160448310087,0.014883955168990727,0.9851160448310087,5.591320628293927e-93
CUST1565,54,3078000,106150,7206200,0.18,18.3,3417,15,0.0,0,2,24.4,1013700,1,Low_Risk,5.791020837814163,1.3347137621290546,Low_Risk,1.0,1.0,8.86864712696662e-114,0.0
CUST1566,55,752200,37550,237500,0.4,76.0,2141,34,10.6,3,2,8.4,118300,2,High_Risk,-0.9813474572083108,-0.2720038082453872,Medium_Risk,0.9951233186835061,1.3045395130710506e-06,0.004875376776980871,0.9951233186835061
CUST1567,48,2141100,74750,2046000,0.12,17.5,2835,21,0.8,0,3,8.1,877700,0,Medium_Risk,2.85017148206161,-0.2691400058039227,Low_Risk,0.7833021047400366,0.21669789525996294,0.7833021047400366,1.3231526626183983e-124
CUST1568,57,2664800,82850,2799800,0.38,52.6,2675,35,7.3,0,2,10.1,2104800,1,Low_Risk,2.492816368764869,1.6754055857872527,Low_Risk,0.9999999996368167,0.9999999996368167,3.631833814888657e-10,0.0
CUST1569,50,1589200,69350,878400,0.47,63.6,4334,36,15.9,1,1,20.1,790800,0,Medium_Risk,0.9955090387258317,0.5783554350414033,Low_Risk,0.9683078427198475,0.031692157280153,0.9683078427198475,7.672845008338334e-74
CUST1570,50,2331800,84450,2287800,0.38,29.6,5218,30,0.5,0,2,14.3,839900,1,Low_Risk,3.1021791542763046,0.5095721393242665,Low_Risk,0.9883028337381227,0.9883028337381227,0.01169716626187758,1.910310094254013e-154
CUST1571,51,739200,45700,356000,0.66,95.0,1216,31,28.3,6,5,8.2,262700,0,Medium_Risk,-3.5340878612038713,1.9879240163772867,High_Risk,0.9999906533622175,5.018019301665099e-08,0.9999906533622175,9.296457590331983e-06
CUST1572,42,1478700,49800,1341000,0.3,32.4,3414,31,7.3,0,1,16.9,266400,0,Medium_Risk,1.6678675842178772,-1.0386369780942986,Low_Risk,0.968894320206263,0.03110567979373756,0.968894320206263,3.702882962656107e-40
CUST1573,39,2682700,92150,4002400,0.32,22.9,3595,25,6.1,0,0,13.7,1632500,1,Low_Risk,3.813112731158153,0.9367276399728537,Low_Risk,1.0,1.0,1.7544249316821342e-19,0.0
CUST1574,28,2803900,73050,10445400,0.26,39.9,3399,30,3.1,0,2,2.0,9552600,1,Low_Risk,5.50767166327624,5.450307117456949,Low_Risk,1.0,1.0,0.0,0.0
CUST1575,32,383600,22800,97700,0.6,95.0,1345,43,21.2,7,4,10.6,12200,2,High_Risk,-4.154693221962371,1.1134307004472073,High_Risk,0.9999815149347366,1.9669258317601626e-13,1.84850650663633e-05,0.9999815149347366
CUST1576,44,1220700,46800,684200,0.14,6.7,3720,38,0.0,0,1,17.0,290800,0,Medium_Risk,2.2873312371736043,-1.9421011231233865,Low_Risk,0.9893368486297658,0.010657375983337637,0.9893368486297658,5.775386897283689e-06
CUST1577,46,582200,28950,251900,0.4,32.3,1517,35,0.0,0,3,13.1,74900,2,High_Risk,0.06500688689070155,-1.9845110265796302,Medium_Risk,0.9934725547765413,8.546665041521518e-06,0.006518898558417151,0.9934725547765413
CUST1578,31,379400,20050,68900,0.67,53.4,1273,31,10.0,3,5,1.9,31900,2,High_Risk,-2.922216571992432,-0.355448950083347,High_Risk,0.999641069033875,7.938954565539231e-10,0.000358930172229484,0.999641069033875
CUST1579,55,1204500,60200,378900,0.26,29.3,1961,31,5.5,1,2,14.3,492800,0,Medium_Risk,1.275965976909772,-1.0165697096658903,Medium_Risk,0.9867826045977752,0.013217395402224736,0.9867826045977752,1.2995817267189354e-31
CUST1580,35,1230400,30300,1997000,0.22,17.3,3285,17,0.0,0,0,18.5,295700,1,Low_Risk,2.5269754626128025,-2.380728339084833,Low_Risk,0.956496659973518,0.956496659973518,0.04350334002648267,8.41034615892489e-161
CUST1581,21,549200,32100,189200,0.53,77.2,2023,39,19.6,4,2,2.5,91300,2,High_Risk,-2.996752912627352,0.37583664888911966,High_Risk,0.999154720006785,1.1274527053128534e-09,0.0008452788657624247,0.999154720006785
CUST1582,47,709100,31250,283300,0.59,79.4,3283,39,21.2,3,2,12.0,74100,2,High_Risk,-1.8465043457027568,0.3695526739265086,Medium_Risk,0.9911651548373751,1.9944367753441025e-07,0.008834645718947137,0.9911651548373751
CUST1583,46,919200,35250,357700,0.17,30.4,3403,24,9.5,1,0,14.2,110700,2,High_Risk,1.343644713613146,-1.9353715716177564,Low_Risk,0.7218383637430538,0.00248808913573922,0.2756735471212073,0.7218383637430538
CUST1584,34,275500,18050,17400,0.71,79.6,1902,34,19.3,6,4,1.4,6200,2,High_Risk,-4.046827414298531,0.763298350026883,High_Risk,0.9999018670729684,3.842063961797759e-13,9.813292664727978e-05,0.9999018670729684
CUST1585,47,2173400,59250,2985000,0.21,49.7,7684,18,19.3,2,1,20.4,342600,1,Low_Risk,2.74925235652864,0.8958318085839241,Low_Risk,0.9999999992721449,0.9999999992721449,7.278546348771056e-10,0.0
CUST1586,44,1978700,66350,1874600,0.09,5.0,3957,25,0.0,0,1,4.0,847300,0,Medium_Risk,3.138824224325115,-0.7821939687237845,Low_Risk,0.8413642946407686,0.15863570535923233,0.8413642946407686,1.1700400041339718e-110
CUST1587,40,884600,33750,622000,0.38,22.0,2176,30,1.3,0,2,9.7,302600,0,Medium_Risk,0.6503612881317219,-1.8198175742815546,Low_Risk,0.9991230813516423,0.0008766575681964905,0.9991230813516423,2.6108016086821486e-07
CUST1588,43,1665800,77350,1330700,0.24,26.4,3644,38,1.6,0,1,12.1,487000,0,Medium_Risk,2.234167299445908,-0.5069812730062547,Low_Risk,0.9573218449816482,0.042678155018352266,0.9573218449816482,1.0057964815092167e-41
CUST1589,47,1194400,82600,297000,0.75,86.7,2489,33,19.3,4,5,3.4,211900,0,Medium_Risk,-2.436246047036439,2.3381477250489118,High_Risk,0.9997618398983759,1.2974565390496422e-07,0.9997618398983759,0.00023803035597067765
CUST1590,40,1377100,40700,813600,0.13,5.0,2987,29,0.0,0,2,8.0,409900,0,Medium_Risk,1.8521442011104134,-1.7942311734419625,Low_Risk,0.9914709948695793,0.008529005130420979,0.9914709948695793,9.074267960263169e-18
CUST1591,30,548600,31400,79300,0.53,49.7,2193,48,3.3,0,2,0.5,61600,2,High_Risk,-1.3793278233309656,-1.077670450560526,Medium_Risk,0.9983970321968852,6.534522472685873e-08,0.0016029024578901362,0.9983970321968852
CUST1592,41,2520000,62400,2416500,0.11,22.2,7899,23,0.0,0,1,7.9,596100,1,Low_Risk,3.8876715538548234,-0.06868932267173108,Low_Risk,0.9997394405592465,0.9997394405592465,0.00026055944075313803,4.54024111692695e-153
CUST1593,33,745700,29950,319800,0.19,21.9,4198,10,0.0,0,2,13.6,147300,2,High_Risk,1.5868329387660498,-2.6154339253133028,Low_Risk,0.7932848864633527,0.0035350970366183694,0.20318001650002815,0.7932848864633527
CUST1594,45,401200,26750,95600,0.61,72.4,1421,50,19.6,7,5,8.0,32800,2,High_Risk,-3.8759893523735935,1.2774446477280075,High_Risk,0.999963030956461,1.0721222297892598e-12,3.6969042466601746e-05,0.999963030956461
CUST1595,28,668500,37100,253600,0.64,93.0,3092,44,15.6,4,4,3.3,142300,2,High_Risk,-3.2559066352538495,1.2141427480015003,High_Risk,0.9587964648436462,1.4004032894469258e-08,0.041203521152321135,0.9587964648436462
CUST1596,21,277600,16650,42300,0.78,82.4,2912,33,18.9,4,4,8.6,1900,2,High_Risk,-3.706231336500084,0.360252257593454,High_Risk,0.9999443910660223,6.409411450439764e-12,5.560892756793384e-05,0.9999443910660223
CUST1597,27,496600,25500,79500,0.64,78.3,1461,30,18.6,5,3,0.5,30100,2,High_Risk,-3.4977950212040043,0.44199257744531406,High_Risk,0.9994842763644918,3.9093967058181616e-11,0.0005157235964141234,0.9994842763644918
CUST1598,32,726900,30950,339400,0.42,73.7,2520,20,20.9,4,2,2.4,57900,2,High_Risk,-1.9997389454641668,0.06391459373222902,Medium_Risk,0.963126871827678,3.5967033753896867e-06,0.03686953146894608,0.963126871827678
CUST1599,38,995600,60800,279400,0.34,31.7,3312,20,3.2,0,3,5.9,192200,0,Medium_Risk,0.7507721495881644,-1.1096602890411245,Medium_Risk,0.7852965004654899,0.000812675180683835,0.7852965004654899,0.21389082435382592
CUST1600,25,301500,22900,13500,0.68,95.0,2069,52,25.7,5,3,0.5,9400,2,High_Risk,-4.636434474173642,1.3157213366469664,High_Risk,0.9999360957703828,7.419324466570261e-13,6.390422887509423e-05,0.9999360957703828
CUST1601,44,822200,33550,666100,0.48,43.0,1625,24,10.7,2,4,9.7,142700,0,Medium_Risk,-0.8418440309131365,-0.6533513687315652,Medium_Risk,0.9994788034677622,0.0005211931724141456,0.9994788034677622,3.359823093619226e-09
CUST1602,54,1674300,34900,2162600,0.17,22.8,3000,28,0.0,0,2,13.9,789800,1,Low_Risk,2.5167442707166727,-1.2041198128658255,Low_Risk,0.9153432938093464,0.9153432938093464,0.08465670619065441,3.4272541712092055e-152
CUST1603,39,780000,33700,233700,0.6,77.7,2286,27,13.8,3,3,5.4,101000,2,High_Risk,-2.00185969467618,0.10464373330781539,Medium_Risk,0.9716031057744637,4.1373408029855224e-07,0.02839648049145571,0.9716031057744637
CUST1604,22,1176200,49100,1007100,0.32,38.0,5136,46,3.9,2,3,9.1,42600,0,Medium_Risk,-0.028381113410538207,-0.07912708487600051,Medium_Risk,0.9973684904115229,0.002631509588476467,0.9973684904115229,3.1137799065709485e-32
CUST1605,59,1552400,58950,354600,0.32,24.0,3761,36,0.0,0,1,4.4,333400,0,Medium_Risk,1.8169602941767595,-0.9492305716795001,Low_Risk,0.9992723284781406,0.0007276715218594193,0.9992723284781406,2.1850184505856366e-21
CUST1606,44,1744600,86750,819100,0.21,51.5,3039,41,14.1,1,1,11.0,392800,0,Medium_Risk,1.0855102914094819,0.5117417409890566,Medium_Risk,0.9762157432007978,0.023784256793595093,0.9762157432007978,5.607113879422278e-12
CUST1607,40,838400,42250,358700,0.28,19.3,2415,34,0.0,2,3,10.9,224300,0,Medium_Risk,0.40881827050822206,-1.3922159245323877,Medium_Risk,0.9701079680482438,0.0032387479066915367,0.9701079680482438,0.026653284045064646
CUST1608,40,1299200,66700,609800,0.2,62.3,2398,47,11.9,2,1,12.9,299700,0,Medium_Risk,0.16462339968524542,0.09558745611920108,Medium_Risk,0.9939482254167106,0.006032917509428448,0.9939482254167106,1.8857073861080937e-05
CUST1609,41,881700,42250,181200,0.39,46.9,2798,28,20.0,3,2,4.1,111700,2,High_Risk,-1.0676740459129377,-0.09284898198562896,Medium_Risk,0.808404290321519,5.11680486982003e-05,0.1915445416297837,0.808404290321519
CUST1610,28,255900,16300,15700,0.55,63.7,2105,53,19.6,6,4,0.6,20100,2,High_Risk,-4.0838386598854,0.8051206330077186,High_Risk,0.9998445159518415,3.25468460980685e-11,0.0001554840156119934,0.9998445159518415
CUST1611,31,261100,11850,125300,0.37,45.5,1168,36,13.2,1,0,17.0,35700,2,High_Risk,-0.813158151878134,-2.2656239798070033,Medium_Risk,0.9894667242482006,4.49644059334184e-05,0.010488311345865479,0.9894667242482006
CUST1612,64,2604000,96500,1758500,0.34,16.0,3013,21,10.2,3,3,10.3,1014000,1,Low_Risk,2.4602995710745534,1.360848314814216,Low_Risk,0.9800597477767449,0.9800597477767449,0.019940252223255992,5.332183639776288e-120
CUST1613,27,1128800,35450,1511800,0.22,49.5,3834,28,8.0,1,1,6.9,274400,0,Medium_Risk,0.5406104249916345,-0.8539468649409316,Low_Risk,0.8328316677117584,0.16716833228824066,0.8328316677117584,8.557897235404554e-83
CUST1614,39,739700,25000,698400,0.13,50.1,1766,33,0.4,1,0,8.7,1551700,1,Low_Risk,0.8888911087760858,-1.6816748598881663,Low_Risk,0.9999996255887592,0.9999996255887592,3.7441124240184263e-07,0.0
CUST1615,21,400200,29550,61800,0.65,64.4,1532,47,18.7,5,5,0.5,44100,2,High_Risk,-4.16789318259702,0.9816161714605139,High_Risk,0.9998031042273446,1.5244154661422882e-11,0.0001968957574112828,0.9998031042273446
CUST1616,43,365700,19600,72600,0.45,49.1,1154,34,1.8,1,3,12.8,18600,2,High_Risk,-0.8575271017570681,-1.8599868842961302,Medium_Risk,0.9921860303244903,7.021097942057426e-06,0.0078069485775678375,0.9921860303244903
CUST1617,42,1834000,81250,804700,0.32,43.2,4513,29,7.8,2,2,10.5,291000,0,Medium_Risk,1.2972730079340262,0.43497135489167194,Low_Risk,0.8644433137584224,0.1355566862003448,0.8644433137584224,4.123201259518649e-11
CUST1618,31,441900,20450,112900,0.51,77.6,1810,54,16.7,5,3,0.5,27900,2,High_Risk,-3.6002771580358655,0.6527995012054988,High_Risk,0.9997156444783344,4.3748084624199537e-10,0.0002843550841847665,0.9997156444783344
CUST1619,43,2207400,50600,2638600,0.29,31.3,7536,17,15.2,0,0,13.4,627400,1,Low_Risk,3.1019101217235017,0.10160106653635918,Low_Risk,0.9999996004041004,0.9999996004041004,3.995958992305243e-07,8.771501050804107e-228
CUST1620,32,771500,48950,119300,0.51,88.8,2204,43,27.5,6,2,0.5,173400,0,Medium_Risk,-3.3895175747764004,1.719062217495874,High_Risk,0.5856292116767424,2.8060631560484928e-08,0.5856292116767424,0.41437076026262687
CUST1621,48,544200,20100,186300,0.61,61.4,1895,22,9.1,1,4,15.0,30500,2,High_Risk,-1.1363405492891367,-1.1807704868410742,Medium_Risk,0.9921795686752859,1.2416420599798086e-06,0.007819189682653795,0.9921795686752859
CUST1622,50,1903500,81100,2569800,0.4,66.4,3207,33,16.6,4,4,13.0,686400,1,Low_Risk,0.23107453629220004,2.295109213202593,Medium_Risk,0.9999331761067288,0.9999331761067288,6.682389327082506e-05,4.052384849663686e-272
CUST1623,37,2719800,91000,5257200,0.05,22.9,4093,25,1.3,0,0,12.9,1719600,1,Low_Risk,4.797971301874721,0.8669494632681106,Low_Risk,1.0,1.0,1.0686847944901348e-43,0.0
CUST1624,42,1425000,51450,872700,0.31,47.6,2630,22,5.0,0,3,13.7,515800,0,Medium_Risk,1.0392130578644376,-0.8141198458142449,Low_Risk,0.9813668587421981,0.018633141257801578,0.9813668587421981,8.369272297290515e-27
CUST1625,41,1493100,33150,975100,0.33,24.0,2066,33,2.9,0,1,8.3,626000,1,Low_Risk,1.1459633035184447,-1.4042008143625968,Low_Risk,0.5663056754423602,0.5663056754423602,0.433694324557639,1.193249193338433e-49
CUST1626,33,633700,29700,362900,0.36,46.2,2727,31,12.9,2,1,10.6,133500,2,High_Risk,-0.5629520236102932,-1.1607892489945892,Medium_Risk,0.9112331662573682,6.405250957462218e-05,0.08870278123305722,0.9112331662573682
CUST1627,57,1930400,75950,1532500,0.22,17.8,4463,20,4.0,2,2,15.5,1473300,1,Low_Risk,3.077341861980638,0.10191035136131418,Low_Risk,0.955286723075914,0.955286723075914,0.04471327692408541,2.3029295403385663e-293
CUST1628,38,1849200,57000,2562100,0.22,24.5,3600,23,0.0,0,2,13.6,607300,1,Low_Risk,2.600501667650533,-0.7212328362178403,Low_Risk,0.9993324945198346,0.9993324945198346,0.0006675054801648789,1.4651531380897983e-233
CUST1629,38,863500,46450,291700,0.57,46.6,5593,40,6.3,1,4,12.5,261900,0,Medium_Risk,-0.3448586869915057,-0.04983851504677083,Medium_Risk,0.9993932861029537,0.0006032723660741114,0.9993932861029537,3.4415309729702823e-06
CUST1630,57,1498500,57650,479100,0.49,44.3,4222,34,0.0,1,3,11.5,487800,0,Medium_Risk,1.04697970399401,-0.18586438271394431,Low_Risk,0.9974013824909722,0.0025986175090276266,0.9974013824909722,8.599362141320114e-33
CUST1631,45,1944300,66650,2254000,0.23,26.4,3651,24,3.6,1,2,8.8,804200,1,Low_Risk,2.3187793089862097,-0.014912703548607839,Low_Risk,0.9813476599969203,0.9813476599969203,0.01865234000307981,8.527655473119614e-170
CUST1632,51,364800,22450,45800,0.7,92.4,2929,41,27.8,6,4,7.5,51000,2,High_Risk,-3.8454578702197084,1.5108999943832895,High_Risk,0.999538440593713,3.61394128262367e-11,0.00046155937014777544,0.999538440593713
CUST1633,30,1183400,39850,549400,0.22,20.2,3739,28,0.0,2,2,0.5,304400,0,Medium_Risk,0.6150300470045287,-1.151850662587958,Low_Risk,0.9989391594244549,0.0010608399926180492,0.9989391594244549,5.829273105290491e-10
CUST1634,30,957200,51300,330300,0.64,79.1,4140,50,21.5,6,4,0.8,457200,0,Medium_Risk,-3.26907627614198,2.4104347885828434,High_Risk,0.999999927603036,7.239696463039195e-08,0.999999927603036,2.17837927351795e-27
CUST1635,28,1117900,58000,462500,0.43,59.8,3645,38,6.3,4,2,0.7,286500,0,Medium_Risk,-1.0387724504236382,0.5453923887541321,Medium_Risk,0.9999712759657485,1.4428422664846353e-05,0.9999712759657485,1.4295611587270678e-05
CUST1636,37,1455000,35350,1392500,0.23,26.5,4682,39,4.7,2,3,11.2,328800,0,Medium_Risk,0.873135004846901,-0.3964094128831201,Low_Risk,0.9611799780715603,0.038820021928439856,0.9611799780715603,3.4510429569964912e-43
CUST1637,40,1206100,83900,263300,0.62,94.2,2271,56,18.3,5,4,1.8,70900,0,Medium_Risk,-2.9785742392981693,2.7004363273311127,High_Risk,0.9951460229611667,4.199019699548461e-07,0.9951460229611667,0.004853557136862716
CUST1638,44,1644600,49200,2192900,0.53,20.7,4306,19,5.6,0,4,19.9,1083700,1,Low_Risk,1.897103078121655,-0.21492809121500261,Low_Risk,0.9641759646895809,0.9641759646895809,0.03582403531042007,4.187252620686413e-218
CUST1639,38,348500,22300,21500,0.8,86.7,3608,30,27.7,6,4,2.8,6500,2,High_Risk,-4.084521945187773,1.4518067221144662,High_Risk,0.9997418090034335,5.511362661103741e-13,0.0002581909960153526,0.9997418090034335
CUST1640,21,340200,22000,73300,0.69,86.9,2402,43,11.4,5,4,1.9,22600,2,High_Risk,-3.910023723581523,0.6408703412819383,High_Risk,0.9998849700214749,1.405100985425084e-12,0.00011502997711973073,0.9998849700214749
CUST1641,45,1288500,34050,583800,0.17,23.3,5712,24,8.6,1,0,7.4,522700,0,Medium_Risk,1.8652924687628298,-1.3096051385053615,Low_Risk,0.962181677021915,0.037818322978084455,0.962181677021915,3.6093923735875925e-39
CUST1642,38,871000,68950,114300,0.74,73.8,4009,31,19.8,5,5,2.4,70900,0,Medium_Risk,-2.718853697568435,2.029281847198774,High_Risk,0.6758955776063105,3.887975940118111e-08,0.6758955776063105,0.32410438351392934
CUST1643,40,950500,45050,350700,0.5,53.8,2757,44,8.3,3,4,9.7,174700,2,High_Risk,-1.2989309946992333,0.2572181058866639,Medium_Risk,0.648099435476728,6.941930386615463e-05,0.3518311452194061,0.648099435476728
CUST1644,30,506000,29900,276200,0.5,78.3,979,40,18.0,5,4,10.9,87300,2,High_Risk,-3.126720230410441,0.4741075478135231,High_Risk,0.9976570186031066,5.526613183622773e-09,0.0023429758702803384,0.9976570186031066
CUST1645,42,1683300,85450,978800,0.46,53.4,4599,31,13.8,1,2,4.7,736700,0,Medium_Risk,0.6657291528389966,1.1529802033936738,Medium_Risk,0.9991779593873386,0.0008220406126614096,0.9991779593873386,9.844787109680515e-60
CUST1646,41,663900,42000,167500,0.36,44.9,2488,34,9.2,2,1,7.8,182200,0,Medium_Risk,-0.32418213269972174,-1.0181000505662463,Medium_Risk,0.8823638677444401,0.0005369301106973718,0.8823638677444401,0.11709920214486264
CUST1647,43,1475500,63800,828400,0.48,50.7,3338,42,2.0,3,4,6.7,372500,0,Medium_Risk,-0.29954910233259496,0.7700425916864082,Medium_Risk,0.999488249945592,0.000511750053665993,0.999488249945592,7.411043601037775e-13
CUST1648,33,535600,31000,128300,0.64,95.0,2839,47,28.2,8,3,2.9,13000,2,High_Risk,-4.443827626864315,2.0902677786777772,High_Risk,0.9999882070457684,7.316055077080744e-16,1.1792954230591507e-05,0.9999882070457684
CUST1649,29,875100,36150,475200,0.24,17.4,2960,29,4.7,0,0,11.9,206500,0,Medium_Risk,1.1689220947457157,-2.2569794321312244,Low_Risk,0.8652130704905304,0.004646365313790681,0.8652130704905304,0.13014056419567915
CUST1650,52,711100,30550,185500,0.32,48.5,2862,44,11.8,5,2,6.2,39500,2,High_Risk,-1.170723891284811,-0.1344326930085619,Medium_Risk,0.9932174057510019,1.3601992773530968e-06,0.006781234049720457,0.9932174057510019
CUST1651,50,2510000,134600,1554600,0.23,67.9,5418,36,3.8,1,2,11.8,179700,1,Low_Risk,2.640870388270602,1.847872921540542,Medium_Risk,0.993632623450224,0.993632623450224,0.006367376549775375,1.4024642838950817e-73
CUST1652,30,584600,28850,234400,0.24,50.1,2504,17,8.2,1,0,2.0,100800,2,High_Risk,-0.06275397378186719,-1.9236977464831084,Medium_Risk,0.9930208649805118,2.3463987743074095e-05,0.006955671031745033,0.9930208649805118
CUST1653,29,542500,26300,262500,0.6,70.5,1661,44,3.8,1,4,6.1,247000,0,Medium_Risk,-2.1430816448012098,-0.5034518363744629,High_Risk,0.9999130936544629,1.0866880605357403e-05,0.9999130936544629,7.603946493182626e-05
CUST1654,30,1174900,51650,668800,0.16,21.0,5009,35,0.0,0,1,0.9,63400,0,Medium_Risk,1.3816879525693226,-1.3068356056243502,Medium_Risk,0.9971714268074033,0.0028285712105261852,0.9971714268074033,1.9820697547171876e-09
CUST1655,28,671900,26050,420700,0.37,52.0,2671,36,10.9,2,2,6.7,20000,0,Medium_Risk,-1.1651867680212233,-0.8761790350838552,Medium_Risk,0.9464530722071294,0.000502773215354141,0.9464530722071294,0.05304415457751678
CUST1656,51,911600,31450,327000,0.26,43.7,3957,25,0.9,1,0,11.3,289900,0,Medium_Risk,1.392597675737893,-1.8934163433817928,Low_Risk,0.9984261277964246,0.0015738138845743158,0.9984261277964246,5.831900178387965e-08
CUST1657,54,1772700,43350,3208900,0.18,30.3,2712,41,0.0,0,1,14.6,1895100,1,Low_Risk,2.8734015687558485,-0.2759430663446401,Low_Risk,0.9999999999999947,0.9999999999999947,4.833538241022444e-15,0.0
CUST1658,40,1958100,86300,1699500,0.41,47.0,4585,31,7.7,0,2,14.6,895200,0,Medium_Risk,1.9131901309268982,0.704833740848576,Low_Risk,0.8345865961293477,0.16541340387065306,0.8345865961293477,1.0541424843466832e-110
CUST1659,34,1568000,55650,1230700,0.14,7.8,4095,22,0.0,1,2,10.2,300300,0,Medium_Risk,2.216427822391996,-1.2814021983507191,Low_Risk,0.9933485063629027,0.006651493637097695,0.9933485063629027,1.9569715986282191e-26
CUST1660,31,1773900,51650,8117700,0.05,7.6,3409,38,0.0,0,0,12.0,1325800,1,Low_Risk,4.212264127691848,0.30787274796807296,Low_Risk,1.0,1.0,3.545263880372723e-220,0.0
CUST1661,33,310400,16650,66100,0.5,67.4,3544,42,20.0,3,1,13.4,9100,2,High_Risk,-1.934956617311166,-0.5502913619126523,High_Risk,0.9960617512527918,5.610991008052258e-07,0.003937687648107142,0.9960617512527918
CUST1662,24,1159600,39200,949500,0.4,20.2,2991,5,0.8,0,2,9.6,608000,0,Medium_Risk,1.2824851033540678,-1.8998940620636868,Low_Risk,0.9961562934738092,0.003843706526190818,0.9961562934738092,3.748559142154412e-43
CUST1663,34,933300,51300,440700,0.48,30.9,2548,38,7.1,3,6,6.0,165000,2,High_Risk,-1.364014424786596,0.3045232372260228,Medium_Risk,0.6277358541398204,4.166609396362371e-05,0.3722224797662162,0.6277358541398204
CUST1664,35,1403000,60150,656900,0.17,30.3,3858,34,2.1,1,0,5.6,367000,0,Medium_Risk,1.5469622595970238,-1.0105717358449344,Low_Risk,0.9966315945308352,0.003368405281332613,0.9966315945308352,1.878321364160723e-10
CUST1665,21,342100,21350,40300,0.69,83.9,4276,48,12.6,3,3,5.1,5700,2,High_Risk,-3.109190808178436,0.3340869889376316,High_Risk,0.9979929209841653,2.438988626128011e-09,0.0020070765768458614,0.9979929209841653
CUST1666,26,1411400,62700,2175800,0.29,38.7,4659,31,5.9,0,2,10.7,194900,1,Low_Risk,1.3501758891460873,-0.2521844186261141,Medium_Risk,0.9999972416183021,0.9999972416183021,2.7583816979131605e-06,6.95584588372536e-255
CUST1667,36,992600,45150,1098800,0.58,72.3,4177,23,8.1,1,3,12.9,137700,0,Medium_Risk,-0.32363042432272965,-0.13857173276004228,Medium_Risk,0.9975534405920136,0.002446559407986196,0.9975534405920136,4.682971100065569e-52
CUST1668,46,1099900,56550,574900,0.44,59.7,1893,28,6.3,3,4,0.8,1060800,0,Medium_Risk,-0.7897097598378329,0.6148547611384265,Medium_Risk,0.995013139056382,0.004986860943617825,0.995013139056382,3.390832922746099e-179
CUST1669,61,4176100,208500,2800500,0.27,41.3,7562,27,11.6,2,2,10.8,6580700,1,Low_Risk,6.323055273809503,6.457971272721392,Low_Risk,1.0,1.0,2.601267459222861e-148,0.0
CUST1670,26,471900,25500,114500,0.49,52.1,2321,30,10.2,3,4,2.9,32000,2,High_Risk,-2.17009131062908,-0.5124504633573881,Medium_Risk,0.998598534245004,6.616318264938572e-08,0.0014013995918133744,0.998598534245004
CUST1671,31,920400,29950,1315100,0.34,13.3,4151,36,0.0,0,1,22.7,862900,1,Low_Risk,1.8219322228757442,-1.9203169178763813,Low_Risk,0.5774994362499475,0.5774994362499475,0.42250056375005246,3.542027835383923e-116
CUST1672,38,1417200,68250,1805100,0.3,21.3,2862,42,4.3,1,3,14.4,440300,1,Low_Risk,1.2110825592393886,-0.13048831843387912,Medium_Risk,0.9740616544612659,0.9740616544612659,0.02593834553873334,3.3144754003445013e-127
CUST1673,47,941400,28450,566200,0.24,19.5,3108,23,0.0,0,2,16.2,80700,0,Medium_Risk,1.598308752844652,-2.383461341773222,Low_Risk,0.992803079602756,0.005178280424257994,0.992803079602756,0.0020186399729860815
CUST1674,43,1662100,79600,964000,0.25,17.8,5056,37,7.4,1,2,12.4,933800,0,Medium_Risk,2.0486060513249513,0.18338664012260206,Low_Risk,0.8942047524489519,0.10579524755104815,0.8942047524489519,7.753276601072766e-109
CUST1675,48,878100,43500,498700,0.44,67.6,2252,43,12.3,3,3,16.2,243000,0,Medium_Risk,-1.0101716708190682,0.1335450234202786,Medium_Risk,0.9963630252019698,0.0002820770401678532,0.9963630252019698,0.003354897757862206
CUST1676,44,1985000,69450,1500000,0.19,12.1,5403,26,0.0,0,2,15.0,314500,0,Medium_Risk,3.1392317087931163,-0.7556461390037212,Low_Risk,0.8848398145521226,0.11516018544787798,0.8848398145521226,2.7057807405923463e-43
CUST1677,21,221600,15150,21400,0.62,63.4,880,42,14.9,2,3,0.5,5100,2,High_Risk,-3.3354392255000955,-0.5657262141630243,High_Risk,0.9994363177785106,7.3115665232197675e-09,0.0005636749099228577,0.9994363177785106
CUST1678,31,744000,51400,69600,0.49,92.8,3956,32,15.0,4,2,0.5,31100,2,High_Risk,-2.122848402708921,0.8239734866152352,High_Risk,0.9501728582853557,3.4166667549379286e-07,0.04982680004796844,0.9501728582853557
CUST1679,37,264300,14750,30500,0.66,78.9,1240,54,18.2,4,3,1.7,13300,2,High_Risk,-3.8722698786116267,0.43077020055079407,High_Risk,0.9998383927147804,1.0682869625944619e-10,0.00016160717839117008,0.9998383927147804
CUST1680,21,229500,14600,29900,0.85,83.5,1022,37,20.4,3,5,0.5,15900,2,High_Risk,-4.6699786549864095,0.5429764314400405,High_Risk,0.9999626666952675,1.1256877484390419e-12,3.7333303607004334e-05,0.9999626666952675
CUST1681,53,1676500,68650,1136300,0.29,12.0,1693,28,1.5,1,2,16.6,660800,0,Medium_Risk,2.1987231511809426,-0.9221642963401183,Low_Risk,0.8799360953254576,0.12006390467454182,0.8799360953254576,2.102531786566171e-44
CUST1682,62,1881700,41400,2034500,0.4,39.6,3082,23,3.3,1,3,21.2,1102700,1,Low_Risk,2.141457048452246,-0.30098396197939925,Low_Risk,0.9709084825186256,0.9709084825186256,0.029091517481375617,1.1631732091335275e-177
CUST1683,37,521200,23500,249900,0.4,45.9,1300,33,2.4,2,2,5.3,380700,0,Medium_Risk,-0.8621403826304906,-1.4492994186313377,Medium_Risk,0.9997084254015999,0.0002915745984000765,0.9997084254015999,8.837436136784684e-19
CUST1684,54,4586400,127950,6404700,0.11,43.1,8690,30,5.2,0,1,13.1,2155100,1,Low_Risk,6.636604839587117,3.965896516890342,Low_Risk,1.0,1.0,3.9321927480295346e-51,0.0
CUST1685,43,744700,38050,235900,0.52,62.6,4128,38,15.0,4,4,7.7,43900,2,High_Risk,-1.783854902758461,0.628309822424811,High_Risk,0.9887392473975802,4.987267165518148e-07,0.011260253875703063,0.9887392473975802
CUST1686,48,1758600,87600,422500,0.34,30.3,6604,34,2.0,1,1,11.8,155800,0,Medium_Risk,2.3516624382351883,-0.04358207752550721,Low_Risk,0.8667191902095183,0.13328080973353432,0.8667191902095183,5.694816654141465e-11
CUST1687,28,728200,36150,141200,0.49,51.7,2316,30,7.8,4,4,0.5,53700,2,High_Risk,-2.038865290619442,-0.0746680687227205,Medium_Risk,0.9565031698584423,4.854273533055105e-07,0.04349634471420432,0.9565031698584423
CUST1688,54,1056800,59600,460500,0.35,51.5,3125,33,10.6,3,2,3.6,1397800,1,Low_Risk,0.11282843096043149,0.552666179884152,Medium_Risk,0.8982698139007783,0.8982698139007783,0.10173018609922034,0.0
CUST1689,25,2236200,93400,1573600,0.23,40.3,6214,31,10.0,1,1,4.3,596600,0,Medium_Risk,1.9315546584250083,1.06861815212111,Low_Risk,0.8055285417292357,0.19447145827076465,0.8055285417292357,1.212097281428718e-53
CUST1690,60,2395800,67450,2266200,0.38,48.2,4687,26,12.7,1,2,25.6,929000,1,Low_Risk,2.692777990624184,0.7669273294876406,Low_Risk,0.9986931429632911,0.9986931429632911,0.0013068570367102223,3.3436294574767615e-146
CUST1691,41,432200,32150,41300,0.61,90.1,1559,43,18.3,7,6,3.3,24900,2,High_Risk,-4.302014033025442,1.6775890534701015,High_Risk,0.9998152645585586,2.1980088623580226e-12,0.0001847354392435272,0.9998152645585586
CUST1692,33,351400,19900,44900,0.64,91.0,2540,48,22.4,4,2,6.4,6500,2,High_Risk,-3.4742736772228704,0.5685328537985898,High_Risk,0.999804112287965,9.711021124272125e-11,0.00019588761492464035,0.999804112287965
CUST1693,50,1623900,34250,2795000,0.17,31.8,3139,31,0.0,1,0,22.2,2369500,1,Low_Risk,3.2246416394484236,-0.7913291810596621,Low_Risk,1.0,1.0,5.6120135664977e-16,0.0
CUST1694,52,719600,38350,232300,0.63,44.2,1998,16,10.1,4,5,10.2,281900,0,Medium_Risk,-1.2650618817905142,-0.15420859595880188,Medium_Risk,0.9999951962923785,3.7400708821698445e-06,0.9999951962923785,1.0636367396494676e-06
CUST1695,46,1140700,41550,416100,0.44,49.5,3630,33,0.0,0,1,8.9,645100,0,Medium_Risk,0.8806227635517806,-1.1050550473734506,Low_Risk,0.9995200037255687,0.00047999627443186705,0.9995200037255687,5.904086690002763e-61
CUST1696,41,882400,41700,521800,0.34,50.9,2598,36,10.0,3,2,14.7,158600,0,Medium_Risk,-0.34403668230331175,-0.5537340868278238,Medium_Risk,0.7280676624175617,0.0006231309615931827,0.7280676624175617,0.2713092066208454
CUST1697,41,376400,14800,104700,0.41,29.2,2654,32,4.6,1,2,13.3,24000,2,High_Risk,-0.20773520833311984,-2.15572990616013,Medium_Risk,0.9854484881930184,4.04700452710098e-05,0.014511041761710489,0.9854484881930184
CUST1698,25,476700,25000,82100,0.65,70.0,1572,27,10.0,3,5,0.5,11500,2,High_Risk,-3.078192956006501,-0.08057060383421008,High_Risk,0.9987188806462401,2.219765972973023e-09,0.0012811171339941756,0.9987188806462401
CUST1699,55,1080400,29500,1148900,0.37,21.7,2891,16,1.7,1,2,17.6,359000,0,Medium_Risk,1.6910758899994278,-1.8648283323530388,Low_Risk,0.9924369386285138,0.007563061371486819,0.9924369386285138,8.500585960781827e-35
CUST1700,40,2235300,87950,2874000,0.09,16.2,4503,22,0.0,1,1,12.2,3173800,1,Low_Risk,4.230952302757303,0.7450479761183271,Low_Risk,1.0,1.0,3.35836595969199e-29,0.0
CUST1701,52,2342100,92300,2176700,0.25,42.0,3542,25,6.6,2,1,12.8,1601300,1,Low_Risk,2.820874200539156,1.0731626800951652,Low_Risk,0.9995535689016795,0.9995535689016795,0.0004464310983196424,0.0
CUST1702,34,1604300,71150,995900,0.05,5.0,3127,21,0.0,0,0,10.1,261500,0,Medium_Risk,2.931149200949027,-1.8218451136661302,Low_Risk,0.975557550022361,0.024442449976147224,0.975557550022361,1.4913013019422928e-12
CUST1703,34,783800,45500,171900,0.81,95.0,2091,52,19.7,4,4,2.2,118800,2,High_Risk,-3.8847008759967627,1.8339603815716632,High_Risk,0.9970889515729722,3.074126947836941e-11,0.0029110483962864506,0.9970889515729722
CUST1704,50,1702600,42000,1812800,0.29,37.2,3779,41,8.4,1,2,21.2,1448200,1,Low_Risk,1.7846816856799943,-0.003139566279956448,Low_Risk,0.9992641549160749,0.9992641549160749,0.000735845083924547,9.339554910319172e-296
CUST1705,27,1627900,68750,651400,0.31,42.9,6223,27,1.4,1,2,3.9,314100,0,Medium_Risk,1.2353322140553453,-0.061597537309098685,Low_Risk,0.9872441954557277,0.012755804532359945,0.9872441954557277,1.1911853368204552e-11
CUST1706,32,544300,29700,107200,0.55,62.5,2278,46,3.8,3,4,0.5,254500,0,Medium_Risk,-2.3482106131097593,-0.029794247131074807,Medium_Risk,0.9999959485195197,3.967998690284813e-06,0.9999959485195197,8.348178950458937e-08
CUST1707,39,624300,33900,332600,0.58,62.0,1196,41,19.5,4,4,12.1,81300,2,High_Risk,-2.583946256042357,0.4107899501214427,High_Risk,0.9878900802742482,1.3487485234463374e-07,0.012109784850899214,0.9878900802742482
CUST1708,41,632100,29300,178800,0.43,46.6,2089,35,9.5,1,1,8.3,123700,2,High_Risk,-0.5450947514304499,-1.3594714836015547,Medium_Risk,0.9851680151808311,5.3217050278282575e-06,0.014826663114141058,0.9851680151808311
CUST1709,53,530900,21050,218600,0.51,23.3,1234,26,10.2,4,4,9.7,82700,2,High_Risk,-1.1999806803490776,-0.9833434478080811,Medium_Risk,0.993476576403965,4.1823491600546765e-07,0.006523005361118547,0.993476576403965
CUST1710,28,324700,13000,71000,0.45,70.2,1958,35,14.8,3,2,4.4,16600,2,High_Risk,-2.439861715649964,-0.7408655869726753,Medium_Risk,0.9981342919602683,2.1248190713426535e-07,0.0018654955578244876,0.9981342919602683
CUST1711,41,598700,45950,82300,0.67,84.0,1514,32,20.3,5,5,4.5,129100,2,High_Risk,-3.3845969857814757,1.3274631030687207,High_Risk,0.7515119960876371,2.1841034300496857e-08,0.24848798207132874,0.7515119960876371
CUST1712,28,1022500,24650,813900,0.35,27.1,4160,22,3.4,3,2,6.1,108300,0,Medium_Risk,0.12838992795868404,-1.1822594435059488,Low_Risk,0.9992067370092562,0.0007932629907407067,0.9992067370092562,2.8875792304930073e-15
CUST1713,43,566500,41550,234200,0.53,67.4,1097,20,24.5,5,4,17.4,33700,2,High_Risk,-2.2097380362450076,0.3010875027898249,High_Risk,0.9045572170606847,1.283688147597483e-06,0.09544149925116764,0.9045572170606847
CUST1714,60,3063100,86050,6655200,0.25,36.4,6257,34,7.6,2,2,14.7,4891500,1,Low_Risk,5.07648584246392,3.979832057427981,Low_Risk,1.0,1.0,4.505555651555214e-121,0.0
CUST1715,35,2150700,86550,2283700,0.13,13.9,3735,31,0.0,0,0,7.0,1532100,1,Low_Risk,3.4024878343099614,-0.07955020181541382,Low_Risk,0.9996418747848991,0.9996418747848991,0.0003581252151004994,0.0
CUST1716,39,294700,17750,79200,0.72,87.3,1466,36,13.8,4,2,10.2,38300,2,High_Risk,-2.9018757984160417,-0.2294711043224694,High_Risk,0.9995079980731636,6.745230799039178e-11,0.0004920018593841467,0.9995079980731636
CUST1717,38,478200,21350,122000,0.55,91.8,2220,35,12.7,4,4,4.9,32100,2,High_Risk,-2.9344824120118305,0.29144361003252917,High_Risk,0.9984249560624848,1.679126861702894e-08,0.0015750271462468015,0.9984249560624848
CUST1718,51,2371200,88800,2225000,0.19,9.8,3504,21,0.0,0,3,10.0,1908400,1,Low_Risk,3.6101911352729563,0.4069789428434533,Low_Risk,0.9999609789900195,0.9999609789900195,3.902100998066969e-05,0.0
CUST1719,47,1300700,59950,625400,0.48,41.8,4076,34,5.9,2,3,11.1,138100,0,Medium_Risk,0.3369299596751564,0.030709418587513315,Medium_Risk,0.9986369101103065,0.0012664781391694257,0.9986369101103065,9.661175052419887e-05
CUST1720,42,637700,32450,113100,0.57,60.7,3026,42,9.0,1,4,13.8,24800,2,High_Risk,-1.305579022337984,-0.47139402658740687,Medium_Risk,0.9874591026664423,2.5119426507170616e-06,0.012538385390906886,0.9874591026664423
CUST1721,40,750200,37150,139300,0.18,26.5,3409,6,0.3,0,0,12.8,27500,2,High_Risk,1.9858105674003215,-2.978963633411191,Medium_Risk,0.7736589387915258,0.003595351593899468,0.22274570961457432,0.7736589387915258
CUST1722,47,806800,56100,106300,0.4,60.3,3790,38,13.3,0,2,11.4,145200,0,Medium_Risk,-0.0721650003159655,-0.39751426961131325,Medium_Risk,0.9432627921390689,0.0005728871514089277,0.9432627921390689,0.056164320709522084
CUST1723,32,560800,18600,247300,0.24,27.5,2965,31,0.4,0,1,12.0,127700,2,High_Risk,0.6516194081573811,-2.6113108923196204,Low_Risk,0.772754520710202,0.0012027611015530044,0.2260427181882449,0.772754520710202
CUST1724,41,231400,13650,19400,0.67,83.5,867,29,18.2,4,4,10.4,4100,2,High_Risk,-3.2986474458140727,-0.1332490126150145,High_Risk,0.9990166158631433,1.9010922225129123e-09,0.0009833822357646178,0.9990166158631433
CUST1725,44,2498900,135050,2012900,0.21,30.6,6716,24,2.0,0,0,14.2,1896300,1,Low_Risk,4.689904001315199,1.28303191369021,Low_Risk,0.9999999972738784,0.9999999972738784,2.726120393117017e-09,0.0
CUST1726,34,1398700,60850,1635600,0.06,17.4,4818,31,0.3,0,0,15.2,477200,0,Medium_Risk,2.9594808246243365,-1.452693554797521,Low_Risk,0.5673744842121947,0.4326255157878055,0.5673744842121947,1.174609214462877e-87
CUST1727,45,2418900,75600,1961000,0.14,14.6,10021,20,3.7,0,1,15.2,577900,1,Low_Risk,4.536379793685592,0.05455505387011506,Low_Risk,0.9776053921754263,0.9776053921754263,0.02239460782457219,8.414623340965647e-90
CUST1728,46,1542000,37250,2350600,0.23,23.2,5167,16,10.0,2,2,15.6,287600,1,Low_Risk,2.056621757833175,-0.6068990956903141,Low_Risk,0.999993467492341,0.999993467492341,6.532507659881766e-06,1.4205448464191052e-242
CUST1729,58,3576900,224000,6616100,0.31,56.3,3942,33,10.7,3,3,12.2,7790500,1,Low_Risk,5.9512470989133295,7.9503451808111025,Medium_Risk,1.0,1.0,1.845561939287735e-260,0.0
CUST1730,27,1432700,67050,1188800,0.24,22.1,3790,25,0.0,0,2,6.3,441800,0,Medium_Risk,1.6548828710903534,-0.9075243424750952,Low_Risk,0.9926171009756978,0.00738289902430228,0.9926171009756978,2.8602200155727926e-35
CUST1731,44,739300,37650,393600,0.48,59.4,2843,39,17.5,3,3,16.5,98100,2,High_Risk,-1.2515422112668655,0.02226573349590075,Medium_Risk,0.9303098539112747,1.5795060996929428e-05,0.06967435102772811,0.9303098539112747
CUST1732,48,906000,51600,197800,0.65,83.8,2203,26,30.0,7,4,6.0,120900,2,High_Risk,-3.212185640050945,2.0598565644015094,High_Risk,0.9958724295629183,3.196220564775999e-11,0.004127570405120012,0.9958724295629183
CUST1733,34,1186300,37300,790300,0.24,40.7,3992,49,4.3,1,1,9.6,355600,0,Medium_Risk,0.5308240083378516,-0.7983916404478619,Low_Risk,0.9942469675932587,0.005753032405448663,0.9942469675932587,1.2926659941246495e-12
CUST1734,32,445700,24700,112800,0.72,56.6,1708,25,17.3,2,3,10.3,30800,2,High_Risk,-2.202952989200017,-0.6491375993616929,High_Risk,0.9997191658578953,3.210131729280122e-09,0.0002808309319728132,0.9997191658578953
CUST1735,34,898600,61600,145300,0.72,50.1,5609,23,17.7,4,6,3.9,21400,2,High_Risk,-1.9564800573584666,1.479431181105982,High_Risk,0.73931688026027,1.2727226864338624e-06,0.260681847017044,0.73931688026027
CUST1736,40,378900,19500,84300,0.79,82.0,1083,54,22.4,4,4,6.3,57200,2,High_Risk,-4.175024992050211,0.9611237385272476,High_Risk,0.9999615682297874,3.571332138525169e-12,3.843176664122151e-05,0.9999615682297874
CUST1737,38,760300,44900,116400,0.8,75.2,4193,25,22.6,5,6,9.8,22400,2,High_Risk,-3.0168996740224796,1.6332111673269352,High_Risk,0.9975773486045202,5.774143276722509e-10,0.0024226508180656033,0.9975773486045202
CUST1738,21,525500,28050,219000,0.32,83.4,1133,31,21.5,6,2,0.5,14700,2,High_Risk,-3.213889612680199,0.3676814666417085,High_Risk,0.9994734556914506,9.73432078741137e-10,0.0005265433351172259,0.9994734556914506
CUST1739,46,1346000,60300,645800,0.33,26.4,3905,33,0.0,1,2,12.6,1036900,0,Medium_Risk,1.6640012115829799,-0.6391330771117925,Low_Risk,0.8023980974305857,0.19760190256941418,0.8023980974305857,2.710312085723799e-164
CUST1740,41,599900,33050,165100,0.49,39.7,2324,40,10.8,1,2,6.6,86800,2,High_Risk,-0.9142588067356602,-0.9624059530525397,Medium_Risk,0.9978153779870764,5.562218434730518e-07,0.002184065791080303,0.9978153779870764
CUST1741,30,793000,42900,322200,0.56,32.4,2263,41,9.4,2,5,0.5,400300,0,Medium_Risk,-1.8059978483314982,0.16902352903404724,Medium_Risk,0.9999627383581391,3.726164186165086e-05,0.9999627383581391,1.325121618268288e-18
CUST1742,36,538000,18750,422000,0.5,69.5,1635,41,5.3,0,3,13.0,228200,0,Medium_Risk,-1.2401700623940008,-1.210470262548655,Medium_Risk,0.9992542256326056,0.00010626928678799939,0.9992542256326056,0.000639505080607294
CUST1743,37,820300,21800,640100,0.25,8.9,2908,23,0.0,0,1,10.3,477300,0,Medium_Risk,1.4240387856778396,-2.57506141276093,Low_Risk,0.9981514082495508,0.001848591750448867,0.9981514082495508,2.0319646476382616e-25
CUST1744,29,1525200,31750,2080600,0.36,40.7,5897,34,16.6,2,2,8.0,990900,1,Low_Risk,0.42165532615177403,0.6595987996211796,Low_Risk,0.9993876149738643,0.9993876149738643,0.0006123850261344134,6.575606927222505e-196
CUST1745,50,1781900,63700,1365200,0.19,20.8,4655,32,0.0,1,1,11.4,993600,0,Medium_Risk,2.747695315610255,-0.501582406107198,Low_Risk,0.9563132732050034,0.04368672679499691,0.9563132732050034,9.880644650949485e-118
CUST1746,24,332400,22600,24900,0.57,72.7,2694,35,25.2,4,1,0.5,5200,2,High_Risk,-3.121157285468823,0.15043940838424572,High_Risk,0.999858853934971,1.1765129042396872e-10,0.00014114594737799755,0.999858853934971
CUST1747,50,1546700,64850,467000,0.27,21.1,6214,32,3.7,2,2,14.1,169900,0,Medium_Risk,1.9879391366544217,-0.40516104821789245,Low_Risk,0.9085784329227506,0.09142156624042216,0.9085784329227506,8.368264807762077e-10
CUST1748,21,302100,17550,43400,0.55,81.0,1291,43,22.5,5,4,0.5,6200,2,High_Risk,-4.32482757752615,0.7076049994279278,High_Risk,0.9997966576850967,1.160245465104993e-10,0.00020334219887855785,0.9997966576850967
CUST1749,37,1840100,69850,924400,0.19,17.5,4466,16,0.0,0,1,9.8,347200,0,Medium_Risk,2.7811134703153306,-1.219805709175565,Low_Risk,0.8724519282342714,0.127548071765726,0.8724519282342714,2.2550388444663607e-15
CUST1750,28,2086400,105350,1695700,0.05,25.1,3295,24,4.2,2,0,2.1,996100,1,Low_Risk,2.5583209441456565,0.38299281313789013,Low_Risk,0.7442570197879839,0.7442570197879839,0.255742980212015,4.942602077397834e-132
CUST1751,30,424000,24450,33300,0.67,73.5,3525,28,16.3,5,4,0.8,13600,2,High_Risk,-3.1900370527780004,0.591687725215083,High_Risk,0.999305588245686,7.414854825933571e-11,0.0006944116801654624,0.999305588245686
CUST1752,45,633700,37400,80900,0.66,44.0,2800,36,11.8,3,3,10.5,31500,2,High_Risk,-1.4122454151689332,-0.2720153399077881,High_Risk,0.9947579934460554,7.323084572122831e-08,0.00524193332309893,0.9947579934460554
CUST1753,44,434800,24100,118800,0.62,73.2,2045,43,12.4,5,4,15.9,12300,2,High_Risk,-2.59177921307068,0.18195268225438846,High_Risk,0.9996448027151454,1.8726450781087112e-09,0.00035519541220963306,0.9996448027151454
CUST1754,47,791400,23350,444600,0.21,43.5,2783,32,2.8,1,0,13.2,118500,2,High_Risk,0.916078974676225,-2.1201862166230168,Low_Risk,0.6699692631424902,0.0018093062537699277,0.32822143060374004,0.6699692631424902
CUST1755,32,493400,17500,128400,0.39,44.5,1829,34,5.8,4,2,0.5,53700,2,High_Risk,-1.6764744953874193,-1.0515708303149427,Medium_Risk,0.9943280905879839,1.8374493201774598e-07,0.0056717256670839955,0.9943280905879839
CUST1756,44,1030200,53950,614100,0.32,57.2,4201,33,8.2,3,2,7.4,638000,0,Medium_Risk,0.09172672581561744,0.1728044471927148,Medium_Risk,0.9959959738051537,0.004004026194847055,0.9959959738051537,6.017092284019006e-53
CUST1757,39,767400,28050,604800,0.43,41.9,2256,33,4.4,1,1,13.3,165500,0,Medium_Risk,0.0956502208461225,-1.626224320142127,Medium_Risk,0.9988949905381888,0.0010335908367318102,0.9988949905381888,7.141862507862948e-05
CUST1758,34,1075300,31150,560100,0.3,13.6,2009,23,0.0,0,1,2.0,1322100,1,Low_Risk,1.1180782104985398,-1.8325263412881472,Low_Risk,0.9149963450197444,0.9149963450197444,0.08500365498025723,1.3573636479148e-310
CUST1759,42,747500,32800,308400,0.39,76.1,3473,29,23.6,4,1,13.1,21900,2,High_Risk,-1.3056655158245687,0.047981688976377355,Medium_Risk,0.9685602504623725,7.035697095657372e-06,0.03143271384053243,0.9685602504623725
CUST1760,34,652700,22250,231400,0.31,8.3,2437,26,0.2,0,1,9.6,76000,2,High_Risk,0.8424937860313046,-2.785968053248647,Low_Risk,0.8252269554829688,0.0006094594631979557,0.1741635850538341,0.8252269554829688
CUST1761,34,1801800,70150,914200,0.33,56.2,5305,29,7.9,2,0,4.9,513500,0,Medium_Risk,1.1483027896204927,0.38096120105552084,Low_Risk,0.9761923219343996,0.023807678065599577,0.9761923219343996,6.456242581960509e-28
CUST1762,45,426200,18900,73300,0.48,61.1,1302,32,8.5,4,3,0.5,35600,2,High_Risk,-2.1731896336909804,-0.5813433208990042,Medium_Risk,0.9991365184326962,1.7295077696499637e-08,0.0008634642722257034,0.9991365184326962
CUST1763,41,1887600,57750,2355200,0.07,34.1,3787,39,1.4,1,0,13.6,450000,1,Low_Risk,2.6020945433902813,-0.584142652960765,Low_Risk,0.9889045417204863,0.9889045417204863,0.01109545827951338,1.0189710515330373e-180
CUST1764,46,1240600,47000,819100,0.23,58.8,2034,40,3.9,1,3,9.4,246000,0,Medium_Risk,0.1637209483083853,-0.4705580423840755,Low_Risk,0.9980696639281131,0.0019301506546274096,0.9980696639281131,1.854172599369308e-07
CUST1765,31,1225300,70850,716900,0.5,58.1,6621,39,6.1,1,3,8.1,132300,0,Medium_Risk,0.16021569363490024,0.653234339995172,Medium_Risk,0.9957525522091211,0.004247447790874543,0.9957525522091211,4.071009859649474e-15
CUST1766,39,1235300,47300,694800,0.49,47.8,2793,27,8.4,2,3,1.0,578700,0,Medium_Risk,-0.5316523578477548,0.10870444295721123,Medium_Risk,0.9998610747261099,0.00013892527389025217,0.9998610747261099,3.770341068476863e-37
CUST1767,48,1486300,60500,1376900,0.48,51.6,2582,36,2.2,0,2,13.3,686800,0,Medium_Risk,1.0486540162368214,-0.23325357799770544,Medium_Risk,0.9943496695792531,0.005650330420747712,0.9943496695792531,8.681674542859172e-68
CUST1768,21,735800,31650,497600,0.49,80.4,2743,39,21.9,5,4,8.4,13700,0,Medium_Risk,-3.1245064402684575,1.0195406222994936,High_Risk,0.9698406327969255,1.5330101705824313e-06,0.9698406327969255,0.030157834192903528
CUST1769,49,1595000,74600,1195000,0.5,37.2,3057,46,7.1,0,3,16.1,122400,0,Medium_Risk,0.8636563912224,0.21781132845654613,Medium_Risk,0.6593261735253704,0.3406738264746293,0.6593261735253704,1.0204180020234558e-43
CUST1770,44,1548000,53800,1250200,0.1,14.8,4985,16,0.0,0,0,13.2,1249900,1,Low_Risk,3.4889826239491413,-1.5583030331066867,Low_Risk,0.6263090454134939,0.6263090454134939,0.3736909545865063,8.760423156744828e-215
CUST1771,39,552100,25300,221000,0.24,27.2,1866,30,0.8,1,1,3.3,73700,2,High_Risk,0.18906861948215928,-2.2378715565509846,Medium_Risk,0.9938921469915988,1.4302545960735611e-05,0.006093550462440264,0.9938921469915988
CUST1772,44,1375900,66750,845000,0.35,44.2,2490,20,4.8,2,2,5.4,367400,0,Medium_Risk,0.7270667691220679,-0.3105202742517579,Medium_Risk,0.9987727147887764,0.0012272852112159753,0.9987727147887764,7.92839294041544e-15
CUST1773,63,2392400,104400,1211900,0.31,21.8,5376,32,1.4,3,4,18.9,1486700,1,Low_Risk,3.02040771423603,1.4984173135627674,Low_Risk,0.9999872273203796,0.9999872273203796,1.277267962038223e-05,4.2234e-319
CUST1774,34,2671800,114300,7876500,0.36,43.2,4034,37,6.2,2,4,11.0,1732100,1,Low_Risk,3.053119140552279,3.882440592650216,Medium_Risk,1.0,1.0,1.5287213492397042e-172,0.0
CUST1775,25,344700,17750,61500,0.75,82.9,1692,39,21.5,4,4,0.5,21900,2,High_Risk,-4.254763857287876,0.7169713189496337,High_Risk,0.9999330880457805,3.858051603100797e-12,6.691195036147736e-05,0.9999330880457805
CUST1776,38,297600,17550,26600,0.75,73.8,1799,36,12.2,5,5,1.2,15000,2,High_Risk,-3.744553591625153,0.48964438928572424,High_Risk,0.9998528935577367,2.045571759761504e-12,0.00014710644021786372,0.9998528935577367
CUST1777,62,1452300,50750,651200,0.16,11.2,2766,23,0.0,0,1,11.2,550200,0,Medium_Risk,2.7034632384994093,-1.8325315313034898,Low_Risk,0.9985836823004955,0.001416317699504304,0.9985836823004955,1.4414838387109693e-32
CUST1778,51,1613100,52200,2381900,0.39,27.0,3071,29,5.3,0,4,21.5,1345600,1,Low_Risk,1.9907922620177558,-0.08019956373211191,Low_Risk,0.9990909436444961,0.9990909436444961,0.0009090563555045415,8e-323
CUST1779,30,1076100,82500,100300,0.76,78.7,3193,42,15.5,4,4,0.5,215700,0,Medium_Risk,-2.642621430415206,2.1210583489751134,High_Risk,0.9999997641689771,1.5454435205726066e-07,0.9999997641689771,8.128666999359577e-08
CUST1780,39,828100,38500,156600,0.55,58.4,4714,33,13.8,1,1,0.5,151700,2,High_Risk,-0.8017057220855919,-0.2517771732445711,Medium_Risk,0.7999100755761707,2.28084289908344e-06,0.20008764358093042,0.7999100755761707
CUST1781,49,908600,41700,515500,0.4,31.6,1883,38,4.8,0,3,11.7,154500,0,Medium_Risk,0.2403345199657154,-1.210032291371098,Medium_Risk,0.8334576137420493,0.0008548806791586785,0.8334576137420493,0.1656875055787924
CUST1782,40,3411300,80350,8827800,0.07,34.1,5494,33,0.0,0,1,18.3,1739700,1,Low_Risk,5.775086606605521,2.297732584340631,Low_Risk,1.0,1.0,1.773862706451839e-159,0.0
CUST1783,35,813300,42150,161200,0.28,59.3,2765,24,5.2,2,1,1.1,38100,2,High_Risk,-0.31043994969853983,-1.0749843549655331,Medium_Risk,0.9717893199222705,2.328558172040358e-05,0.02818739449600904,0.9717893199222705
CUST1784,24,918000,45150,459900,0.4,54.4,2534,32,15.1,2,1,1.7,88200,0,Medium_Risk,-1.1224953524811612,-0.3294219409473835,Medium_Risk,0.7398751036146555,0.0001606337175864721,0.7398751036146555,0.2599642626677575
CUST1785,45,368400,19050,62700,0.59,61.3,1194,36,12.2,3,4,13.0,34600,2,High_Risk,-2.206165546607904,-0.6064612785243964,Medium_Risk,0.9981134636182952,1.0812477142802216e-07,0.0018864282569330956,0.9981134636182952
CUST1786,35,1155100,42000,2813000,0.22,48.8,3544,34,1.9,2,0,22.0,750500,1,Low_Risk,1.8509376721424693,-0.8164811689241854,Low_Risk,0.9999999999912248,0.9999999999912248,8.775245795385363e-12,0.0
CUST1787,30,1044300,50100,831800,0.37,44.5,2701,13,3.3,2,4,10.2,210200,0,Medium_Risk,0.08037825514929028,-0.7651263428024784,Medium_Risk,0.999070777662735,0.0009292223371455073,0.999070777662735,1.192879048604563e-13
CUST1788,35,444200,20600,148400,0.64,66.7,1668,23,12.6,3,4,8.0,54800,2,High_Risk,-2.3741233190940054,-0.4921106035792082,Medium_Risk,0.9990700913508794,8.092147692341536e-09,0.0009299005569730387,0.9990700913508794
CUST1789,47,1785800,83450,1446600,0.36,30.1,3038,26,0.0,0,2,11.4,2248600,1,Low_Risk,2.5634977645245276,0.2245534612618256,Low_Risk,0.9999999995682014,0.9999999995682014,4.3179797166500994e-10,0.0
CUST1790,43,740700,45700,144000,0.54,74.2,3966,47,16.7,5,3,9.8,31100,2,High_Risk,-2.109497993292539,1.064784975596053,High_Risk,0.995491400902243,2.699477303481081e-08,0.0045085721029838165,0.995491400902243
CUST1791,48,654700,18800,208700,0.38,39.1,3032,23,0.8,0,1,6.7,54800,2,High_Risk,0.5516240137040573,-2.286874960351313,Medium_Risk,0.9651282339672326,1.0269402591425657e-05,0.034861496630176236,0.9651282339672326
CUST1792,40,2766000,113400,3607200,0.16,30.4,4662,23,3.8,1,1,13.6,3312200,1,Low_Risk,4.493978765041633,2.015120843755817,Low_Risk,1.0,1.0,7.395695815721573e-33,0.0
CUST1793,44,466600,28900,57000,0.7,75.3,1826,38,11.9,3,5,7.5,45500,2,High_Risk,-2.80517007065104,0.2775041681817959,High_Risk,0.999328270390012,7.053044736211458e-10,0.000671728904683274,0.999328270390012
CUST1794,57,1966000,69450,1768400,0.44,48.5,6790,45,3.8,1,2,13.8,716200,1,Low_Risk,2.0371505788798183,1.0135999424268398,Medium_Risk,0.6021533050629105,0.6021533050629105,0.39784669493708885,2.1376505259344798e-94
CUST1795,32,531800,29900,132700,0.67,84.5,1995,47,19.4,4,5,2.0,15100,2,High_Risk,-3.9204129391829126,1.2047728848670938,High_Risk,0.9994937922383876,1.587079749747618e-10,0.0005062076029042756,0.9994937922383876
CUST1796,38,2063800,87350,1756200,0.37,51.4,4888,24,15.7,2,2,9.7,684500,0,Medium_Risk,1.269089413862298,1.4120189238826248,Low_Risk,0.8295367902833026,0.17046320971669707,0.8295367902833026,2.495392408687427e-85
CUST1797,53,1583300,64400,1152400,0.12,30.1,3640,49,7.8,2,1,15.8,333000,0,Medium_Risk,1.7113393458876685,-0.1831722184512043,Low_Risk,0.9826321840070006,0.01736781599299963,0.9826321840070006,7.27958696343739e-21
CUST1798,53,1348400,40250,1352400,0.43,56.2,3698,34,12.4,0,2,17.7,923600,0,Medium_Risk,0.9267654894810112,-0.16338936188529452,Low_Risk,0.9678624344150755,0.03213756558492524,0.9678624344150755,1.1724720172291485e-114
CUST1799,32,1524900,35750,1341700,0.05,16.1,7134,27,2.2,4,1,2.3,249800,0,Medium_Risk,1.7061541548628598,-0.5579023763817084,Low_Risk,0.9281385102254006,0.0718614897745989,0.9281385102254006,1.917509846129962e-46
CUST1800,53,1056400,50050,969600,0.33,45.7,2197,22,9.7,1,1,14.1,322600,0,Medium_Risk,1.0212163142723873,-1.0504981331048886,Medium_Risk,0.9911353525399644,0.008864647460035293,0.9911353525399644,5.111623926325668e-28
CUST1801,63,1839600,93550,1760200,0.05,11.5,2445,26,0.0,4,1,17.7,2389700,1,Low_Risk,3.6445435519488694,0.32977651574729194,Low_Risk,0.999999999999929,0.999999999999929,7.18157740682268e-14,0.0
CUST1802,53,1696200,85350,2694500,0.42,52.3,2305,42,5.2,1,3,18.2,1119400,1,Low_Risk,1.521371944997266,1.1033458669794494,Medium_Risk,0.999999999768594,0.999999999768594,2.3140554773949332e-10,0.0
CUST1803,36,589500,23500,233700,0.39,40.4,2025,36,15.7,4,4,4.1,72500,2,High_Risk,-2.0502730936645603,-0.21297865204934385,Medium_Risk,0.993305789266728,1.4051607643756122e-06,0.006692805572507724,0.993305789266728
CUST1804,37,1408800,53100,1524800,0.22,40.6,3384,36,2.2,0,1,17.3,673000,0,Medium_Risk,1.8297701658363668,-0.9568245962013116,Low_Risk,0.9865174861374372,0.013482513862563496,0.9865174861374372,3.675566150299107e-76
CUST1805,41,1652300,89700,1035900,0.41,31.7,4068,18,0.0,0,2,7.9,749600,0,Medium_Risk,2.117590119210904,-0.21713736495464767,Medium_Risk,0.9914503451379577,0.00854965486204159,0.9914503451379577,2.9935918741865237e-64
CUST1806,21,410000,25900,66800,0.58,66.6,3320,37,28.6,6,3,2.7,15900,2,High_Risk,-3.725504511908059,1.0443519681583,High_Risk,0.9999539330651785,2.128407131109774e-12,4.606693269331214e-05,0.9999539330651785
CUST1807,56,1064000,37550,816300,0.54,59.7,2096,25,7.4,3,4,6.2,715500,0,Medium_Risk,-0.7341389511405556,0.2187334168586398,Medium_Risk,0.9998872757251529,0.00011272427484709498,0.9998872757251529,3.77718878784878e-64
CUST1808,41,972800,45350,456600,0.43,49.4,3240,29,18.3,3,3,6.6,335900,0,Medium_Risk,-0.9691063755338297,0.3030285912600945,Medium_Risk,0.9998071715726181,0.0001928247720875264,0.9998071715726181,3.6552942988216587e-09
CUST1809,32,362000,23750,39500,0.64,65.6,3276,27,15.8,4,4,3.5,6100,2,High_Risk,-2.7519862099165207,0.12521301618962258,High_Risk,0.9983211305244334,3.4281230227523216e-09,0.0016788660474434003,0.9983211305244334
CUST1810,47,3343100,78550,9868300,0.14,25.7,3320,25,8.2,2,3,17.1,2613300,1,Low_Risk,5.016024637550577,3.4027461969161608,Low_Risk,1.0,1.0,5.4216908231770966e-217,0.0
CUST1811,55,1111300,59550,394300,0.37,50.5,2432,39,0.5,2,3,9.6,104300,2,High_Risk,0.23190629129291598,-0.36636784106702774,Medium_Risk,0.8263173952634001,0.00018353833413106715,0.17349906640246796,0.8263173952634001
CUST1812,58,804300,38000,210700,0.39,64.8,3135,43,4.4,2,1,7.3,200200,2,High_Risk,-0.17037603805042556,-0.6376894730041117,Medium_Risk,0.6089806031236439,5.480676477937101e-05,0.39096459011157664,0.6089806031236439
CUST1813,33,393700,19450,73300,0.7,86.7,1276,48,16.4,4,3,3.4,22100,2,High_Risk,-3.7540749773224382,0.46896103219569013,High_Risk,0.9998594692761651,2.2174790674703817e-11,0.00014053070165996303,0.9998594692761651
CUST1814,44,1029700,41600,1097800,0.48,45.7,3821,34,7.3,2,3,16.0,358600,0,Medium_Risk,0.14063201757634392,-0.2676908420966792,Medium_Risk,0.9964470190955673,0.0035529809044322833,0.9964470190955673,1.7015847670946202e-37
CUST1815,48,3035500,109700,3380500,0.23,15.4,7913,28,0.0,0,1,18.5,1429500,1,Low_Risk,5.312146271706711,1.3115696857381267,Low_Risk,0.9999999994991811,0.9999999994991811,5.008191377033502e-10,0.0
CUST1816,50,2110000,60100,2754500,0.13,19.6,7954,28,0.0,0,0,12.6,863100,1,Low_Risk,4.259648573816301,-0.30450183942971437,Low_Risk,0.9999999722841547,0.9999999722841547,2.7715845632996766e-08,3.210025150929046e-281
CUST1817,42,2722900,110550,2747700,0.19,31.2,3830,29,4.5,0,0,10.4,3133600,1,Low_Risk,4.141690725994701,1.5407458199155784,Low_Risk,1.0,1.0,1.3020216329701715e-24,0.0
CUST1818,50,1256100,35350,1458200,0.21,37.8,2857,38,5.7,1,1,17.0,1143600,1,Low_Risk,1.5578019951461795,-0.8914321429465449,Low_Risk,0.6865743374122577,0.6865743374122577,0.3134256625877419,5.5334458182706454e-185
CUST1819,38,1209800,32150,2034300,0.33,39.6,5612,28,19.7,3,2,16.4,743600,1,Low_Risk,0.5876452294501819,0.3372386578646652,Low_Risk,0.9992493390795886,0.9992493390795886,0.0007506609204103925,4.280509953873308e-185
CUST1820,41,3618800,160600,7707000,0.22,26.1,5750,25,10.3,2,2,14.6,11416700,1,Low_Risk,7.466902714980758,7.473714338934287,Low_Risk,1.0,1.0,0.0,0.0
CUST1821,38,2978700,80800,6529800,0.15,47.7,3592,25,2.1,1,0,6.6,789600,1,Low_Risk,3.865835212540218,1.5339572198453362,Low_Risk,1.0,1.0,4.1563930830227185e-91,0.0
CUST1822,35,2259400,96100,2605600,0.29,34.9,5336,26,5.0,0,3,17.5,1849800,1,Low_Risk,3.08834687644919,1.2080289592334539,Low_Risk,0.9999999728531094,0.9999999728531094,2.714689076827076e-08,0.0
CUST1823,32,781100,43150,269200,0.46,67.8,2743,19,15.8,5,3,2.1,33900,2,High_Risk,-1.9546698645318579,0.371785203035222,High_Risk,0.9688813572245129,1.827079233779769e-07,0.031118460067563733,0.9688813572245129
CUST1824,50,1958000,79550,2360300,0.14,5.1,3066,32,0.0,0,0,22.0,1983200,1,Low_Risk,4.220023961731717,-0.6234239626656594,Low_Risk,0.9999999661761502,0.9999999661761502,3.382384922511034e-08,0.0
CUST1825,57,1309700,77300,463000,0.44,68.4,4198,39,10.5,2,3,19.3,145200,0,Medium_Risk,0.4279921198139932,0.6687921751378068,Medium_Risk,0.9226488041011304,0.004622424498069072,0.9226488041011304,0.07272877140080126
CUST1826,41,1077400,71400,387100,0.55,84.1,2474,39,21.4,4,4,10.2,200700,0,Medium_Risk,-2.080223241120116,1.739783015287988,High_Risk,0.989117131202781,1.0432511530147865e-05,0.989117131202781,0.010872436285689643
CUST1827,31,1176800,38150,1455800,0.18,23.5,2780,17,0.0,0,1,12.7,344500,0,Medium_Risk,1.889150169856316,-2.0968744261809187,Low_Risk,0.9835194724599878,0.016480527540011575,0.9835194724599878,3.0709841760233855e-62
CUST1828,25,1604400,87100,1247100,0.09,25.8,2541,38,0.0,0,0,3.1,2072000,1,Low_Risk,2.2518056292188384,-0.19317880560051556,Low_Risk,0.9999999999803215,0.9999999999803215,1.967788284582716e-11,0.0
CUST1829,45,2483500,66700,4102600,0.34,13.3,4923,20,0.0,0,2,21.3,657600,1,Low_Risk,3.9883756814055173,-0.017385873552303262,Low_Risk,1.0,1.0,1.6747300006084498e-22,0.0
CUST1830,49,874000,45250,914400,0.47,59.7,5060,34,13.6,1,1,21.0,437300,0,Medium_Risk,0.6688644958929404,-0.37844185744240627,Medium_Risk,0.9707532646546777,0.029246735345322544,0.9707532646546777,2.8071570350320756e-40
CUST1831,35,1076300,29800,1021900,0.39,52.6,3937,47,5.2,0,2,7.9,299500,0,Medium_Risk,-0.07497051690633011,-0.61096629156155,Low_Risk,0.9975711054766038,0.0024288945233953774,0.9975711054766038,5.345020998250291e-24
CUST1832,30,791700,52750,194400,0.58,81.5,1402,41,28.0,6,4,0.5,117800,2,High_Risk,-3.8819515726414626,1.9997412971992736,High_Risk,0.9944107901404394,1.275256754823683e-10,0.005589209732034989,0.9944107901404394
CUST1833,28,1494400,41200,1107200,0.25,42.3,5513,25,8.9,0,0,4.9,445800,0,Medium_Risk,1.353054697253464,-0.8233206253864686,Low_Risk,0.969302252165538,0.030697747834461327,0.969302252165538,2.5951328045326014e-28
CUST1834,36,1015700,49300,534400,0.39,40.9,3420,29,2.6,2,3,5.0,486300,0,Medium_Risk,-0.00486526762364657,-0.45009298285879223,Medium_Risk,0.9997230018890518,0.0002769981109482464,0.9997230018890518,5.121888191942754e-26
CUST1835,49,972700,27650,658600,0.21,11.6,1687,16,0.0,0,1,12.9,278100,0,Medium_Risk,1.855638684038185,-2.7841490799321824,Low_Risk,0.9968870816344416,0.0031097455665682395,0.9968870816344416,3.172798990924957e-06
CUST1836,56,1773800,85700,755000,0.34,30.9,3761,33,1.7,0,0,21.6,1968400,1,Low_Risk,3.2510187694897215,-0.30426765442293774,Low_Risk,0.999999999801318,0.999999999801318,1.9868187800768328e-10,0.0
CUST1837,25,717300,55200,99200,0.58,77.4,1852,33,28.2,5,3,0.5,114700,2,High_Risk,-3.3849781858487797,1.480359236630019,High_Risk,0.9280956321724431,9.208860727226506e-09,0.07190435861869546,0.9280956321724431
CUST1838,43,850000,39450,190300,0.6,54.6,4086,38,4.0,0,4,9.3,61900,2,High_Risk,-0.6127950906729469,-0.4991149435401189,Medium_Risk,0.9779579565876002,6.258774087352096e-07,0.022041417534991236,0.9779579565876002
CUST1839,36,2198000,76200,2317000,0.15,17.8,8058,30,0.7,0,3,16.8,294900,1,Low_Risk,3.491604158184885,0.15366369202932767,Low_Risk,0.9824985537598664,0.9824985537598664,0.01750144624013304,2.0742483695739935e-175
CUST1840,52,2053400,91450,585300,0.26,22.9,7705,40,0.0,1,1,5.4,823500,0,Medium_Risk,2.928890459728427,0.5661902520986226,Low_Risk,0.9790602645074254,0.0209397354925741,0.9790602645074254,1.9905884956949002e-103
CUST1841,35,219400,12750,19200,0.71,95.0,1556,26,20.7,5,4,10.2,7100,2,High_Risk,-3.775383619376501,0.29946855350319157,High_Risk,0.9997005742280602,4.7279956057281706e-11,0.0002994257246600099,0.9997005742280602
CUST1842,49,613500,29900,169800,0.44,44.8,3778,32,8.5,2,2,12.7,167600,0,Medium_Risk,-0.17180462309472455,-1.0456514165038295,Medium_Risk,0.6876707243253191,0.00037888047079888166,0.6876707243253191,0.3119503952038818
CUST1843,43,1458800,47450,1195100,0.34,34.9,4128,20,0.3,3,3,7.5,1918700,1,Low_Risk,1.2778320802807155,0.13342658718659461,Low_Risk,0.9999999621030511,0.9999999621030511,3.7896949925571866e-08,0.0
CUST1844,52,1667700,80600,1085900,0.27,18.3,4179,25,0.0,0,4,18.2,283800,0,Medium_Risk,2.518212760881525,-0.5522962896058218,Low_Risk,0.9859707709463401,0.01402922905366073,0.9859707709463401,2.1510801810250393e-18
CUST1845,39,711400,34050,208400,0.39,41.8,2246,40,9.8,1,1,5.7,391000,0,Medium_Risk,-0.4884467556358625,-1.0574878727615398,Medium_Risk,0.9995731183189313,0.00042688168106834435,0.9995731183189313,2.186758905165698e-20
CUST1846,42,2084000,82400,1448200,0.12,22.5,5519,31,0.0,0,2,11.1,216400,0,Medium_Risk,2.98808929090157,-0.27718871658910305,Low_Risk,0.9128444525273459,0.08715554747265371,0.9128444525273459,2.1783360486696655e-43
CUST1847,45,826900,27750,557200,0.47,65.7,2589,32,21.5,4,3,8.9,239600,0,Medium_Risk,-1.8033074606234931,0.41731239148682464,Medium_Risk,0.999789013563584,0.00017205490584443377,0.999789013563584,3.893153057091157e-05
CUST1848,46,439100,34750,27000,0.58,78.1,2288,40,23.1,5,5,8.2,8500,2,High_Risk,-3.271301510350771,1.1298889027309935,High_Risk,0.9973554402557309,7.345198857725152e-09,0.0026445523990706525,0.9973554402557309
CUST1849,34,484000,35850,52900,0.62,84.4,1974,44,14.5,2,3,4.9,16600,2,High_Risk,-2.702736021887454,0.20349180990587407,High_Risk,0.9925976375838547,2.4613887342753852e-08,0.0074023378022581654,0.9925976375838547
CUST1850,23,616600,36500,180000,0.45,27.2,3101,30,1.0,1,3,0.5,131200,2,High_Risk,-0.6773957904481189,-1.3022038461353425,Medium_Risk,0.9448151281886797,8.628696553443549e-06,0.055176243114766425,0.9448151281886797
CUST1851,21,200000,11850,19600,0.65,44.8,2465,23,9.7,1,5,4.8,2400,2,High_Risk,-2.3596242171043933,-1.2009758951798066,High_Risk,0.9994976204144645,3.978557636479478e-08,0.0005023397999588908,0.9994976204144645
CUST1852,51,2901800,100400,5751200,0.05,29.5,3179,16,0.0,0,0,16.2,817600,1,Low_Risk,5.3164585275694325,0.6278726276703788,Low_Risk,1.0,1.0,6.635179103911362e-65,0.0
CUST1853,21,521100,29350,94800,0.82,78.1,3675,39,22.2,4,5,2.1,34600,2,High_Risk,-4.028116863522634,1.3605318187112172,High_Risk,0.9998995651038778,3.5938995326409884e-12,0.0001004348925283623,0.9998995651038778
CUST1854,31,317200,17400,50100,0.59,61.1,2496,30,7.9,2,4,6.9,14200,2,High_Risk,-2.112351719464024,-0.8712636381343829,Medium_Risk,0.9987858355903355,3.953258628783479e-08,0.0012141248770781367,0.9987858355903355
CUST1855,53,1658200,42050,1725100,0.29,28.8,2339,43,6.6,1,1,15.4,456400,1,Low_Risk,1.4900361174272405,-0.6515210884426531,Low_Risk,0.844633294612036,0.844633294612036,0.155366705387964,1.2521274610459475e-74
CUST1856,52,1454900,65650,593400,0.27,48.3,2909,43,3.7,1,2,6.6,303800,0,Medium_Risk,0.7847305666035901,-0.12774890031578306,Medium_Risk,0.9980430130154756,0.001947235367123556,0.9980430130154756,9.751617400037582e-06
CUST1857,34,583800,29900,171000,0.32,69.4,1890,29,11.2,4,0,6.0,35200,2,High_Risk,-1.2147884720068702,-0.9208242868653912,Medium_Risk,0.9983716822765465,1.4904939475777974e-07,0.0016281686740584934,0.9983716822765465
CUST1858,29,516200,27300,129600,0.31,61.3,1700,34,7.3,2,1,4.7,43400,2,High_Risk,-1.1409926737376734,-1.3365574775994156,Medium_Risk,0.9952690188828053,3.488180558080884e-06,0.0047274929366366795,0.9952690188828053
CUST1859,37,509000,19300,509200,0.37,52.4,1715,31,5.1,1,2,17.9,123400,0,Medium_Risk,-0.31001564372529516,-1.8813949523737237,Medium_Risk,0.9976006901939392,0.0013516092001221221,0.9976006901939392,0.0010477006059387423
CUST1860,37,362900,20600,72100,0.7,80.2,1763,39,21.6,5,5,7.4,20800,2,High_Risk,-3.908786558245551,0.8868520333747539,High_Risk,0.9999026205257737,1.6139233863905265e-11,9.737945808702092e-05,0.9999026205257737
CUST1861,28,1320200,75950,817200,0.4,73.4,2012,45,10.5,4,3,0.5,365800,0,Medium_Risk,-1.5797631719706493,1.4896831165765343,Medium_Risk,0.9999548126538116,4.518734618922532e-05,0.9999548126538116,7.009112702377221e-18
CUST1862,37,1135900,23650,1272400,0.15,16.5,2578,26,0.0,0,2,8.0,170700,0,Medium_Risk,1.3475821749270143,-2.102961042518033,Low_Risk,0.9711182615683241,0.028881738431676126,0.9711182615683241,9.333647477745295e-46
CUST1863,59,2239100,129850,908500,0.32,38.7,3288,43,4.1,1,3,5.4,1081400,0,Medium_Risk,2.0350232346582056,1.8071014530364808,Medium_Risk,0.8447684032045014,0.1552315967954977,0.8447684032045014,8.486695361412221e-148
CUST1864,41,599600,34750,94300,0.58,69.8,2823,29,25.1,6,1,4.0,88700,2,High_Risk,-2.4969884667273625,0.6634213822658606,High_Risk,0.9998548277466598,1.7185945394722137e-12,0.00014517225162164924,0.9998548277466598
CUST1865,46,356800,17300,134500,0.51,66.8,1597,44,21.6,5,2,15.7,40500,2,High_Risk,-2.455621743521207,-0.1101891319003864,High_Risk,0.9996562366193713,3.320744016880055e-09,0.00034376005988455904,0.9996562366193713
CUST1866,26,488800,24850,119300,0.38,42.5,3151,25,6.9,1,3,7.3,9300,2,High_Risk,-0.790226937967231,-1.514934562246338,Medium_Risk,0.9942871910182185,1.0837723584227347e-05,0.005701971258197061,0.9942871910182185
CUST1867,21,482000,18650,280500,0.47,21.4,2121,35,3.5,1,3,0.5,95900,2,High_Risk,-1.2635520457518714,-1.595600709782353,Medium_Risk,0.9810306194138781,6.349900720789882e-06,0.018963030685401817,0.9810306194138781
CUST1868,33,360700,20100,73400,0.56,81.4,1651,46,22.5,6,3,5.8,26600,2,High_Risk,-3.8088733795273906,0.7915125510875982,High_Risk,0.9999527376000578,5.088759989165272e-12,4.726239485352033e-05,0.9999527376000578
CUST1869,32,1202800,27950,2605100,0.32,37.1,3190,39,9.8,3,3,10.8,1118100,1,Low_Risk,0.0600820087394335,0.3458456569727296,Low_Risk,0.9999999779970443,0.9999999779970443,2.200295602153432e-08,0.0
CUST1870,37,1314200,54000,2604900,0.24,30.4,4359,41,2.7,2,3,14.3,223100,1,Low_Risk,1.261411050108956,-0.0016938382146515429,Medium_Risk,0.9999999999989662,0.9999999999989662,1.034521157121805e-12,0.0
CUST1871,57,689300,16800,257700,0.3,23.2,1764,20,0.0,3,4,10.7,109800,0,Medium_Risk,0.13839592089683878,-1.84020965301845,Low_Risk,0.6707403225986805,0.002302528906831809,0.6707403225986805,0.32695714849448687
CUST1872,28,1716000,45250,2687100,0.23,27.9,4705,29,0.0,0,2,14.8,1361000,1,Low_Risk,2.422121736329409,-0.4724918967378339,Low_Risk,0.9999850585908833,0.9999850585908833,1.494140911733079e-05,0.0
CUST1873,35,366300,23800,83200,0.7,95.0,1234,41,19.9,5,4,11.0,49700,2,High_Risk,-3.85352354327472,0.7796941575777864,High_Risk,0.9997843532983731,1.6378075359925235e-11,0.00021564668524889737,0.9997843532983731
CUST1874,35,1377300,47850,686000,0.25,17.8,5874,27,0.0,0,2,10.4,154100,0,Medium_Risk,1.927313682797582,-1.3346356960268198,Low_Risk,0.9912920662237881,0.008707623017319154,0.9912920662237881,3.1075889313269255e-07
CUST1875,54,1631000,64350,1089700,0.39,42.1,2643,30,13.7,2,2,16.9,419600,0,Medium_Risk,0.9464558399522002,0.15715669164207482,Low_Risk,0.9771258383526534,0.022874161647347402,0.9771258383526534,1.7864251510820373e-21
CUST1876,34,801900,42450,188000,0.38,66.5,3266,18,18.4,5,3,0.5,74200,2,High_Risk,-1.8166397581502933,0.4559843607696181,High_Risk,0.9949985651524551,2.8892815335127336e-07,0.005001145919391619,0.9949985651524551
CUST1877,37,1353100,73950,629300,0.28,44.5,2833,46,9.7,1,1,2.5,276200,0,Medium_Risk,0.2512534808017302,0.131827657466832,Medium_Risk,0.9980657049043162,0.0019124353474252083,0.9980657049043162,2.1859748259403252e-05
CUST1878,32,810700,31600,254100,0.29,30.6,2457,20,3.0,1,2,7.1,110900,0,Medium_Risk,0.2709955100042076,-1.9034549523905746,Low_Risk,0.6120201795964734,0.002285924376546512,0.6120201795964734,0.3856938960269798
CUST1879,21,657900,33150,100400,0.52,48.7,3390,27,5.9,2,3,0.5,24300,2,High_Risk,-1.4596549326572112,-0.7302341856571539,High_Risk,0.9756956434498868,8.220274333807925e-07,0.02430353452268026,0.9756956434498868
CUST1880,40,1079200,46100,716200,0.31,48.5,2239,26,7.9,1,2,12.1,209200,0,Medium_Risk,0.3710127347754123,-0.9848999982877565,Low_Risk,0.9980128265014491,0.0019737234622205432,0.9980128265014491,1.3450036330512038e-05
CUST1881,21,914200,48700,481400,0.26,45.0,3366,39,7.9,3,2,1.8,134300,0,Medium_Risk,-0.8110151542079952,-0.24343244927559987,Medium_Risk,0.7605033755160935,0.00019600807314609404,0.7605033755160935,0.2393006164107601
CUST1882,39,3324300,81050,4387700,0.31,27.4,4336,39,4.3,0,1,12.9,1610900,1,Low_Risk,3.7203092268141593,1.6469763968697748,Low_Risk,1.0,1.0,6.3254956927557526e-21,0.0
CUST1883,43,1346100,47400,465900,0.22,36.2,3610,23,10.3,3,2,4.1,244600,0,Medium_Risk,0.4243904165255308,-0.3900100710163375,Low_Risk,0.9766197591970037,0.023380240727178248,0.9766197591970037,7.581814127409045e-11
CUST1884,45,564300,31150,166700,0.38,50.8,2079,39,6.3,2,2,7.4,122200,2,High_Risk,-0.7802646512135641,-1.0455242039589603,Medium_Risk,0.9827413880509391,7.77577246653405e-06,0.017250836176594415,0.9827413880509391
CUST1885,45,1289400,63250,1336700,0.41,51.6,1878,44,12.1,4,5,5.9,292300,0,Medium_Risk,-1.20665932494326,1.3784325735795522,Medium_Risk,0.9945575516457349,0.005442448354265653,0.9945575516457349,2.515988641374062e-64
CUST1886,43,1808500,96700,657400,0.27,36.7,4597,33,0.0,0,1,5.1,1293400,1,Low_Risk,2.3744742052640233,0.23999930158187907,Medium_Risk,0.7961056926765341,0.7961056926765341,0.20389430732346664,3.058710762415471e-267
CUST1887,41,516800,28700,47200,0.46,49.4,2311,29,17.1,5,2,0.5,19000,2,High_Risk,-2.0252212547050763,-0.15946293351970578,Medium_Risk,0.9991136253813871,2.581462030735422e-09,0.0008863720371505337,0.9991136253813871
CUST1888,33,908600,53450,219600,0.62,79.0,3084,40,20.6,4,4,2.3,116900,2,High_Risk,-2.8090549569123158,1.5494178791365272,High_Risk,0.985598468300753,1.3108795702867864e-08,0.014401518590451145,0.985598468300753
CUST1889,56,1308500,45600,732900,0.31,17.8,3375,30,0.0,0,1,12.1,611500,0,Medium_Risk,2.104940405161348,-1.551419912584066,Low_Risk,0.9995125122449194,0.00048748775508025195,0.9995125122449194,4.747091185533627e-39
CUST1890,34,564400,34400,105100,0.77,73.4,2968,39,15.3,2,3,8.1,48900,2,High_Risk,-2.4278597378895137,0.20662708975671665,High_Risk,0.9996271627938756,3.299584583611396e-10,0.0003728368761657255,0.9996271627938756
CUST1891,44,435800,26800,47800,0.67,66.4,1792,33,19.0,4,4,6.4,16200,2,High_Risk,-2.8748133381859087,0.30093589437432694,High_Risk,0.9995854877739742,4.2632357180621836e-10,0.0004145117997022951,0.9995854877739742
CUST1892,31,226900,15000,33500,0.74,89.2,1713,45,24.8,6,4,7.4,13500,2,High_Risk,-4.604781194806778,1.104167605655936,High_Risk,0.9999871109092456,3.6550974025902993e-14,1.2889090717737934e-05,0.9999871109092456
CUST1893,38,562100,26900,193600,0.62,67.3,5082,17,8.2,1,4,12.7,26700,2,High_Risk,-0.8139201474539637,-0.7503690549979448,Medium_Risk,0.9653471463623856,9.918961470466569e-06,0.03464293467614339,0.9653471463623856
CUST1894,43,584400,37200,39200,0.57,59.2,2504,37,16.1,4,3,3.2,59800,2,High_Risk,-2.216310871541102,0.3160866803327828,High_Risk,0.9984672674771313,3.4644647447884765e-09,0.001532729058403833,0.9984672674771313
CUST1895,42,1880700,69150,1977700,0.22,37.3,3765,18,7.8,0,0,8.9,1612300,1,Low_Risk,2.731553848994345,-0.13980370032565645,Low_Risk,0.9994364670584073,0.9994364670584073,0.0005635329415934959,0.0
CUST1896,43,553200,34200,151600,0.68,50.7,3663,17,11.8,1,3,13.2,78600,2,High_Risk,-0.6769316187807753,-0.9357023993235196,Medium_Risk,0.9934321982643869,2.640242094413901e-07,0.006567537711403779,0.9934321982643869
CUST1897,31,532800,27600,173100,0.77,95.0,3736,41,23.3,5,4,1.4,105000,2,High_Risk,-4.024424396788104,1.6644115563036894,High_Risk,0.9957294755958229,5.099171372945624e-11,0.004270524353184924,0.9957294755958229
CUST1898,38,1340400,47100,1099500,0.05,14.1,3581,25,0.0,1,0,4.0,543700,0,Medium_Risk,2.1981116005932173,-1.6485908482619827,Low_Risk,0.996443055319445,0.003556944680555412,0.996443055319445,3.670356569189419e-35
CUST1899,50,879600,37700,271100,0.53,40.1,3289,26,4.9,0,2,11.2,190700,2,High_Risk,0.440119126129315,-1.3495259711790604,Medium_Risk,0.5594180204161188,2.55467570818982e-05,0.4405564328267999,0.5594180204161188
CUST1900,42,504700,35300,43600,0.75,76.3,1462,42,26.1,4,5,0.5,18600,2,High_Risk,-4.025311869487826,1.42117133686132,High_Risk,0.9997628176540969,1.9157623219536455e-11,0.0002371823267453802,0.9997628176540969
CUST1901,31,2906700,97700,2557800,0.14,5.0,7630,17,0.0,1,1,2.1,626900,1,Low_Risk,4.139836514514934,0.7055611400228646,Low_Risk,0.9999345354890402,0.9999345354890402,6.54645109614143e-05,1.2432740017437022e-169
CUST1902,30,1220900,38500,495900,0.41,29.9,5938,46,0.5,0,2,9.2,147900,0,Medium_Risk,0.6979907852339118,-0.8773098705802667,Low_Risk,0.9841087437793834,0.015891217370599977,0.9841087437793834,3.885001593664416e-08
CUST1903,41,1287800,70250,605800,0.35,49.7,3731,37,9.5,2,3,6.3,1229500,1,Low_Risk,0.209899396955907,0.788292340391982,Medium_Risk,0.8688201206941162,0.8688201206941162,0.1311798793058845,4.5401721769173106e-253
CUST1904,39,1264300,34050,1026500,0.21,17.4,2963,25,0.0,2,2,7.9,298600,0,Medium_Risk,1.163933358258303,-1.4557048824284113,Low_Risk,0.9951357338332568,0.004864266166742776,0.9951357338332568,7.186325936051069e-19
CUST1905,33,555800,32900,184100,0.61,77.3,2081,44,20.4,2,4,10.4,60300,2,High_Risk,-2.7636236593383776,0.41280492297033505,High_Risk,0.999297383877225,1.204637620247977e-08,0.0007026040763988555,0.999297383877225
CUST1906,31,2642900,96000,2483600,0.14,5.0,3999,33,7.0,2,2,1.2,808200,1,Low_Risk,2.4458107243539464,1.1906651708365248,Low_Risk,0.9988298771714321,0.9988298771714321,0.0011701228285686922,9.553229898872222e-165
CUST1907,21,307100,20100,30400,0.67,93.0,2341,37,22.2,5,4,0.5,10300,2,High_Risk,-4.3853914188812055,0.9862194159084269,High_Risk,0.9998494722433425,5.72329776458166e-12,0.00015052775093428802,0.9998494722433425
CUST1908,26,693800,36850,188300,0.43,48.9,4180,28,5.9,1,1,5.8,67200,2,High_Risk,-0.2717438996800939,-1.2347341839026613,Medium_Risk,0.9917580644477703,2.619523016265065e-06,0.008239316029213324,0.9917580644477703
CUST1909,32,696000,47650,99900,0.65,73.3,1405,41,12.6,4,3,0.5,65000,2,High_Risk,-2.8424929886227184,0.6709904232174274,High_Risk,0.9876592624272444,3.6313987826222453e-09,0.01234073394135669,0.9876592624272444
CUST1910,55,809100,16850,617000,0.16,18.5,2921,35,0.0,0,1,17.7,128400,0,Medium_Risk,1.7345670845592152,-2.6650828353496783,Low_Risk,0.990744238785968,0.009175984227177891,0.990744238785968,7.977698685450902e-05
CUST1911,46,619000,30150,272900,0.35,57.5,1810,30,13.3,2,1,15.9,91300,2,High_Risk,-0.40046348094551903,-1.2788368298883845,Medium_Risk,0.9907777925035002,1.4394157947086223e-05,0.009207813338552851,0.9907777925035002
CUST1912,44,461600,28900,28200,0.66,60.7,1827,55,16.0,5,5,4.3,12000,2,High_Risk,-3.501805547882617,0.976069294125431,High_Risk,0.9998335790952555,7.308969065704611e-11,0.00016642083165490973,0.9998335790952555
CUST1913,30,466500,28350,67400,0.67,82.0,1516,47,11.4,3,5,3.8,15800,2,High_Risk,-3.50829745784976,0.5063770549779313,High_Risk,0.9993644711115132,4.740695331943929e-10,0.0006355284144174342,0.9993644711115132
CUST1914,30,1057700,33800,738100,0.28,45.6,4566,23,9.7,2,1,10.4,205300,0,Medium_Risk,0.44463872196872817,-0.97649127230769,Low_Risk,0.9967657370689118,0.003233921817280554,0.9967657370689118,3.4111380806717613e-07
CUST1915,49,2112700,44000,6936600,0.05,5.8,4729,25,0.0,0,0,12.8,2698600,1,Low_Risk,5.2491809815988795,0.36739029870484563,Low_Risk,1.0,1.0,7.930091755787842e-128,0.0
CUST1916,51,1199200,51250,518400,0.62,78.2,3346,36,12.0,2,3,9.3,995300,0,Medium_Risk,-0.8054670236218431,0.9311002898334811,Medium_Risk,0.9982384398677998,0.0017615601321996866,0.9982384398677998,2.3475648294307146e-158
CUST1917,25,926100,51450,405900,0.61,91.7,1581,47,21.9,4,3,3.7,133300,2,High_Risk,-3.308010398628583,1.5334968106575333,High_Risk,0.8890236642515819,7.718545504979884e-08,0.11097625856296345,0.8890236642515819
CUST1918,40,1491700,73600,774300,0.38,34.5,4548,29,8.3,0,1,10.2,901900,0,Medium_Risk,1.6337395885531063,-0.18299024241713635,Low_Risk,0.9887467371567488,0.01125326284325188,0.9887467371567488,6.252047935678663e-106
CUST1919,25,936000,64250,424100,0.64,74.4,1168,27,23.1,4,4,0.5,320500,0,Medium_Risk,-2.947488612605002,1.491676795603693,High_Risk,0.9999990381342493,9.61845669069955e-07,0.9999990381342493,2.008167166255044e-11
CUST1920,63,1004100,32200,446800,0.32,29.0,2873,36,0.0,0,0,18.5,199600,0,Medium_Risk,1.8754076201446614,-2.2165109271305594,Low_Risk,0.9788284287285987,0.0030313095672823576,0.9788284287285987,0.018140261704119143
CUST1921,38,974500,49950,313800,0.42,60.5,4389,44,11.5,3,3,4.4,97300,2,High_Risk,-1.1408329790681955,0.582647307072907,Medium_Risk,0.9551935649412749,6.204788428354903e-06,0.044800230270296865,0.9551935649412749
CUST1922,54,1454500,39700,1753100,0.21,30.6,4091,24,0.0,0,1,18.4,333500,0,Medium_Risk,2.7078649565570223,-1.5884723990806318,Low_Risk,0.5286629363959758,0.47133706360402333,0.5286629363959758,2.217600603242875e-97
CUST1923,37,623000,44950,63400,0.77,79.7,5665,41,14.5,3,5,8.0,29400,2,High_Risk,-2.450283599773298,1.2632410041287465,High_Risk,0.9069663488674101,2.409077470040173e-07,0.09303341022484198,0.9069663488674101
CUST1924,35,916400,33700,692200,0.33,58.7,3340,38,2.1,1,1,6.8,45700,0,Medium_Risk,-0.01033091333371123,-1.1023330985837212,Medium_Risk,0.9988463919803895,0.0011536080181420378,0.9988463919803895,1.4683211701750044e-12
CUST1925,41,1223100,69950,370700,0.06,5.0,4588,36,0.0,1,2,9.4,244900,0,Medium_Risk,2.0952422750097854,-1.171361948112164,Low_Risk,0.9751160952005856,0.024781021413994405,0.9751160952005856,0.00010288338541986521
CUST1926,48,868700,37950,325000,0.51,76.2,1486,58,13.7,3,3,6.0,209600,0,Medium_Risk,-2.2416719282707676,0.7021882728331117,Medium_Risk,0.8120946199676639,5.480664083062244e-05,0.8120946199676639,0.18785057339150604
CUST1927,24,1429900,70100,1292500,0.5,68.8,2879,39,21.5,3,4,5.5,226500,0,Medium_Risk,-1.7381284087931452,1.8333758683471952,Medium_Risk,0.9997473100284855,0.00025268997151392666,0.9997473100284855,8.761351315585103e-51
CUST1928,62,1789000,82600,963000,0.1,51.1,4392,31,0.9,0,0,14.9,486700,0,Medium_Risk,3.1579304384344513,-0.5861556370708493,Medium_Risk,0.9939640821562713,0.00603591784372822,0.9939640821562713,6.5379741307854226e-18
CUST1929,61,1468400,40550,995100,0.25,5.0,3479,20,0.5,0,1,18.8,971000,0,Medium_Risk,3.1165236881042753,-1.928518788395735,Low_Risk,0.9811999888722651,0.018800011127735668,0.9811999888722651,3.925713548251367e-122
CUST1930,35,1744900,63100,3261800,0.51,69.2,3094,45,11.0,1,3,7.2,619800,1,Low_Risk,-0.04100598442460044,1.6535536938825925,Medium_Risk,1.0,1.0,1.0807793509689993e-17,0.0
CUST1931,42,1005400,52350,641300,0.44,57.6,3365,15,21.4,6,3,5.0,726800,0,Medium_Risk,-1.235612882799479,1.1218841970010667,Medium_Risk,0.9999632922632706,3.670773672943856e-05,0.9999632922632706,4.54372667184719e-73
CUST1932,34,636500,38650,154200,0.71,77.9,2493,47,18.8,3,5,12.3,80400,2,High_Risk,-3.045844848757938,0.9746609980548722,High_Risk,0.9991828533196608,3.4521717781800853e-09,0.0008171432281675003,0.9991828533196608
CUST1933,39,748600,40550,366400,0.49,67.4,2106,50,12.3,4,4,10.8,99900,2,High_Risk,-2.158232488020398,0.5794327484274945,High_Risk,0.9882453850223547,3.290690671169087e-07,0.011754285908578167,0.9882453850223547
CUST1934,29,565200,33900,75900,0.46,37.0,2381,29,1.4,1,4,3.2,62000,2,High_Risk,-0.988440498217517,-1.2568639041426704,Medium_Risk,0.9904441589817311,1.5687580496053413e-06,0.009554272260218962,0.9904441589817311
CUST1935,25,1172600,59900,588500,0.3,34.5,3801,28,12.6,2,2,0.5,207600,0,Medium_Risk,-0.1601836287780993,-0.08963094501624388,Medium_Risk,0.9974649362522087,0.0007622290356071195,0.9974649362522087,0.0017728347121842324
CUST1936,48,2651500,91250,3077500,0.25,5.3,5763,49,0.0,0,3,20.1,2178300,1,Low_Risk,4.057682545267803,1.391616182811455,Low_Risk,0.9999999999869829,0.9999999999869829,1.3016223432032395e-11,0.0
CUST1937,35,319900,20550,39700,0.9,89.9,2700,27,28.9,5,5,9.8,48700,2,High_Risk,-4.284871472844058,1.2676667647867572,High_Risk,0.9999682936981721,8.448562483273831e-14,3.1706301743711897e-05,0.9999682936981721
CUST1938,42,1000600,49450,478500,0.5,95.0,3756,56,27.9,6,2,6.2,69200,0,Medium_Risk,-2.9027817443645008,2.2568252869518997,High_Risk,0.8865729790153274,5.197567810851837e-07,0.8865729790153274,0.11342650122789107
CUST1939,50,913000,32850,278000,0.43,22.2,5978,34,0.0,0,3,8.4,68900,0,Medium_Risk,0.9895442140843428,-1.2855443270561233,Medium_Risk,0.9372976098390948,0.0003199168062966155,0.9372976098390948,0.06238247335460897
CUST1940,33,621900,29400,209200,0.56,55.4,3888,34,9.7,2,2,7.8,155200,2,High_Risk,-1.135389094803678,-0.6064389360438175,Medium_Risk,0.8625573933690545,5.649545931130535e-06,0.13743695708501488,0.8625573933690545
CUST1941,46,622500,40200,67600,0.74,95.0,1385,54,19.3,5,5,2.6,41900,2,High_Risk,-4.138955420100908,1.8586481858925625,High_Risk,0.9995997954330048,4.482411877633039e-12,0.00040020456251316434,0.9995997954330048
CUST1942,36,1156900,49450,1308500,0.15,15.9,1987,37,4.4,1,0,7.7,1072600,1,Low_Risk,1.4988845280336571,-1.2009432302410106,Low_Risk,0.6541476037578969,0.6541476037578969,0.34585239624210323,6.251130097964284e-165
CUST1943,30,782800,52100,171800,0.43,36.2,4486,38,9.2,3,3,2.5,344600,0,Medium_Risk,-0.868189675021113,0.12408057706700508,Medium_Risk,0.9997107688808654,0.00028923111913435726,0.9997107688808654,3.254215422998409e-17
CUST1944,36,504500,28000,89800,0.64,73.1,1718,41,19.3,5,5,2.7,26500,2,High_Risk,-3.7067164214597996,0.9969133573409329,High_Risk,0.999755892224652,6.808362912537554e-11,0.0002441077072644685,0.999755892224652
CUST1945,37,713200,41300,157500,0.71,70.1,1898,35,24.7,7,5,0.5,161700,2,High_Risk,-3.9679331561062217,1.920909847609097,High_Risk,0.9768044303699533,1.0277157641557411e-11,0.023195569619769135,0.9768044303699533
CUST1946,54,1874900,55150,3345200,0.12,18.7,3911,19,0.3,2,2,22.2,1822500,1,Low_Risk,3.744249630695529,-0.21964557561325493,Low_Risk,0.9999999999999734,0.9999999999999734,2.6562499088231177e-14,0.0
CUST1947,26,524600,26600,121700,0.49,74.1,2812,25,10.3,2,2,3.1,52100,2,High_Risk,-1.724200963577429,-0.7546793856138506,Medium_Risk,0.9978000261861232,1.2850583433251425e-07,0.002199845308042714,0.9978000261861232
CUST1948,28,289000,17800,30100,0.41,55.2,1898,36,10.2,3,3,4.8,4100,2,High_Risk,-2.1466348840930256,-0.9281833771461859,High_Risk,0.9953135002450519,1.1517954149979706e-06,0.004685347959533036,0.9953135002450519
CUST1949,25,487700,33200,64100,0.76,76.4,2239,29,21.1,4,5,0.5,21300,2,High_Risk,-3.832887635686717,0.97483998243726,High_Risk,0.9997932202200268,1.0480882847192416e-11,0.00020677976949231316,0.9997932202200268
CUST1950,43,897500,41650,178900,0.27,62.5,2868,43,2.0,0,1,3.9,87900,2,High_Risk,0.061398187828866094,-1.1324918734539882,Medium_Risk,0.8297297595518324,8.140302508464945e-05,0.1701888374230827,0.8297297595518324
CUST1951,53,931700,35750,780500,0.38,28.7,3711,35,14.8,1,1,21.5,395100,0,Medium_Risk,0.989511694870201,-1.084750472053746,Low_Risk,0.9962752370506079,0.003724762949391543,0.9962752370506079,3.1948874198154527e-18
CUST1952,37,746800,27200,430200,0.22,37.8,2802,33,3.2,1,1,6.8,101700,2,High_Risk,0.3149717007108042,-1.7933445176929983,Medium_Risk,0.7926022372770342,0.0004963542214297784,0.206901408501536,0.7926022372770342
CUST1953,39,1213900,48000,471200,0.4,16.2,3414,41,5.0,1,2,5.9,530800,0,Medium_Risk,0.5024193663813071,-0.682503152003784,Low_Risk,0.9984548539231438,0.001545146076856185,0.9984548539231438,3.2078019705166066e-36
CUST1954,40,2403100,91850,5108100,0.19,14.1,2535,39,7.2,1,1,17.9,1002600,1,Low_Risk,3.4740213704672187,1.078472223244958,Low_Risk,1.0,1.0,4.003354060184592e-51,0.0
CUST1955,36,1102000,33700,903100,0.29,35.4,3407,18,8.2,1,2,8.7,131500,0,Medium_Risk,0.629158602227906,-1.280869682809143,Low_Risk,0.9937425452765102,0.006257454723489665,0.9937425452765102,1.8726404976206237e-17
CUST1956,37,784900,40750,406500,0.41,51.4,4796,42,12.1,3,2,15.1,136900,0,Medium_Risk,-0.49371679246689193,-0.15987932869970167,Medium_Risk,0.5831429650847856,0.0008249612507590547,0.5831429650847856,0.416032073664456
CUST1957,45,1570200,44750,1719900,0.18,13.6,2222,23,2.3,0,3,16.4,915100,0,Medium_Risk,2.216263290952034,-1.2584632637011874,Low_Risk,0.9525162082769579,0.04748379172304147,0.9525162082769579,2.549101886705155e-119
CUST1958,29,571500,37350,108800,0.51,84.3,3979,40,28.8,7,5,6.4,19700,2,High_Risk,-3.837410030784014,2.019711983528942,High_Risk,0.9998589308429164,4.824167492731758e-11,0.00014106910884174607,0.9998589308429164
CUST1959,37,1252100,67150,282700,0.34,32.6,2410,38,14.0,2,3,4.9,121600,0,Medium_Risk,-0.4284357403900276,0.17378136757420407,Medium_Risk,0.9925653991064813,0.00696145078146861,0.9925653991064813,0.00047315011204971134
CUST1960,21,375000,21650,53300,0.68,70.9,1130,35,13.6,4,5,0.5,17100,2,High_Risk,-3.860553577547459,0.2766474664315539,High_Risk,0.9996752429025538,8.362852012403708e-11,0.0003247570138177015,0.9996752429025538
CUST1961,56,2209400,106750,1904800,0.26,55.0,6380,22,12.0,3,2,19.7,1542700,1,Low_Risk,2.9231241810322186,1.949803690385363,Medium_Risk,0.9999717964341741,0.9999717964341741,2.8203565826630837e-05,0.0
CUST1962,48,1195900,48650,468400,0.29,28.8,7697,33,0.0,1,3,10.3,198900,0,Medium_Risk,1.6735318817735108,-0.5962904965318273,Low_Risk,0.9865476362109327,0.013375668492699425,0.9865476362109327,7.66952963677087e-05
CUST1963,43,1497800,72300,819700,0.48,46.2,5305,40,13.6,3,3,8.8,537100,0,Medium_Risk,0.040179906094335915,1.3321905154801763,Medium_Risk,0.9994848200550421,0.0005151799449581054,0.9994848200550421,4.9821774648421775e-29
CUST1964,26,633900,24700,421400,0.37,42.4,1941,34,7.0,2,3,3.7,53000,0,Medium_Risk,-1.3107575392604498,-1.0532809736793884,Medium_Risk,0.7549284153001393,0.0003088976376064968,0.7549284153001393,0.2447626870622545
CUST1965,21,361100,17300,53100,0.69,80.6,2006,47,26.1,5,4,0.5,18400,2,High_Risk,-4.660633981392184,1.1701325637031832,High_Risk,0.9999481955934053,2.725315322409101e-12,5.180440386936162e-05,0.9999481955934053
CUST1966,34,1214000,43400,656600,0.39,67.1,3370,39,11.8,4,1,2.1,176400,0,Medium_Risk,-1.0750467320631054,0.4351224960141308,Medium_Risk,0.999770787869858,0.00022126920964983258,0.999770787869858,7.942920492666667e-06
CUST1967,57,985500,62000,381000,0.69,64.3,2063,35,20.4,4,5,13.5,470900,0,Medium_Risk,-1.7989626149314493,1.4814239908016034,High_Risk,0.9999979466037395,2.0533962600368846e-06,0.9999979466037395,1.6842778497641745e-25
CUST1968,42,613400,40000,74400,0.66,75.1,2279,33,23.8,5,4,11.5,30900,2,High_Risk,-2.8831150947596598,0.9824423411383146,High_Risk,0.9990777617232558,5.129869024325323e-10,0.0009222377637574204,0.9990777617232558
CUST1969,33,599300,38300,113500,0.71,92.8,1942,33,11.8,3,3,4.9,41400,2,High_Risk,-2.738653148820274,0.3405627366818848,High_Risk,0.9962494408889766,9.861896240177466e-10,0.003750558124833535,0.9962494408889766
CUST1970,42,889200,45650,433200,0.6,67.3,3282,31,17.1,2,3,22.2,25500,0,Medium_Risk,-0.8521512703483218,-0.03454371059274457,Medium_Risk,0.9492783599276123,0.0006490086697915125,0.9492783599276123,0.0500726314025967
CUST1971,38,499200,32900,56400,0.75,95.0,3052,42,21.6,8,4,4.8,33400,2,High_Risk,-4.255059563324439,1.9815894204475983,High_Risk,0.9999805662797987,3.3283560183786945e-16,1.9433720200863456e-05,0.9999805662797987
CUST1972,37,1066600,56750,503000,0.55,68.6,3729,26,7.3,3,4,2.3,66600,0,Medium_Risk,-1.1957464342677742,0.6143293253484626,High_Risk,0.9999474889683999,1.9549760508683144e-05,0.9999474889683999,3.296127109216483e-05
CUST1973,27,971200,22950,1093600,0.31,33.5,2548,30,1.5,0,2,12.2,395900,0,Medium_Risk,0.5365544386275314,-1.793242682809602,Low_Risk,0.9978173057259974,0.0021826942740026983,0.9978173057259974,3.048132859608658e-29
CUST1974,21,422000,18750,109200,0.69,69.6,1632,36,14.5,4,4,0.5,20700,2,High_Risk,-3.6462328260150842,0.20089594218922996,High_Risk,0.9997086184463614,6.775401344386089e-11,0.0002913814858845716,0.9997086184463614
CUST1975,46,924600,38000,490400,0.3,46.3,2531,25,4.0,1,1,11.7,106300,0,Medium_Risk,0.7209541440375209,-1.6039728987288817,Low_Risk,0.6451195894898188,0.001383164107550559,0.6451195894898188,0.3534972464026304
CUST1976,39,302900,15550,37200,0.72,95.0,3150,38,25.1,6,4,6.7,9600,2,High_Risk,-4.105423652045497,1.252589565846177,High_Risk,0.999768486296173,8.023172008891536e-12,0.0002315136958038396,0.999768486296173
CUST1977,46,2358100,101850,2986800,0.34,42.2,4376,39,4.9,1,4,21.5,1127600,1,Low_Risk,2.547483406251136,1.756101684505824,Low_Risk,0.999998267020518,0.999998267020518,1.7329794825258917e-06,0.0
CUST1978,53,1503100,46150,2212500,0.19,39.8,3456,27,7.1,2,2,17.6,853800,1,Low_Risk,1.8958340776809355,-0.284699790382603,Low_Risk,0.9939901570831318,0.9939901570831318,0.006009842916867697,1.458698766727301e-198
CUST1979,46,1352500,37850,796000,0.11,17.2,2463,20,0.0,0,0,13.2,191300,0,Medium_Risk,2.4250367207171313,-2.491311329014286,Low_Risk,0.9464692535604747,0.053530745493276494,0.9464692535604747,9.462480873929845e-10
CUST1980,37,883400,47950,341500,0.45,65.4,3610,44,22.1,5,2,8.7,189800,2,High_Risk,-1.8521839322813995,1.0446025059973334,Medium_Risk,0.8086539073154289,1.267373159383931e-06,0.19134482531141236,0.8086539073154289
CUST1981,29,725700,33650,699500,0.27,50.9,1541,29,9.9,2,2,8.4,106800,0,Medium_Risk,-0.6960038807782226,-1.0841779216600291,Medium_Risk,0.9988558101312345,0.0011441898673735672,0.9988558101312345,1.3916662741482515e-12
CUST1982,45,1726600,72550,1564100,0.27,34.1,3545,23,5.7,1,3,19.5,796700,0,Medium_Risk,2.08351592128231,-0.1096271212229913,Low_Risk,0.9547488305035243,0.04525116949647651,0.9547488305035243,1.1671536573902625e-86
CUST1983,26,381400,24650,49100,0.55,62.7,1724,29,13.3,4,3,0.5,45300,2,High_Risk,-2.759365002991899,-0.2829562803686574,High_Risk,0.9989339879175421,2.107245780449503e-09,0.0010660099752120445,0.9989339879175421
CUST1984,60,1222200,54950,452800,0.5,44.9,2538,25,10.8,3,3,15.9,973300,0,Medium_Risk,0.3470273441614324,0.1296205923421754,Low_Risk,0.9766352558640181,0.02336474413598232,0.9766352558640181,8.965756029406948e-156
CUST1985,47,3003700,132750,950600,0.23,24.5,4000,28,7.5,0,1,2.0,795000,1,Low_Risk,3.175269392223087,1.3366486124811687,Low_Risk,0.9999999515228571,0.9999999515228571,4.847714169359915e-08,1.4202729974363923e-111
CUST1986,37,292600,19750,43400,0.62,64.9,702,43,26.0,7,4,0.5,44700,2,High_Risk,-4.415859232167692,1.0846862137489808,High_Risk,0.9999756370486692,9.391130296114043e-14,2.4362951236698793e-05,0.9999756370486692
CUST1987,36,598300,36700,248600,0.73,74.3,3079,51,18.1,4,5,9.9,71500,2,High_Risk,-3.221253976853453,1.2700346508837588,High_Risk,0.9977487818210543,1.3523227945313183e-09,0.0022512168266231323,0.9977487818210543
CUST1988,35,946500,33500,562200,0.24,33.8,3605,32,5.2,2,0,7.3,92500,0,Medium_Risk,0.5877311893935808,-1.4685197718008236,Low_Risk,0.9972941084788073,0.0015493264762269806,0.9972941084788073,0.0011565650449660452
CUST1989,26,525700,22900,243800,0.54,63.2,3020,32,14.7,2,2,12.5,11800,2,High_Risk,-1.613389017879772,-0.7830415674445995,Medium_Risk,0.9950729616592553,6.960359552546492e-07,0.0049263423047897145,0.9950729616592553
CUST1990,33,220000,11200,22500,0.57,82.0,1546,44,21.7,5,3,5.9,3100,2,High_Risk,-3.7852211654919237,0.32282851883791186,High_Risk,0.9998019525128405,2.3477196450146545e-10,0.0001980472523875214,0.9998019525128405
CUST1991,39,1016200,41600,1870300,0.32,53.1,2642,30,9.3,2,2,15.2,148800,1,Low_Risk,0.3043001301119568,-0.5026457151411531,Medium_Risk,0.9992570425659993,0.9992570425659993,0.000742957434000089,6.686235028330459e-202
CUST1992,36,1091900,44950,546000,0.5,43.9,2700,26,3.2,1,2,2.9,552300,0,Medium_Risk,-0.049528584652825766,-0.711098972032757,Low_Risk,0.9999348383652206,6.516163477937232e-05,0.9999348383652206,1.7831408648526173e-34
CUST1993,42,1065800,30350,451300,0.33,28.1,3440,5,0.0,1,1,8.0,108000,0,Medium_Risk,1.4041948339560963,-2.2432751075704283,Low_Risk,0.9969864684078309,0.002932083803302457,0.9969864684078309,8.144778886624068e-05
CUST1994,37,1177700,40800,1607800,0.41,42.1,2694,48,2.9,0,1,18.9,1269200,1,Low_Risk,1.0454790114937333,-0.6938977509893656,Low_Risk,0.9554532050437061,0.9554532050437061,0.04454679495629321,4.84637414255968e-243
CUST1995,45,985400,46750,1039200,0.32,64.8,2561,35,17.7,4,2,18.6,452700,0,Medium_Risk,-0.46175547044727727,0.30674622645641136,Medium_Risk,0.9994599487522968,0.0005400512477037622,0.9994599487522968,7.470395910706441e-38
CUST1996,50,1065700,50450,233700,0.2,27.8,6225,31,4.3,1,0,11.7,111700,0,Medium_Risk,2.026526169388265,-1.3587819215425776,Low_Risk,0.9668680585597189,0.008038402410161006,0.9668680585597189,0.02509353903011984
CUST1997,28,1848400,108400,1337700,0.26,45.1,3146,33,8.6,2,1,9.3,461600,1,Low_Risk,1.3185577339804566,0.8370106045483157,Medium_Risk,0.6105706495459111,0.6105706495459111,0.38942935045408855,1.3923862712635545e-49
CUST1998,45,1691400,97700,880500,0.29,48.0,5577,30,0.0,0,2,4.5,770900,0,Medium_Risk,2.1210925906492477,0.471175330531626,Medium_Risk,0.9944798356502295,0.005520164349770679,0.9944798356502295,1.6988201835353996e-69
CUST1999,46,1338900,31900,2279300,0.09,31.3,2371,42,5.2,0,0,18.2,504000,1,Low_Risk,2.0818315274367376,-1.4818862579642864,Low_Risk,0.9981223226913625,0.9981223226913625,0.0018776773086375757,3.864188508608995e-201
CUST2000,47,765100,38750,302700,0.39,39.6,2189,46,10.6,3,2,4.7,467300,0,Medium_Risk,-0.8904565548748219,-0.2386497901548485,Medium_Risk,0.9998387357980283,0.00016126420197129567,0.9998387357980283,3.0152086550285682e-27
