customer_id,Cluster_0_Probability,Cluster_1_Probability,Cluster_2_Probability,Predicted_Cluster
CUST0001,0.0028316149302644645,5.943028012063601e-11,0.9971683850103052,2
CUST0002,5.1774175389300415e-30,1.0,0.0,1
CUST0003,0.9854960664279313,0.014503933572069356,1.665138272399109e-32,0
CUST0004,2.6469650632684158e-17,1.0,0.0,1
CUST0005,0.0009001703370114085,3.22910244124591e-10,0.9990998293400785,2
CUST0006,0.00023510457470171499,5.1352624600098634e-11,0.9997648953739455,2
CUST0007,3.6767093483735195e-07,0.9999996323290646,6.982012404559417e-202,1
CUST0008,0.9999802664610661,1.9733538934134095e-05,1.8104462390124542e-23,0
CUST0009,2.632489031993014e-07,0.9999997367510955,0.0,1
CUST0010,0.0014523130723418745,1.5083230362918754e-10,0.9985476867768263,2
CUST0011,0.9379716838522636,4.4015747364798266e-06,0.06202391457299995,0
CUST0012,0.1079352751011443,1.40254038541141e-06,0.8920633223584705,2
CUST0013,0.0021780671824673395,2.2490546326361322e-08,0.9978219103269863,2
CUST0014,0.9408572774311716,0.00018496007353436517,0.058957762495294316,0
CUST0015,0.9935348594509487,0.006465140549050966,6.663818538887498e-123,0
CUST0016,7.230427113822537e-08,0.9999999276957281,1.1778682982549997e-242,1
CUST0017,1.591254265164706e-05,0.9999840874573471,0.0,1
CUST0018,0.9999801356076962,1.9864392303649965e-05,3.9540650869624685e-26,0
CUST0019,0.0005917339430922214,3.655576010231181e-11,0.9994082660203522,2
CUST0020,0.9786629781422688,0.021337021352867195,5.048646350853927e-10,0
CUST0021,0.9960806001377378,0.003919399862262266,4.586459867449701e-42,0
CUST0022,0.0017612935166979617,2.8790725680210207e-08,0.9982386776925762,2
CUST0023,0.010932326065794997,1.4154354577336112e-06,0.9890662584987473,2
CUST0024,0.9895612895889938,0.0002857063172561698,0.010153004093749462,0
CUST0025,2.8116468639623217e-09,0.999999997188354,0.0,1
CUST0026,0.028021572753231454,2.32310751422392e-08,0.9719784040156931,2
CUST0027,0.8527464881111513,0.0005730010088491939,0.14668051087999975,0
CUST0028,0.00013392916672006063,1.0623064700849195e-10,0.9998660707270492,2
CUST0029,0.9995272360401404,0.00047276395985997987,4.7912853842469406e-55,0
CUST0030,0.0013230125992933594,2.151268492358141e-09,0.9986769852494382,2
CUST0031,0.9885870101916718,0.01141298953349401,2.7483491092388467e-10,0
CUST0032,0.9144858616862661,0.08551413831373463,9.403110104714341e-18,0
CUST0033,1.5122679366056997e-264,1.0,0.0,1
CUST0034,4.070152234230646e-15,0.9999999999999964,0.0,1
CUST0035,0.20485616031419646,0.00010351264077585595,0.7950403270450276,2
CUST0036,0.9499502858713079,0.05004971412869247,6.782600006244128e-102,0
CUST0037,0.0031972046112944894,6.504869662444384e-07,0.9968021449017394,2
CUST0038,0.0004214008206913142,1.7626913652861334e-09,0.9995785974166177,2
CUST0039,0.41348053585159517,0.5865194641484045,4.0146976485904885e-106,1
CUST0040,8.878767588489299e-05,1.0950595911198442e-11,0.9999112123131646,2
CUST0041,4.4880523668399115e-11,0.9999999999551186,4.32088176150376e-97,1
CUST0042,0.9963722398393101,0.00362763198509446,1.2817559550306203e-07,0
CUST0043,0.17735526058798207,0.00016216909845281704,0.8224825703135655,2
CUST0044,0.001327483735571999,0.998672516264428,4.0047047326150007e-305,1
CUST0045,0.6860389818237457,0.3139610181762539,4.945768555171389e-16,0
CUST0046,1.042029022877095e-09,0.9999999989579713,0.0,1
CUST0047,0.9995244598003099,0.00047550512712935916,3.507256027766193e-08,0
CUST0048,0.013369635901832657,2.082115364782689e-05,0.9866095429445197,2
CUST0049,0.9620198779222009,0.03796390995691897,1.621212087975647e-05,0
CUST0050,0.0007277183793430928,1.0452666360778735e-09,0.9992722805753903,2
CUST0051,0.10769103710192345,0.00018494709179629092,0.8921240158062799,2
CUST0052,0.0008749611309092259,5.906500289925501e-09,0.9991250329625905,2
CUST0053,0.9999663180611823,3.367727373980919e-05,4.665077821641539e-09,0
CUST0054,0.9998012456476404,0.0001987543523598844,3.8856075420155695e-38,0
CUST0055,2.13923263338385e-45,1.0,0.0,1
CUST0056,0.39648869574376666,0.6035113042562336,1.196006657501581e-105,1
CUST0057,6.944385304464781e-05,1.8711242282591783e-11,0.9999305561282443,2
CUST0058,0.000656757792852068,4.1073372844815896e-09,0.9993432380998105,2
CUST0059,1.0086922046391896e-11,0.9999999999899138,0.0,1
CUST0060,0.9970564762166234,0.0029435237833764323,1.1082731873611057e-16,0
CUST0061,7.87548834550655e-05,5.139801464627952e-12,0.9999212451114051,2
CUST0062,0.9991635754333916,0.000836424566608275,1.1022201263888208e-20,0
CUST0063,0.0,1.0,0.0,1
CUST0064,0.9997277727837101,0.0002682765756202367,3.95064066944566e-06,0
CUST0065,0.9988860899409203,0.0011139100590799138,1.6477610566161596e-19,0
CUST0066,0.986847208751727,7.804451509169925e-05,0.01307474673318097,0
CUST0067,3.253019842452693e-05,0.9999674698015756,0.0,1
CUST0068,0.0,1.0,0.0,1
CUST0069,0.018939498376997998,4.112387887501868e-08,0.9810604604991229,2
CUST0070,0.9999176680820331,8.23319179667827e-05,3.0582532218781345e-20,0
CUST0071,0.0010400731706780508,9.517803338434322e-12,0.9989599268198043,2
CUST0072,0.14080795396387333,2.204090988911638e-05,0.8591700051262375,2
CUST0073,5.678245929973152e-27,1.0,0.0,1
CUST0074,0.6038163235205046,0.0008564872129847661,0.3953271892665102,0
CUST0075,1.5872754507226073e-07,0.9999998412724552,0.0,1
CUST0076,4.591390080853697e-05,1.603548930340519e-11,0.9999540860831562,2
CUST0077,0.9997049928840757,0.0002950064392597271,6.766651945893745e-10,0
CUST0078,0.011966077103995608,6.211916173846727e-08,0.9880338607768424,2
CUST0079,0.04532285819350657,0.9546771418064925,1.047054204542435e-177,1
CUST0080,0.055993359340304374,1.7892022531984007e-05,0.943988748637163,2
CUST0081,0.004084426000137604,5.2509428306177264e-06,0.9959103230570316,2
CUST0082,0.0036798293665763334,0.996320170633423,0.0,1
CUST0083,0.0613201574981195,9.653072869457139e-06,0.9386701894290115,2
CUST0084,8.15215942030677e-05,2.7201502828050557e-14,0.9999184784057696,2
CUST0085,4.1415328993098696e-05,2.8404046351421628e-14,0.9999585846709786,2
CUST0086,0.0023442178763708257,5.391564162641069e-09,0.9976557767320648,2
CUST0087,0.9989323418759403,0.0010676581240598084,3.3408387840618513e-23,0
CUST0088,0.9967319081847184,0.0032680221668778342,6.964840304595423e-08,0
CUST0089,0.002897304065338252,4.118116984390593e-11,0.9971026958934812,2
CUST0090,0.6967464270009653,7.798834356432061e-07,0.30325279311559983,0
CUST0091,0.6922751726427943,0.3077248273572055,1.1470784538996002e-22,0
CUST0092,0.5070007283278182,5.486024134381665e-07,0.49299872306976783,0
CUST0093,0.11994392398590777,1.5366467369444807e-06,0.8800545393673558,2
CUST0094,0.9983358871518361,0.0016641128430142128,5.150567014845408e-12,0
CUST0095,0.9998723074073054,0.00012769246525174462,1.274428442802546e-10,0
CUST0096,0.9961790824763233,4.939741427569387e-05,0.0037715201094011773,0
CUST0097,0.9976256247531994,0.0023743752467885967,1.2026577616827731e-14,0
CUST0098,0.0009256797963042919,2.085818490831799e-10,0.9990743199951138,2
CUST0099,1.472377920737227e-173,1.0,0.0,1
CUST0100,0.7010279026888028,0.2989720973111968,4.3138007718545543e-190,0
CUST0101,0.7402671808929584,0.0004915423926062366,0.2592412767144365,0
CUST0102,8.985114862527609e-262,1.0,0.0,1
CUST0103,0.804215404469533,0.19578459551655888,1.3908288692138585e-11,0
CUST0104,0.055074107958292276,0.9449258920417085,1.3245695319444388e-237,1
CUST0105,0.0006630519791483709,9.401269244879729e-09,0.9993369386195825,2
CUST0106,0.933633681854935,0.06636631814506494,1.5539908198467274e-59,0
CUST0107,0.0015011027043702475,4.0564728188347694e-08,0.9984988567309017,2
CUST0108,0.006750954701303999,4.883085385259304e-06,0.9932441622133109,2
CUST0109,0.0028795433499404052,6.88686789140559e-07,0.9971197679632702,2
CUST0110,4.576494751685186e-58,1.0,0.0,1
CUST0111,0.9990844169796322,0.0009155830202933605,7.418813639695561e-14,0
CUST0112,0.0003485737639169927,4.906136307279337e-10,0.9996514257454695,2
CUST0113,0.0633419139998006,1.9024071020847842e-07,0.9366578957594893,2
CUST0114,2.369140420560142e-32,1.0,0.0,1
CUST0115,0.0017189072535050084,2.2363916926115292e-07,0.9982808691073258,2
CUST0116,0.001450380934980781,2.515749387609257e-07,0.9985493674900804,2
CUST0117,0.003991912333410421,1.4868644379781777e-07,0.9960079389801457,2
CUST0118,0.012197716530391664,3.535445140824787e-05,0.9877669290182001,2
CUST0119,0.0029788718046346,3.44925127293563e-09,0.9970211247461143,2
CUST0120,0.02304165607913314,6.3965795667936865e-06,0.9769519473413004,2
CUST0121,0.00010139171757280737,1.2056265231730579e-10,0.9998986081618647,2
CUST0122,6.059237993092889e-13,0.9999999999993925,0.0,1
CUST0123,5.937224486073102e-05,1.5917479785899534e-12,0.9999406277535474,2
CUST0124,0.9991513507690768,0.0008486492309230813,1.0027483941646202e-21,0
CUST0125,0.9952843120550511,0.004715687944949063,3.9929920937009915e-21,0
CUST0126,4.527223477592251e-24,1.0,0.0,1
CUST0127,0.9997642409373305,0.0002357590595267165,3.1428436236945176e-12,0
CUST0128,5.7371603565397026e-05,1.4966626890299209e-13,0.9999426283962852,2
CUST0129,9.578797624557511e-05,0.999904212023755,1.5341679883621703e-250,1
CUST0130,5.179252123264658e-22,1.0,0.0,1
CUST0131,0.9996515806985197,0.00014738579583626734,0.00020103350564379922,0
CUST0132,0.9982693483233647,0.0017306516766348904,3.280878600308572e-21,0
CUST0133,0.04850838800220036,2.0864977541695142e-05,0.9514707470202587,2
CUST0134,0.024291682953852783,0.9757083170461468,3.2944218698114964e-185,1
CUST0135,0.9918626368801202,0.00813735586068965,7.259189697017848e-09,0
CUST0136,0.12935276685566874,0.8706472331443312,8.045907067251017e-154,1
CUST0137,0.11858643235310294,0.8814135676468979,4.632195743007695e-140,1
CUST0138,0.8914411822462669,0.1085588177537325,1.1226541350278869e-165,0
CUST0139,0.011704940758722398,7.587370405435156e-08,0.9882949833675733,2
CUST0140,0.0013562601524506719,1.3980425526287995e-09,0.9986437384495069,2
CUST0141,0.9981005688648682,0.0017730494619539198,0.00012638167317792712,0
CUST0142,0.0002611107328616435,1.829228581711988e-10,0.9997388890842155,2
CUST0143,0.9996078636443873,4.028050160169733e-05,0.00035185585401131613,0
CUST0144,0.9810464564280258,0.018953543571974915,6.716247714007241e-91,0
CUST0145,0.9983705345525988,0.0016294654474002471,6.412380952019887e-22,0
CUST0146,0.9908901261973263,6.700064814356432e-05,0.00904287315453043,0
CUST0147,0.20117174333304613,0.000182815145148516,0.7986454415218058,2
CUST0148,0.8956997811201287,0.10430021887987108,1.3090709884839423e-111,0
CUST0149,0.7621461166796734,0.00243673457464246,0.23541714874568348,0
CUST0150,0.08561462104569055,0.0005744286908613116,0.9138109502634489,2
CUST0151,2.3235831506007777e-29,1.0,0.0,1
CUST0152,0.012128492396038673,0.9878715076039617,1.4478699715255968e-290,1
CUST0153,4.1560684000175817e-05,7.029079346506236e-13,0.9999584393152965,2
CUST0154,0.9999136674881565,1.7798717760224543e-07,8.615452466604324e-05,0
CUST0155,0.9730486332302697,0.02695136676973063,3.5520131568753953e-26,0
CUST0156,0.0007851744170240776,9.278900667586593e-09,0.9992148163040753,2
CUST0157,0.17926552977812577,0.0005927390219518247,0.8201417311999227,2
CUST0158,0.0017715084999716394,3.830901573103368e-08,0.9982284531910125,2
CUST0159,0.9983956273171405,0.001604372671513236,1.1345709328916229e-11,0
CUST0160,0.99803069262163,0.0019087405629159798,6.056681545483173e-05,0
CUST0161,0.009744765305923652,1.0200183569717287e-09,0.9902552336740583,2
CUST0162,0.00019687868271700288,1.1775461315082292e-11,0.9998031213055075,2
CUST0163,0.9970494159404467,0.00292836208227428,2.2221977278322086e-05,0
CUST0164,0.003876532100866745,3.7182762971545394e-08,0.9961234307163704,2
CUST0165,0.0010407142378141413,8.737187623271996e-10,0.9989592848884673,2
CUST0166,0.0001359954005248636,0.9998640045994752,1.0626057211472481e-160,1
CUST0167,6.17881069083733e-05,3.4194426429718195e-13,0.999938211892749,2
CUST0168,0.002688580622984403,2.2843196369727255e-08,0.9973113965338192,2
CUST0169,0.9873173075945041,0.01268269240549629,5.730760751438086e-40,0
CUST0170,0.02801676387058915,9.321963181497013e-06,0.9719739141662289,2
CUST0171,0.9999422069746251,5.7793025374986435e-05,2.4108728819771626e-37,0
CUST0172,0.04922079947022632,7.683297314979759e-07,0.9507784322000422,2
CUST0173,0.05771826219915249,5.504947065219174e-06,0.9422762328537819,2
CUST0174,0.9998690110878904,0.00013098891210873187,4.453695029957658e-16,0
CUST0175,0.006794194647008676,4.669453822169335e-06,0.9932011358991693,2
CUST0176,0.0026213612808715686,1.0378789537880927e-11,0.9973786387087492,2
CUST0177,0.21030647064914054,5.390394589597795e-05,0.7896396254049627,2
CUST0178,0.9999671515962663,3.258737372653582e-05,2.610300071090219e-07,0
CUST0179,3.147792836435168e-13,0.9999999999996856,0.0,1
CUST0180,0.0005514463901869181,1.9570809419378483e-10,0.9994485534141053,2
CUST0181,0.00022984049765705243,8.364334125541546e-12,0.9997701594939791,2
CUST0182,0.9108736101400335,0.006721291299133704,0.08240509856083335,0
CUST0183,0.00398668278655897,1.9337643013115477e-09,0.9960133152796767,2
CUST0184,0.00048143889163413875,8.623948109918701e-10,0.9995185602459711,2
CUST0185,0.9980664062168173,0.0016675604096529194,0.0002660333735305296,0
CUST0186,5.612146938396024e-05,2.446402717264483e-12,0.9999438785281698,2
CUST0187,0.010973863160522799,1.0308742081616988e-08,0.9890261265307352,2
CUST0188,0.9996301505455782,0.00036984887776124903,5.766607819933358e-10,0
CUST0189,0.0002841360837226655,2.1412445463623934e-10,0.9997158637021525,2
CUST0190,0.9768745387155566,0.0006227716894202927,0.022502689595023037,0
CUST0191,0.013952975856403987,3.464745311322914e-07,0.9860466776690645,2
CUST0192,9.163553981142228e-07,0.9999990836446002,3.854867106255469e-281,1
CUST0193,0.9863246787807537,0.013675321219246597,2.1955933356274837e-23,0
CUST0194,0.0010302536992537186,7.616071629605045e-09,0.9989697386846749,2
CUST0195,0.0029404886587107147,1.156410793367308e-08,0.9970594997771814,2
CUST0196,0.013812501741503532,1.054970940528548e-07,0.986187392761402,2
CUST0197,0.006891251069220526,1.0043888512420197e-07,0.9931086484918942,2
CUST0198,3.688017992527415e-06,0.9999963119820068,0.0,1
CUST0199,0.6565386072089381,0.005791053975246423,0.33767033881581615,0
CUST0200,0.0005751833790444349,2.379383549072235e-08,0.9994247928271204,2
CUST0201,0.0009300359126875285,3.0716581422813258e-09,0.9990699610156546,2
CUST0202,0.112284226035848,2.014641720944266e-08,0.8877157538177356,2
CUST0203,0.013145557587583734,1.1243999721591291e-05,0.986843198412695,2
CUST0204,9.860839377950475e-258,1.0,0.0,1
CUST0205,0.00021992447963124732,2.2705530069873672e-10,0.9997800752933138,2
CUST0206,4.436600993525873e-97,1.0,0.0,1
CUST0207,0.002449618517937343,1.611348873809698e-07,0.9975502203471757,2
CUST0208,0.006520702309757604,0.9934792976902423,2.970349149110531e-279,1
CUST0209,0.9998995400798933,0.00010045992010670163,1.621688213303333e-16,0
CUST0210,0.0008130683050125607,5.8592304276532207e-08,0.9991868731026833,2
CUST0211,0.29147176535767544,0.00010848599032604048,0.7084197486519985,2
CUST0212,0.02057757065622814,1.059176026251116e-06,0.9794213701677457,2
CUST0213,0.9933661608711649,0.006633839128835658,5.716995113337324e-23,0
CUST0214,0.9780317825729811,0.0219682174270185,5.285220637243028e-97,0
CUST0215,0.00039465935377322225,1.4394750260175392e-09,0.9996053392067518,2
CUST0216,0.21329366224439592,0.7867063377556025,4.658172164968266e-133,1
CUST0217,0.9973836334283616,0.0025182252728084007,9.814129882944011e-05,0
CUST0218,0.9999961086192931,3.764407085118077e-06,1.2697362119010266e-07,0
CUST0219,0.987009659163722,0.006026156267715249,0.0069641845685619,0
CUST0220,0.016516688079355964,1.9676743133346168e-07,0.9834831151532129,2
CUST0221,0.00403250921616933,1.4254425202514885e-08,0.9959674765294056,2
CUST0222,0.9999850250369122,1.4974963087938378e-05,6.800594469388117e-25,0
CUST0223,0.9993716283051399,0.0006283716394115697,5.5448407646868246e-11,0
CUST0224,0.0003338117293638844,1.3162650854290257e-09,0.9996661869543715,2
CUST0225,0.3815632243931463,4.6997594101474526e-06,0.6184320758474434,2
CUST0226,0.003385825027681199,1.570735216323683e-06,0.9966126042371023,2
CUST0227,0.00023663067859663238,1.9692440511704094e-12,0.9997633693194341,2
CUST0228,0.05313277761353667,7.198879283642595e-08,0.9468671503976703,2
CUST0229,0.002107722487408524,1.649752958245279e-09,0.9978922758628389,2
CUST0230,0.00012096519709320934,2.251058089488475e-11,0.9998790347803963,2
CUST0231,0.008484712546374115,1.0119184451648092e-06,0.9915142755351808,2
CUST0232,3.391137885881098e-59,1.0,0.0,1
CUST0233,0.09095694577360697,0.0009755716236057585,0.9080674826027879,2
CUST0234,0.9999590758579996,4.092362936653758e-05,5.126340597405589e-10,0
CUST0235,0.08768528460664414,0.9123147153933558,1.42035385566265e-269,1
CUST0236,0.996970150536527,0.0030298494634732895,6.919510106283826e-51,0
CUST0237,0.9971059608079859,0.0028940391920144297,1.0667797554745263e-22,0
CUST0238,0.9277812902697647,0.07221870973023443,8.075135382840414e-43,0
CUST0239,5.557947250737815e-05,0.9999444205274918,0.0,1
CUST0240,0.020087995662568626,2.9929279766504285e-07,0.9799117050446339,2
CUST0241,0.9998949955832986,8.709370055381894e-05,1.7910716147079646e-05,0
CUST0242,0.721604589895676,4.7833239069386454e-05,0.2783475768652551,0
CUST0243,0.9804992603276897,0.005350134417386198,0.014150605254924165,0
CUST0244,0.0010835350404075116,1.286741763007799e-08,0.9989164520921746,2
CUST0245,0.9644716714393168,0.03552832856068248,1.1878731574834465e-86,0
CUST0246,0.9777963798616515,0.022203620138348614,1.61261688281119e-31,0
CUST0247,0.9918973500607631,0.008102649939237072,2.293816060110973e-52,0
CUST0248,0.9453999623360382,0.054600037663961744,5.641753445287899e-34,0
CUST0249,8.04809112819849e-09,0.999999991951908,0.0,1
CUST0250,0.9990634897456184,0.0009365102543795389,1.2064758881910721e-15,0
CUST0251,0.0053574896623815906,1.1111479569597065e-07,0.9946423992228228,2
CUST0252,4.9131961538857265e-05,0.999950868038462,2.3221979439983133e-291,1
CUST0253,0.04417078420113593,3.1273823218844727e-06,0.9558260884165422,2
CUST0254,0.00035944332204948325,2.1003418879293677e-09,0.9996405545776085,2
CUST0255,0.9948400248089644,0.005159975191035394,3.423664360705661e-26,0
CUST0256,0.9720095720171,0.027990427982899815,4.3188618613678076e-69,0
CUST0257,0.9894274855407948,0.010572514459204842,5.651986721168058e-107,0
CUST0258,2.0448022914778004e-05,0.9999795519770849,0.0,1
CUST0259,0.9949693572076614,0.0050306238108063246,1.8981532686547045e-08,0
CUST0260,0.9942349066989288,0.005765093301070429,6.834226951012204e-68,0
CUST0261,0.9608307297289437,0.039169031171540594,2.390995152295367e-07,0
CUST0262,0.9984237840025233,0.0015121371252818912,6.407887219512539e-05,0
CUST0263,0.004196967218782174,1.0136011671371541e-08,0.995803022645206,2
CUST0264,0.9999147536585576,8.524634144203523e-05,7.681266923275173e-21,0
CUST0265,0.9998986919135668,0.00010121791774866583,9.016868445132137e-08,0
CUST0266,7.375413903047084e-22,1.0,0.0,1
CUST0267,0.9967181934176639,0.0012113354227195326,0.0020704711596172725,0
CUST0268,7.424103341770906e-175,1.0,0.0,1
CUST0269,0.14898796538158307,0.8510120346184178,9.778362145322607e-105,1
CUST0270,1.4784418169111088e-33,1.0,0.0,1
CUST0271,0.9994427249541764,1.0945693256259085e-05,0.0005463293525666415,0
CUST0272,0.12886185293504535,1.0213755396441784e-05,0.8711279333095585,2
CUST0273,0.0008423472683460158,4.7429218562599526e-08,0.9991576053024354,2
CUST0274,8.13057932333087e-39,1.0,0.0,1
CUST0275,0.938229908480277,0.001810617124293362,0.05995947439543022,0
CUST0276,0.0009373888500905154,1.7975068837578295e-09,0.9990626093524029,2
CUST0277,0.13628322621483066,2.45202862106854e-05,0.863692253498959,2
CUST0278,0.9983389701690638,0.0016610298309361034,3.49833937415242e-62,0
CUST0279,0.4593489352487354,0.5406510647512638,2.0423051705111033e-108,1
CUST0280,4.443992356420159e-67,1.0,0.0,1
CUST0281,0.8610194798117423,0.13898052018825738,6.73163424150596e-72,0
CUST0282,0.981108138560531,0.0188918614394697,2.7917179035764015e-45,0
CUST0283,0.9730043063699135,1.2981081741351404e-06,0.026994395521911733,0
CUST0284,0.00013190960593795467,1.4742823609726475e-11,0.9998680903793193,2
CUST0285,7.094842250006082e-06,0.9999929051577496,0.0,1
CUST0286,0.9994941466498012,0.00047329115847045836,3.256219172752954e-05,0
CUST0287,0.004176209549656991,1.9094494923139007e-11,0.9958237904312488,2
CUST0288,2.2205537271018324e-13,0.999999999999778,0.0,1
CUST0289,0.9999294341089526,6.827357359219837e-05,2.2923174548949077e-06,0
CUST0290,1.6183568655688636e-05,0.9999838164313447,9.89878832607286e-239,1
CUST0291,0.024443106247953678,1.2953131439436826e-06,0.9755555984389028,2
CUST0292,9.35291427694854e-05,9.599377447669847e-12,0.999906470847632,2
CUST0293,0.9412838852478969,0.05871611475210322,1.0631442190058807e-34,0
CUST0294,0.9943525668142131,0.004168079400396949,0.0014793537853902887,0
CUST0295,0.03304197161260975,0.9669580283873902,1.2273497019194844e-129,1
CUST0296,0.9999507299851189,4.9269567382176966e-05,4.474984421457201e-10,0
CUST0297,0.7918619938345475,0.2081380061654539,5.875353573716908e-214,0
CUST0298,3.52688923982714e-10,0.9999999996473115,0.0,1
CUST0299,0.0008983745200165377,2.777609390368621e-10,0.9991016252022223,2
CUST0300,0.283287668191676,0.00018010753269221606,0.7165322242756315,2
CUST0301,0.001882900516618229,3.0080883948392827e-07,0.998116798674542,2
CUST0302,0.00043799850011484867,7.752291953215499e-10,0.9995620007246562,2
CUST0303,0.9988442246594528,0.0011557081079339353,6.723261306724772e-08,0
CUST0304,0.06082545266502373,2.648469499516843e-07,0.9391742824880259,2
CUST0305,0.0008283636333593442,4.777799092928105e-09,0.9991716315888415,2
CUST0306,0.00010794756011105152,1.4274323061978605e-11,0.9998920524256151,2
CUST0307,0.031582195345416154,1.2605773268720776e-06,0.9684165440772567,2
CUST0308,1.7402137506790162e-39,1.0,0.0,1
CUST0309,0.999847017579284,0.00015298153521551736,8.855013018997325e-10,0
CUST0310,0.22472375775535225,0.7752762422446484,5.218737737156328e-23,1
CUST0311,0.44795982247810184,0.5520401775218975,2.715236291952018e-60,1
CUST0312,0.004803286366543048,1.3348574845352224e-06,0.9951953787759727,2
CUST0313,0.002825522264292599,1.5947604461959525e-08,0.9971744617881031,2
CUST0314,0.7841157442935329,1.190787697704386e-05,0.21587234782949002,0
CUST0315,9.251777456027435e-28,1.0,0.0,1
CUST0316,3.057325034865756e-05,0.9999694267496521,6.510519103415724e-299,1
CUST0317,4.1424634922624455e-26,1.0,0.0,1
CUST0318,0.1094828559543586,3.87618037893092e-06,0.8905132678652621,2
CUST0319,0.9815803433262604,0.018419656673739248,4.277640800128192e-50,0
CUST0320,0.01413002639903957,2.9801778724089015e-05,0.9858401718222363,2
CUST0321,9.459731888724082e-08,0.9999999054026807,0.0,1
CUST0322,0.0008205865749856624,2.35948446864392e-09,0.9991794110655298,2
CUST0323,0.09612908878702506,0.9038709112129754,2.3124075990783316e-116,1
CUST0324,0.4463832783108632,0.000901495819903517,0.5527152258692328,2
CUST0325,0.9998336188922201,0.00016638110778072405,7.498610980549093e-48,0
CUST0326,0.0034191405743573804,0.9965808594256428,3.8659744625077593e-159,1
CUST0327,0.8817390479958487,0.11826095200415211,4.2232807356261517e-110,0
CUST0328,0.0002710395169705878,6.546379626066656e-10,0.9997289598283914,2
CUST0329,0.9647438850928861,0.03504956044965922,0.00020655445745458757,0
CUST0330,0.9991049021206467,0.000559510045643644,0.00033558783370951563,0
CUST0331,0.0015956785392863629,7.671388575622196e-10,0.998404320693575,2
CUST0332,0.0007513027167576186,4.521043714623104e-09,0.9992486927621986,2
CUST0333,9.527920595917137e-11,0.9999999999047215,0.0,1
CUST0334,0.002196149137113726,2.6123546980813386e-07,0.9978035896274164,2
CUST0335,0.00017473617616021788,4.143167993084314e-11,0.9998252637824082,2
CUST0336,0.08852417444532085,2.142207923733361e-07,0.9114756113338868,2
CUST0337,5.107279739036818e-31,1.0,0.0,1
CUST0338,0.9987564084965791,6.445818200542508e-05,0.0011791333214155079,0
CUST0339,9.625733526273872e-56,1.0,0.0,1
CUST0340,0.9952347570083461,0.004765191976677287,5.1014977325827925e-08,0
CUST0341,0.6626942532800038,0.0004066782855553178,0.33689906843444,0
CUST0342,0.999510248774517,0.0004897512254823168,2.5716611232809894e-22,0
CUST0343,0.9724466536537765,0.027553346346223372,7.582562367400132e-20,0
CUST0344,4.5448062115861224e-05,3.0193053300088666e-14,0.9999545519378537,2
CUST0345,0.9999342686745704,6.573132542876995e-05,2.3893175286847876e-23,0
CUST0346,0.9978321403061873,1.5562623647766056e-05,0.0021522970701652127,0
CUST0347,2.892197096365589e-07,0.9999997107802897,0.0,1
CUST0348,0.98364740334213,0.016352596657870845,3.6241120396345667e-22,0
CUST0349,0.9057634396791601,0.0003413192048625472,0.09389524111597808,0
CUST0350,0.8462881102778613,0.15371188972213798,1.6767879469531568e-101,0
CUST0351,0.016240237141944162,2.2816338596388746e-06,0.9837574812241962,2
CUST0352,1.8384131376161883e-06,0.9999981615868615,0.0,1
CUST0353,0.00011109181413050856,2.983183760316439e-12,0.9998889081828861,2
CUST0354,0.9979439645589401,3.3279088752050554e-05,0.002022756352308232,0
CUST0355,0.4636064072595008,0.00031586873493264167,0.5360777240055669,2
CUST0356,0.9999872200909679,1.2767805578882002e-05,1.2103453571094999e-08,0
CUST0357,0.00011393189317591552,1.0464915027792786e-10,0.9998860680021748,2
CUST0358,0.03833301885028594,6.875436397227109e-06,0.9616601057133166,2
CUST0359,0.01488413057527849,9.601990582934388e-07,0.9851149092256626,2
CUST0360,0.725935228343437,0.27406477165656157,4.938405537791028e-261,0
CUST0361,0.9998382465195511,0.00016018668969843393,1.5667907504926071e-06,0
CUST0362,0.02010427348556251,9.69370152416647e-06,0.9798860328129132,2
CUST0363,0.9992645530821126,0.0007354468866363445,3.125157942947486e-11,0
CUST0364,0.9994758950749997,0.00039246646540795567,0.0001316384595924342,0
CUST0365,0.0022576341341125398,1.0681965775267912e-08,0.9977423551839213,2
CUST0366,0.0006317956151937847,1.246175711222657e-10,0.9993682042601886,2
CUST0367,0.9979778523133895,0.0020221460492044012,1.6374058397301558e-09,0
CUST0368,3.068793829772122e-27,1.0,0.0,1
CUST0369,0.006020734265528299,7.195341049841478e-07,0.9939785462003665,2
CUST0370,0.00417015507438049,0.9958298449256192,2.1433419541613322e-282,1
CUST0371,0.9914515933615574,0.00035044671383459297,0.008197959924608913,0
CUST0372,0.9925911446031043,0.007408855302497613,9.439841416067064e-11,0
CUST0373,0.8355240910411971,0.16447590895880337,8.55236424321514e-62,0
CUST0374,0.009265752549882232,1.746556351835824e-06,0.9907325008937661,2
CUST0375,5.054027689886579e-05,0.9999494597231018,0.0,1
CUST0376,0.012528721289634769,1.0460453607251313e-07,0.9874711741058289,2
CUST0377,2.119902276669528e-05,6.990607272860334e-13,0.999978800976534,2
CUST0378,0.9999100524873572,8.994751264294694e-05,1.2237784146492879e-88,0
CUST0379,0.030196514762913663,5.257640334452905e-06,0.9697982275967519,2
CUST0380,0.0008811011933342204,3.432036940068373e-11,0.9991188987723453,2
CUST0381,0.999917205026079,8.279497392100283e-05,5.869545459616068e-34,0
CUST0382,0.6576852438747987,0.34231475612520057,1.5853974687015338e-195,0
CUST0383,9.584304728615746e-05,3.3280108756669424e-13,0.9999041569523813,2
CUST0384,0.0003876596512848628,7.282158298366638e-11,0.9996123402758935,2
CUST0385,0.00021286423152841504,9.945951386282414e-11,0.9997871356690121,2
CUST0386,0.0012583010609146605,4.935722774727813e-09,0.9987416940033625,2
CUST0387,0.9835685484406327,0.016431451559367632,2.4837014062322163e-31,0
CUST0388,1.573445416251064e-05,1.0820886584087913e-13,0.9999842655457296,2
CUST0389,0.008134846623039935,6.443456724267698e-07,0.9918645090312874,2
CUST0390,3.104783537683194e-05,5.243012866258425e-13,0.9999689521640986,2
CUST0391,0.9976308423155242,0.002369157684475242,2.2842560122788112e-27,0
CUST0392,1.4872297373906495e-07,0.999999851277027,2.3296395213e-314,1
CUST0393,0.9982421314396064,0.0017578685603944289,1.9475423594513977e-17,0
CUST0394,9.230430157693466e-08,0.9999999076956978,0.0,1
CUST0395,0.28017214183865585,0.0001489369129236392,0.7196789212484208,2
CUST0396,6.043405861378568e-44,1.0,0.0,1
CUST0397,0.9729310810614948,0.02706891893850529,5.34089423691099e-111,0
CUST0398,0.00023152703084490642,1.0268314557538239e-10,0.9997684728664717,2
CUST0399,0.01808012811414785,0.9819198718858515,1.7766561409240175e-163,1
CUST0400,1.3470556175816493e-15,0.9999999999999982,0.0,1
CUST0401,0.5603275642051205,0.4396724357948803,2.093683191889625e-18,0
CUST0402,1.0652337292963574e-26,1.0,0.0,1
CUST0403,0.14667200026573451,8.932970368572195e-10,0.8533279988409677,2
CUST0404,0.020336353157967575,3.414156990521884e-07,0.9796633054263336,2
CUST0405,0.07090779562602788,0.00040386539198243007,0.9286883389819901,2
CUST0406,0.0020659469204541495,7.515133698040931e-10,0.9979340523280323,2
CUST0407,0.043883090705477766,1.0233454881103225e-08,0.9561168990610673,2
CUST0408,1.570265492939702e-05,2.323676682796435e-14,0.9999842973450471,2
CUST0409,0.9999721416507802,2.305847920799618e-06,2.5552501299400444e-05,0
CUST0410,2.1813427939761438e-14,0.9999999999999787,0.0,1
CUST0411,0.7799268294086108,0.2200731705913886,1.6819744710983543e-127,0
CUST0412,0.013435505279947085,8.906044269969159e-07,0.9865636041156259,2
CUST0413,0.005655753908621735,7.75963747930122e-07,0.9943434701276304,2
CUST0414,4.003089401803492e-05,0.9999599691059816,0.0,1
CUST0415,0.12455857208304492,8.209831887577738e-06,0.8754332180850671,2
CUST0416,0.9709923805000228,0.029007619499976715,3.776122351893181e-49,0
CUST0417,0.0003191238751916815,0.999680876124808,3.102748494783093e-299,1
CUST0418,0.99400446124338,0.00496912061579595,0.0010264181408244214,0
CUST0419,1.3367813113613067e-11,0.9999999999866329,0.0,1
CUST0420,0.0019364293477025067,2.1518361516101997e-07,0.9980633554686823,2
CUST0421,0.9259059339705679,0.07409406602943157,5.9320041655734415e-56,0
CUST0422,0.9996793037974985,0.00031790881010747507,2.787392394107603e-06,0
CUST0423,2.2084781821035708e-228,1.0,0.0,1
CUST0424,0.0004716093547217546,8.990057875948958e-10,0.9995283897462724,2
CUST0425,0.0004289001479978727,1.666551140771774e-09,0.999571098185451,2
CUST0426,1.8525600412091187e-10,0.9999999998147437,0.0,1
CUST0427,0.9972332770534472,0.0004842891467271288,0.0022824337998258335,0
CUST0428,0.007908956864582019,7.564079578643741e-07,0.9920902867274601,2
CUST0429,0.03863611240637867,7.48709744755218e-06,0.9613564004961734,2
CUST0430,0.8004181161060991,0.1995818838939003,2.157602896710908e-97,0
CUST0431,0.0011806768057326185,7.445577052193927e-09,0.9988193157486903,2
CUST0432,0.9889942542876304,0.011004756054389105,9.896579797896236e-07,0
CUST0433,4.718422412362443e-10,0.999999999528157,0.0,1
CUST0434,0.0001908776229855395,1.181490552694239e-11,0.9998091223651996,2
CUST0435,0.9994873853051798,0.0005126146948195405,1.7038828376100754e-39,0
CUST0436,0.9992630366427265,0.0007369630832794444,2.739942552986503e-10,0
CUST0437,2.241279525190805e-19,1.0,0.0,1
CUST0438,0.9997746715848478,0.00014383008940157047,8.149832575119151e-05,0
CUST0439,0.5072494957435886,1.4950715002134286e-05,0.4927355535414094,0
CUST0440,0.0002820288075776307,3.456811337161186e-12,0.9997179711889651,2
CUST0441,2.7991214231324133e-20,1.0,0.0,1
CUST0442,0.9986496350906746,0.0013503649093261638,9.14186738896805e-41,0
CUST0443,6.664598611308429e-10,0.9999999993335393,0.0,1
CUST0444,0.0005836821331224779,1.460855956511174e-10,0.9994163177207923,2
CUST0445,0.9771201615138162,0.022879838486184103,4.496932265678041e-48,0
CUST0446,0.014055923458646006,9.101403041578122e-06,0.9859349751383122,2
CUST0447,0.04092548474880862,3.248795588232276e-05,0.9590420272953087,2
CUST0448,0.9999586545677989,3.800684186633355e-05,3.338590334991938e-06,0
CUST0449,0.9962736708064731,0.0037262829855995686,4.620792763945291e-08,0
CUST0450,0.011949457371503169,1.2076500614211392e-07,0.9880504218634905,2
CUST0451,4.9413382401929424e-48,1.0,0.0,1
CUST0452,0.0,1.0,0.0,1
CUST0453,0.12080176754934167,0.8791982324506594,4.1489980848383406e-111,1
CUST0454,0.02752392323027688,2.1164298703044598e-05,0.9724549124710204,2
CUST0455,2.0071337945557343e-05,2.761096877219363e-13,0.9999799286617785,2
CUST0456,0.9604203785040145,2.5857939249085585e-07,0.03957936291659244,0
CUST0457,0.005920780780171488,1.4884638772325945e-07,0.9940790703734403,2
CUST0458,0.9916855736549993,0.008314426345000445,6.544875810613546e-38,0
CUST0459,3.032500229708625e-108,1.0,0.0,1
CUST0460,1.7217339037901535e-05,0.999982782660962,1.829658933571999e-122,1
CUST0461,1.4296249831645287e-05,6.554666001581233e-16,0.9999857037501679,2
CUST0462,6.096705001378797e-05,0.9999390329499849,3.273518936692281e-200,1
CUST0463,0.0008484703326731896,4.2358787350605063e-10,0.9991515292437391,2
CUST0464,0.9850437439492503,0.014956256050749758,6.247357628845191e-46,0
CUST0465,9.70638410752384e-93,1.0,0.0,1
CUST0466,2.331154129737339e-16,1.0,0.0,1
CUST0467,0.9206152051310332,2.634836581667579e-05,0.07935844650314974,0
CUST0468,0.05038564565366229,2.5468598343098623e-06,0.9496118074865036,2
CUST0469,0.9179413399722015,0.08205866002779794,2.9425259545315613e-82,0
CUST0470,0.983416146141705,0.0165838538582942,1.1408470164970359e-15,0
CUST0471,1.838609461794357e-05,0.9999816139053823,0.0,1
CUST0472,0.00978786473507075,1.0700347473661758e-06,0.9902110652301818,2
CUST0473,0.005466908841913913,8.353497391521547e-08,0.9945330076231121,2
CUST0474,0.07449832586003172,8.058035019674563e-08,0.9255015935596181,2
CUST0475,0.0006794804215219881,3.684994693060811e-09,0.9993205158934835,2
CUST0476,0.011161603382128193,1.6534333730512543e-05,0.988821862284141,2
CUST0477,0.9964150656313182,0.003584934368681915,5.9182994981978375e-64,0
CUST0478,0.012565754135378799,2.235509424536329e-06,0.987432010355197,2
CUST0479,1.5677338312683822e-24,1.0,0.0,1
CUST0480,0.011494395361850476,0.9885056046381488,7.20038736629574e-179,1
CUST0481,0.0002243447131519961,0.9997756552868479,2.469777392080755e-227,1
CUST0482,9.089214300165085e-87,1.0,0.0,1
CUST0483,0.9427539236314161,0.03591925659771721,0.021326819770865865,0
CUST0484,0.08738174663373005,2.482417327910662e-07,0.9126180051245373,2
CUST0485,3.439037229332044e-19,1.0,0.0,1
CUST0486,3.1384299023378795e-05,1.8305515601302358e-14,0.9999686157009584,2
CUST0487,3.1485772236452984e-09,0.9999999968514235,0.0,1
CUST0488,9.728665245289874e-88,1.0,0.0,1
CUST0489,0.9888944042078613,0.010202368455048866,0.0009032273370897301,0
CUST0490,0.9764415151087655,0.02355848489123498,3.734421163479647e-44,0
CUST0491,0.9999363641423314,6.363585766900482e-05,3.945039646906012e-29,0
CUST0492,0.003035006865619005,1.6185265877657798e-08,0.996964976949115,2
CUST0493,0.0008464959618306014,3.9384537665963706e-08,0.9991534646536318,2
CUST0494,0.006824238018631898,3.794840057997515e-07,0.9931753824973618,2
CUST0495,0.9999703075993305,2.9692400669998207e-05,3.1010214373048174e-20,0
CUST0496,0.0028463364914318445,0.9971536635085687,5.237858529889826e-37,1
CUST0497,0.9887251482468042,1.145194369124866e-06,0.011273706558826218,0
CUST0498,0.1314146340566186,0.868585365943382,5.097094789162035e-137,1
CUST0499,1.4135241814524993e-12,0.999999999998586,0.0,1
CUST0500,0.9506249433489721,0.00010164962968725602,0.049273407021341156,0
CUST0501,0.0004337857820571079,1.0248853332261054e-08,0.9995662039690898,2
CUST0502,1.4803381724610515e-08,0.9999999851966184,0.0,1
CUST0503,0.002996351486515764,3.227538605580326e-10,0.9970036481907302,2
CUST0504,0.00024781866128035655,4.470239366708113e-10,0.9997521808916956,2
CUST0505,0.9753200955803325,0.02467990441966803,1.2800642434092286e-30,0
CUST0506,0.01753981455288466,0.9824601854471146,6.844837576287235e-270,1
CUST0507,9.607919266696412e-44,1.0,0.0,1
CUST0508,0.4692632501340168,0.0012443712821540922,0.5294923785838296,2
CUST0509,0.9922765187606382,0.007723481239361084,6.60322285872505e-22,0
CUST0510,0.9981040721976793,0.0018959278023173817,3.761036376588288e-15,0
CUST0511,0.9401722778511936,0.059827722148806245,1.7696994692800305e-66,0
CUST0512,0.0025390417073028527,3.831414606105567e-09,0.9974609544612825,2
CUST0513,0.9941996571993674,0.005800342800632948,8.496504885112015e-57,0
CUST0514,0.99653275985709,0.0034672401429103484,1.8794493877251e-18,0
CUST0515,0.00012613092784456543,1.839210597610971e-11,0.9998738690537634,2
CUST0516,6.418821836313416e-06,0.9999935811781654,8.836909588992988e-220,1
CUST0517,4.2861412588405134e-16,1.0,0.0,1
CUST0518,0.9983331253105138,0.0016668746894863099,1.317857409129972e-22,0
CUST0519,0.00022353581341069863,2.054743859081376e-10,0.9997764639811151,2
CUST0520,0.9974220559266638,0.002577944073335838,4.2471083570866294e-16,0
CUST0521,2.5690722821759038e-37,1.0,0.0,1
CUST0522,0.9998939861350651,0.00010067110847305119,5.3427564613110214e-06,0
CUST0523,0.016317351368838634,4.098418637898831e-06,0.9836785502125234,2
CUST0524,0.9300169305068617,0.012209069003014985,0.0577740004901237,0
CUST0525,0.9074143650428803,2.873563893338178e-05,0.0925568993181854,0
CUST0526,6.461563023688965e-06,0.9999935384369769,1.9965887953409037e-288,1
CUST0527,0.09120842940919022,0.9087915705908101,3.78913081863512e-160,1
CUST0528,0.000662588744076325,1.876706232300118e-12,0.9993374112540474,2
CUST0529,8.69573929800796e-21,1.0,0.0,1
CUST0530,0.9977176491072772,0.0022823508927229713,2.495130323953474e-50,0
CUST0531,0.9814414724553706,0.018558527544629177,3.783725444334567e-30,0
CUST0532,0.09124729078542611,2.1300139059166003e-05,0.9087314090755149,2
CUST0533,0.9990297074628686,0.000970292537131283,1.0923634967793886e-73,0
CUST0534,0.0,1.0,0.0,1
CUST0535,0.9722328000809894,7.537434644609496e-05,0.02769182557256618,0
CUST0536,6.018283198446957e-06,0.999993981716802,0.0,1
CUST0537,0.01841987793547475,0.000125282796148847,0.9814548392683762,2
CUST0538,0.9955029237678369,0.004497076232163524,1.0414623906727697e-155,0
CUST0539,0.0002063038224350057,5.443146789761627e-11,0.9997936961231336,2
CUST0540,0.999997423479747,2.5759427549532056e-06,5.774980810496672e-10,0
CUST0541,1.3730495265169919e-81,1.0,0.0,1
CUST0542,0.9996412080269617,0.0003587919730390581,7.808828685565861e-104,0
CUST0543,0.9998018607473238,0.00019813925267122396,5.3903510372854495e-15,0
CUST0544,0.9194778211223557,0.010729832669476032,0.06979234620816814,0
CUST0545,0.9693544950383352,0.030645504961664426,2.6880130759047774e-54,0
CUST0546,0.14073426582845636,9.662801423355945e-06,0.8592560713701207,2
CUST0547,0.9946568240202566,0.005343175979742938,1.537802046955569e-50,0
CUST0548,3.1447235649531923e-21,1.0,0.0,1
CUST0549,0.8098902181374197,6.0001136763956324e-05,0.19004978072581616,0
CUST0550,0.9957828247862355,0.004217175213763727,2.275724104283448e-28,0
CUST0551,0.9890472158257804,0.010952784174219311,2.5547409010490315e-78,0
CUST0552,0.9850789971561853,3.4283431365555015e-05,0.014886719412448833,0
CUST0553,0.01321316360978172,1.8402397386612356e-08,0.986786817987821,2
CUST0554,2.059403569423013e-288,1.0,0.0,1
CUST0555,0.001576527710811601,2.0252982398997515e-09,0.9984234702638904,2
CUST0556,0.9940954162707679,0.005904583729232688,3.154866907658116e-44,0
CUST0557,0.0013610295953106542,1.5407869323358304e-08,0.9986389549968198,2
CUST0558,0.0027737943631798404,1.966497568859094e-06,0.9972242391392513,2
CUST0559,0.9981419392839085,0.0018580607160917347,6.197833474978851e-48,0
CUST0560,5.357847043247302e-05,0.9999464215295676,1.0723852697420796e-193,1
CUST0561,0.0016664053238186934,0.998333594676182,5.881294527060258e-194,1
CUST0562,1.6543083454759991e-06,0.9999983456916551,0.0,1
CUST0563,0.05079355952602231,0.0002195500673284654,0.9489868904066492,2
CUST0564,0.9353257916691748,0.06467420833082536,4.49801941364221e-79,0
CUST0565,0.002993913372812035,7.037982642993119e-08,0.9970060162473614,2
CUST0566,0.9996578164339156,0.0003421832793942795,2.866904875665098e-10,0
CUST0567,0.002929209675006685,7.535894094883944e-07,0.9970700367355834,2
CUST0568,0.9976224871348969,0.0023768502206156393,6.626444877205995e-07,0
CUST0569,0.0016646096635263613,2.0509319503998885e-08,0.9983353698271543,2
CUST0570,0.10347994545900684,2.1431245142013184e-05,0.8964986232958511,2
CUST0571,0.0003954032448245362,1.3374884831965652e-11,0.9996045967418012,2
CUST0572,2.520828282882546e-220,1.0,0.0,1
CUST0573,0.0003345845779265294,2.8697468287785658e-09,0.9996654125523267,2
CUST0574,0.9986751909325561,0.0012672512398461783,5.755782759697431e-05,0
CUST0575,3.3313992857799664e-60,1.0,0.0,1
CUST0576,0.9999993596101014,6.40389898450237e-07,1.3405121243585127e-43,0
CUST0577,0.0040766695506155295,6.023023763719677e-07,0.9959227281470082,2
CUST0578,0.9999674204434057,3.2579556573585316e-05,2.0427948410667792e-14,0
CUST0579,0.017424567543324825,2.1539088532087194e-05,0.9825538933681434,2
CUST0580,0.009322857292894485,2.475387144797481e-05,0.9906523888356572,2
CUST0581,0.9938590384325295,0.0061409615674706255,1.454243768002195e-32,0
CUST0582,0.9990365982450751,0.0009634017549256166,1.0819751133019426e-40,0
CUST0583,0.9994748365840085,0.0005251634159923545,2.0193278989388383e-56,0
CUST0584,3.372917933835623e-11,0.9999999999662705,0.0,1
CUST0585,0.9996682014038802,0.00033179859612006397,1.7612766666817185e-20,0
CUST0586,0.9639558665456026,0.03604413345439818,5.868399002794721e-127,0
CUST0587,0.49831694559668427,4.798497323016127e-06,0.5016782559059926,2
CUST0588,0.9789790466995278,0.02102095330047285,1.332374578010831e-19,0
CUST0589,0.1476647825210706,0.8523352174789296,7.981368774032547e-246,1
CUST0590,0.9994419803601171,0.0005580196398823969,7.793329394684111e-28,0
CUST0591,0.9995562398999885,0.00044376009204985224,7.961679338264053e-12,0
CUST0592,0.9999818661187033,4.2067751719887717e-07,1.771320377866605e-05,0
CUST0593,0.2778901368679477,0.005275790568566078,0.7168340725634857,2
CUST0594,0.9986785455519452,0.0013214544480550402,7.845165632414426e-113,0
CUST0595,0.0018112016005213702,0.9981887983994785,5.926230829594066e-239,1
CUST0596,8.59518389320931e-07,0.999999140481611,0.0,1
CUST0597,0.16734540904480238,0.0012197218155944709,0.8314348691396027,2
CUST0598,5.715790474928128e-07,0.9999994284209491,6.604046438103568e-25,1
CUST0599,0.9995734453431308,0.0003682552429758967,5.829941389412326e-05,0
CUST0600,0.008972476146046716,2.5201311112652197e-09,0.9910275213338223,2
CUST0601,0.9851824864171095,0.0148175135828911,4.403640617618301e-25,0
CUST0602,0.0004411596421974195,1.1653341852804747e-09,0.9995588391924682,2
CUST0603,0.9810165223073622,1.8521425287772187e-05,0.01896495626734997,0
CUST0604,1.6363033800528277e-08,0.9999999836369665,6.954940031648443e-309,1
CUST0605,0.06869813352549364,7.578896872047112e-05,0.931226077505786,2
CUST0606,2e-323,1.0,0.0,1
CUST0607,0.9771614727117144,0.02283852728828522,4.0749955439701676e-27,0
CUST0608,0.0036815265099787073,8.430363463747783e-07,0.9963176304536749,2
CUST0609,0.9978362062785773,0.002163761243020151,3.24784019771378e-08,0
CUST0610,0.9459108441259049,0.05408915587409451,6.67654328230488e-86,0
CUST0611,0.0003039083665400344,5.7603793370915825e-11,0.9996960915758558,2
CUST0612,0.9989161346992579,0.001083865300742229,7.95226826477554e-41,0
CUST0613,0.9966787698121781,0.0033212301876717103,1.501685946515981e-13,0
CUST0614,0.994610666775819,0.005389333223693883,4.86942625352029e-13,0
CUST0615,0.0009661255178404659,1.4826236132646142e-09,0.9990338729995356,2
CUST0616,0.994825160996782,0.001721369584142866,0.0034534694190748315,0
CUST0617,0.00015644499139690136,1.4843820082743375e-12,0.9998435550071192,2
CUST0618,0.929857254647439,0.07014274535256115,6.494469560874721e-43,0
CUST0619,0.9973152502169536,0.0026847467873122913,2.9957341709528076e-09,0
CUST0620,8.576502425215934e-170,1.0,0.0,1
CUST0621,0.9952056458728172,0.004794354127182249,9.821023354151738e-16,0
CUST0622,0.9385419680497,0.06145803036539101,1.5849093718847084e-09,0
CUST0623,0.9999948840358412,5.115964158934959e-06,1.50435261716115e-16,0
CUST0624,0.1425871411164949,7.650365575539039e-05,0.8573363552277494,2
CUST0625,0.999753847988442,0.00017300284122277488,7.314917033607826e-05,0
CUST0626,0.05434032768821983,4.849093064780409e-08,0.9456596238208493,2
CUST0627,0.0004810627190020913,3.928255557584481e-09,0.9995189333527424,2
CUST0628,0.0006351606231394323,7.297522198587427e-11,0.9993648393038854,2
CUST0629,0.00630737873249251,1.0864625073073327e-06,0.993691534805,2
CUST0630,0.002019446030978791,5.202897434633488e-11,0.9979805539169921,2
CUST0631,0.9997633838946294,0.0002366161053697153,9.964329819132976e-32,0
CUST0632,0.00041235357144440125,1.2851289479951884e-09,0.9995876451434266,2
CUST0633,0.9767273132645562,0.023002316232763324,0.0002703705026805431,0
CUST0634,0.6649823343701322,0.33501766562986773,1.7706977970658034e-167,0
CUST0635,0.5230677648650107,0.4769322351349902,6.867665945929906e-116,0
CUST0636,0.9999522954128781,4.770346519706902e-05,1.1219249158954314e-09,0
CUST0637,0.0003356398956084049,8.342250365441753e-11,0.9996643600209689,2
CUST0638,0.3526786051624025,0.6473213948375983,2.0684431684274997e-26,1
CUST0639,0.999038007214744,0.0009619927851516717,1.0407643120407605e-13,0
CUST0640,0.9919555903279532,0.008044409672046634,6.864151152531215e-24,0
CUST0641,0.9998940318477576,0.00010596815224268717,4.1851823422074124e-35,0
CUST0642,1.2485269185218066e-21,1.0,0.0,1
CUST0643,0.9981786131287034,0.0018199185464286903,1.4683248687026113e-06,0
CUST0644,0.9827738501356509,0.017226149864348766,2.599506663085812e-59,0
CUST0645,0.0015993795558238155,3.903796677878161e-10,0.9984006200537964,2
CUST0646,0.20080595194043305,0.7991940480595672,5.067172480025429e-37,1
CUST0647,0.644857412019695,0.0003884264925889635,0.354754161487716,0
CUST0648,0.0008797462208619679,5.66742239250271e-10,0.9991202532123958,2
CUST0649,0.021145251179188362,2.0339350542884016e-06,0.9788527148857576,2
CUST0650,3.506871266918232e-82,1.0,0.0,1
CUST0651,0.0725384672631596,3.865134031051058e-07,0.9274611462234378,2
CUST0652,0.016910130980967202,0.9830898690190337,6.974733846487307e-164,1
CUST0653,0.99995573966157,4.4092688245790685e-05,1.676501834040446e-07,0
CUST0654,0.9987906756739423,0.0012093219210596712,2.4049982906862976e-09,0
CUST0655,0.9999997080260634,2.9197293253600693e-07,1.0038309844632331e-12,0
CUST0656,0.9999767735460898,2.3226453910040117e-05,1.4254172198483592e-18,0
CUST0657,0.009556830168652483,0.9904431698313474,1.2461851057293454e-217,1
CUST0658,0.9920046552099905,0.00799533376221114,1.1027798603158127e-08,0
CUST0659,0.9994061577243599,0.000593719885400798,1.223902388679836e-07,0
CUST0660,5.861094755219367e-20,1.0,0.0,1
CUST0661,0.04042967043938606,3.6776360433257284e-05,0.9595335532001805,2
CUST0662,0.0010088491898509564,4.417932833564278e-09,0.9989911463922162,2
CUST0663,0.2577224279779315,0.0008050813415068426,0.741472490680562,2
CUST0664,0.9997978335419945,0.00020216645799192763,1.3580327859335647e-14,0
CUST0665,0.00019361219509978685,8.129917493704497e-11,0.9998063877236011,2
CUST0666,0.7679332096620577,0.23206679033794242,7.339834720818845e-150,0
CUST0667,0.005180499437515954,2.4034081400599756e-05,0.9947954664810842,2
CUST0668,0.9923064421892464,0.007693557810752934,1.0629609712434912e-45,0
CUST0669,0.07010428387105037,3.5472232637639313e-07,0.9298953614066229,2
CUST0670,0.0005861017693637447,6.940752194534596e-09,0.9994138912898844,2
CUST0671,0.0016987679331405766,4.897467376186553e-08,0.9983011830921855,2
CUST0672,0.0008312335299812334,6.5635855443151734e-09,0.9991687599064335,2
CUST0673,0.9987472021846818,0.0012527978153185385,7.654834288207865e-19,0
CUST0674,0.9738312318822361,0.02616876811776341,2.6684969605109338e-17,0
CUST0675,0.9990098766710314,0.0009901233289680814,1.7947040654096336e-24,0
CUST0676,4.383619178062923e-11,0.9999999999561631,0.0,1
CUST0677,0.5324859019829333,8.602418601035008e-08,0.4675140119928812,0
CUST0678,0.0005277566912031383,1.0320275808675739e-09,0.9994722422767692,2
CUST0679,0.9952223800975684,0.004777619902432226,8.557579801653857e-72,0
CUST0680,0.01190185217298366,0.988098147827017,7.399589506742699e-220,1
CUST0681,0.9269207114258677,0.07307928857413155,4.9769861968976836e-79,0
CUST0682,0.002936356881732869,2.5997596874646493e-06,0.9970610433585795,2
CUST0683,1.6826649685070079e-06,0.9999983173350308,4.855369513944758e-287,1
CUST0684,0.9961397420528529,0.003860257947147603,3.680020926314715e-50,0
CUST0685,0.030576857338481752,5.400754129430551e-06,0.9694177419073889,2
CUST0686,0.4954439496045672,0.5045560503954328,7.92235476613228e-140,1
CUST0687,0.9997269226128873,0.00027307738703277344,7.988596794246264e-14,0
CUST0688,0.3994330285529707,0.001716995800901384,0.5988499756461274,2
CUST0689,0.925278441089255,0.0015405375158507979,0.07318102139489499,0
CUST0690,0.9998235438107316,2.8640858414368916e-09,0.00017645332518175842,0
CUST0691,0.9749656723303354,0.025034327669664815,8.53652941464991e-33,0
CUST0692,0.001109249166241843,5.6077477719839646e-09,0.9988907452260102,2
CUST0693,0.9995220582833667,0.00047794171663264305,1.1871728922072002e-17,0
CUST0694,7.020092855590015e-66,1.0,0.0,1
CUST0695,0.9972567222078489,0.002743277777779681,1.4371612129206002e-11,0
CUST0696,0.440687042212487,0.5593129577875128,3.85215333084728e-30,1
CUST0697,0.0003383275614561682,2.7480410060553786e-10,0.9996616721637398,2
CUST0698,0.9830514072616878,0.016948592736252165,2.0598325975525305e-12,0
CUST0699,0.9979389589132546,0.0020610410867457733,4.3582883456184713e-38,0
CUST0700,0.9950109605030358,0.004989039496745517,2.1879555546048841e-13,0
CUST0701,0.9800167430983486,0.019983256901631035,2.0711506333195886e-14,0
CUST0702,0.0008651261470461502,3.0270049797643487e-12,0.9991348738499268,2
CUST0703,0.044382214453243446,7.921090711305671e-07,0.9556169934376847,2
CUST0704,3.5693459272955073e-17,1.0,0.0,1
CUST0705,1.2162317828349996e-127,1.0,0.0,1
CUST0706,0.0007058719218160725,7.241431527313549e-09,0.9992941208367525,2
CUST0707,0.169416154077275,0.0001563640200810813,0.8304274819026439,2
CUST0708,0.00532391728589965,9.627631081492672e-07,0.9946751199509922,2
CUST0709,0.8719078178305534,0.0006363969052645493,0.12745578526418236,0
CUST0710,0.9502497370736103,0.049744728466519735,5.534459869764207e-06,0
CUST0711,0.0012246861671358974,3.6716851123411945e-08,0.9987752771160129,2
CUST0712,0.9961837456973769,0.0001654546608928376,0.0036507996417295446,0
CUST0713,0.998848687248235,0.0011513127517642832,1.6832242945484058e-25,0
CUST0714,0.0006240217379977108,4.779136810034004e-10,0.9993759777840887,2
CUST0715,0.9994627687041211,0.0005372312957986444,8.019798601459268e-14,0
CUST0716,0.005984316182954691,3.1791063677916964e-06,0.9940125047106777,2
CUST0717,0.9952393134388997,0.004760686561099471,3.8201615448476285e-30,0
CUST0718,0.9927461972343857,0.0014181854566493498,0.005835617308964791,0
CUST0719,0.008908307339069277,1.310157829307865e-06,0.9910903825031018,2
CUST0720,4.959907248212026e-30,1.0,0.0,1
CUST0721,1.1385965565708167e-73,1.0,0.0,1
CUST0722,0.9999754111867697,2.4588813230703345e-05,5.182041860750834e-20,0
CUST0723,0.8529549594247036,0.0035795581268475265,0.14346548244844806,0
CUST0724,0.9575512936542779,0.04244870634572339,2.7940918740406276e-46,0
CUST0725,0.0024206061063284635,2.0075650392199833e-07,0.9975791931371674,2
CUST0726,0.8333137109757797,0.00012173068649645369,0.16656455833772352,0
CUST0727,0.9970774644044568,0.002625540892758373,0.00029699470278610825,0
CUST0728,0.00395237219720767,1.7262432102974912e-06,0.9960459015595821,2
CUST0729,0.9937087137452703,0.006291286254729688,6.820837104822068e-46,0
CUST0730,0.9892621187830603,0.010737881216940541,2.597284960659098e-30,0
CUST0731,0.00023612510208892337,3.006743813207846e-11,0.9997638748678437,2
CUST0732,0.09290699105355056,0.9070930089464495,2.6150883330874764e-105,1
CUST0733,0.04432792567758724,2.355954753456602e-07,0.9556718387269371,2
CUST0734,0.9998301535082758,0.00016984648981108953,1.9126770105684664e-12,0
CUST0735,0.9976056204942207,0.0023943795057784086,1.0610599081142724e-80,0
CUST0736,0.9945031112301957,0.005496888769803495,8.930682120895031e-57,0
CUST0737,0.42643269719819865,0.5735673028017997,3.159016767390372e-250,1
CUST0738,0.9997829580489578,0.000217041951042685,1.5312421730225143e-31,0
CUST0739,0.9958884740044358,0.004111525995564389,5.924973189667709e-32,0
CUST0740,0.9979860276355259,0.001572711250376623,0.00044126111409693435,0
CUST0741,4.795356158760713e-137,1.0,0.0,1
CUST0742,0.024646989251049096,0.00012865284507083198,0.9752243579038797,2
CUST0743,0.9985582656263325,0.0014417343505970567,2.3070247561886676e-11,0
CUST0744,0.9952311168655612,0.004708790053726067,6.0093080713416496e-05,0
CUST0745,1.1442959193619306e-12,0.999999999998856,0.0,1
CUST0746,0.9991853935992676,0.0008146064007317966,4.7716653539412066e-88,0
CUST0747,0.9983921724776006,0.001607827522399825,1.5270492005661646e-36,0
CUST0748,0.0015005775016550163,5.6981923129879326e-08,0.9984993655164213,2
CUST0749,0.07021985695449187,9.884740649647852e-05,0.9296812956390119,2
CUST0750,0.008262685148514005,1.0838173838488965e-07,0.9917372064697476,2
CUST0751,0.9910902283989212,4.332053507754455e-05,0.008866451066000812,0
CUST0752,0.022678066631088137,5.427431939648217e-05,0.9772676590495156,2
CUST0753,1.8465061746363142e-15,0.9999999999999964,0.0,1
CUST0754,0.9865134275312706,0.013486572468729651,1.3625839998474997e-39,0
CUST0755,0.970438320535092,0.029561679464907332,9.174460542754156e-21,0
CUST0756,0.9983074615058907,0.001692538494109577,1.5445779376313178e-50,0
CUST0757,9.082061730360125e-05,8.414761078080869e-11,0.9999091792985486,2
CUST0758,0.007074776635045573,1.6672465582206136e-07,0.992925056640299,2
CUST0759,0.9182614789523799,0.081738521047621,4.4772096279524225e-175,0
CUST0760,0.6540536795953958,0.34594632040460327,4.4343859315092865e-114,0
CUST0761,5.100154445378602e-52,1.0,0.0,1
CUST0762,0.9928670230212472,0.007132976978545275,2.0824182932024794e-13,0
CUST0763,0.9915756048761146,0.0005552378764673943,0.007869157247418343,0
CUST0764,0.7413994970400907,0.007260165829382218,0.2513403371305279,0
CUST0765,1.6238548074089325e-14,0.999999999999984,0.0,1
CUST0766,2.9732404618863626e-09,0.9999999970267588,1.5326971914091916e-218,1
CUST0767,0.011514581824554008,0.9884854181754454,5.009145804343876e-49,1
CUST0768,0.993665869844068,0.00013422313928046015,0.00619990701665194,0
CUST0769,0.007484738751126908,0.992515261248873,1.8524247604886668e-200,1
CUST0770,0.00020005769030922405,2.652036048642866e-12,0.9997999423070387,2
CUST0771,1.3808505852410645e-73,1.0,0.0,1
CUST0772,0.5913389179823432,0.40866108201765605,3.725788660727116e-119,0
CUST0773,0.0022961557267998844,7.519963820461946e-07,0.9977030922768185,2
CUST0774,0.9919474340773892,0.0008263189529678497,0.007226246969642742,0
CUST0775,1.841482928785822e-14,0.9999999999999822,0.0,1
CUST0776,0.007780681847105185,1.210911844693672e-05,0.9922072090344478,2
CUST0777,0.0005481976875985074,1.3109478613127866e-08,0.9994517892029229,2
CUST0778,3.590858706126995e-17,1.0,0.0,1
CUST0779,0.07574549976429615,0.9242545002357029,7.184874515720456e-133,1
CUST0780,0.0,1.0,0.0,1
CUST0781,0.012760071484810682,1.0884287061657562e-05,0.9872290442281278,2
CUST0782,6.589344148475966e-182,1.0,0.0,1
CUST0783,0.3897579705687733,0.6102420294312261,1.1702725689778986e-243,1
CUST0784,0.04583250257233458,4.190827309192115e-08,0.9541674555193924,2
CUST0785,0.9915483912017631,0.008451569457611897,3.9340624828480207e-08,0
CUST0786,6.116929715207154e-07,0.9999993883070287,5.7067940222499234e-118,1
CUST0787,0.00475716316442758,7.193806914249069e-07,0.9952421174548813,2
CUST0788,0.9723342660629433,0.027665733937055834,1.8341969542797384e-134,0
CUST0789,0.9955548474859227,0.004445152514076992,1.1763476092050414e-20,0
CUST0790,0.980078686673473,0.019921313326526746,3.122520313358744e-27,0
CUST0791,0.061039059234101335,0.9389609407658979,7.711481170269184e-186,1
CUST0792,0.9873597057478016,0.012529132992025223,0.00011116126017336747,0
CUST0793,0.6736430144105044,0.3263569855894963,1.402567971240601e-96,0
CUST0794,0.0009725444912560867,0.9990274555087434,0.0,1
CUST0795,0.9947384941772287,0.005261505822770758,1.1866253193641583e-63,0
CUST0796,0.9937578947188568,0.006185246269696053,5.6859011446699544e-05,0
CUST0797,4.030400685689055e-06,0.9999959695993136,3.538216744278724e-287,1
CUST0798,0.005349912654598701,8.275937488516747e-07,0.994649259751652,2
CUST0799,0.0016905310785997219,6.866644348435565e-08,0.998309400254957,2
CUST0800,0.0034639537175980713,0.9965360462824021,0.0,1
CUST0801,0.12429044966279654,0.0011261632965971337,0.8745833870406062,2
CUST0802,0.9969664506438639,0.0029234171739921998,0.00011013218214338612,0
CUST0803,0.9950493534234457,0.004949229993006364,1.416583547106795e-06,0
CUST0804,0.017041850074922416,9.239216462696764e-05,0.9828657577604503,2
CUST0805,1.8410869534727178e-36,1.0,0.0,1
CUST0806,0.010433075976284695,6.514024215123555e-07,0.989566272621294,2
CUST0807,0.021764588947572588,1.0212203258838012e-05,0.9782251988491684,2
CUST0808,0.49932700335387936,1.1834598571491012e-06,0.5006718131862644,2
CUST0809,0.9720758370115747,0.02792416298842562,1.2379257475211045e-41,0
CUST0810,0.9953541387857406,0.004645861213388759,8.69934244593134e-13,0
CUST0811,0.00018223544487873405,1.6196438784269781e-12,0.9998177645535015,2
CUST0812,0.9978784771235739,0.0021215228764258007,2.854222759318491e-17,0
CUST0813,0.018296535318400853,0.9817034646815987,5.2437116967044074e-238,1
CUST0814,0.9985658963086164,0.0013761532872567375,5.795040412775081e-05,0
CUST0815,0.999832436315514,1.2355490426288282e-05,0.00015520819405885484,0
CUST0816,0.9985765138343059,0.0014234861655482262,1.4586171506053004e-13,0
CUST0817,0.9982266359186391,0.0017733640778611216,3.499680293873069e-12,0
CUST0818,9.827372122901258e-34,1.0,0.0,1
CUST0819,0.001986328018916178,5.428717221546072e-10,0.9980136714382123,2
CUST0820,0.6574406976809953,0.0008008793155085957,0.34175842300349557,0
CUST0821,0.9319320386900286,0.06806796130997146,3.906050672647385e-74,0
CUST0822,0.00039668793415327573,1.0529932076069103e-10,0.9996033119605473,2
CUST0823,2.3891040967884298e-24,1.0,0.0,1
CUST0824,0.3356439904153892,0.6643560095846108,2.177045945227694e-110,1
CUST0825,0.9844295604791332,0.01557043952086726,3.5412666978750808e-65,0
CUST0826,0.011329151115512177,0.9886708488844883,0.0,1
CUST0827,0.9949192777982002,0.004611206096344737,0.00046951610545511367,0
CUST0828,0.0024292907495429526,1.4812210784479517e-09,0.9975707077692361,2
CUST0829,3.711051969380522e-08,0.9999999628894798,0.0,1
CUST0830,0.07790703582507937,0.00024646650980313496,0.9218464976651176,2
CUST0831,0.007118803446214708,9.359708888576574e-07,0.9928802605828962,2
CUST0832,0.012859453711591272,0.9871405462884094,2.15326926e-316,1
CUST0833,4.265908079674116e-08,0.9999999573409193,0.0,1
CUST0834,0.989682952334512,0.010317047665488494,5.446976809913212e-38,0
CUST0835,0.010484178622614464,4.388189866160367e-07,0.9895153825583988,2
CUST0836,0.9982347761764626,0.001765223823537255,6.476852009370451e-107,0
CUST0837,0.08556679115617065,0.9144332088438287,7.443754744211528e-138,1
CUST0838,0.0009276195564760122,2.9854663305827723e-09,0.9990723774580577,2
CUST0839,0.858913045018542,0.1410869549814575,1.1415470422840377e-183,0
CUST0840,2.07176935884565e-66,1.0,0.0,1
CUST0841,0.05287512904516829,1.384107304115103e-06,0.9471234868475273,2
CUST0842,0.9973940996462708,6.230221380195486e-05,0.0025435981399276695,0
CUST0843,0.9948278620200115,0.005172137979946759,4.226323461605148e-14,0
CUST0844,0.00013845970077901057,8.278547601216288e-12,0.9998615402909424,2
CUST0845,0.9995513019107366,0.00044869808926339873,7.37825855205951e-40,0
CUST0846,3.2886644267230177e-07,0.9999996711335574,7.090797813214137e-255,1
CUST0847,0.32427694782701594,0.6757230521729848,1.1617274961243623e-195,1
CUST0848,5.678209648803131e-09,0.9999999943217901,0.0,1
CUST0849,6.927953975279127e-06,0.999993072046024,0.0,1
CUST0850,0.9997740289876869,0.0002171960401756316,8.774972136780352e-06,0
CUST0851,0.0001819238146627079,7.06343729028708e-09,0.9998180691218997,2
CUST0852,0.0368551600577612,1.3918679114812467e-07,0.963144700755448,2
CUST0853,0.9821201381228157,0.017879861877183854,1.2155430246775125e-82,0
CUST0854,0.00030691208733858065,5.2924689789528205e-12,0.9996930879073687,2
CUST0855,0.03597022468721217,1.5461409399599434e-07,0.9640296206986939,2
CUST0856,0.012292509959749613,0.9877074900402499,3.665193879226177e-185,1
CUST0857,0.9994876460030898,2.0338161918911114e-05,0.0004920158349916102,0
CUST0858,0.0003849324904626012,1.92261305498082e-09,0.9996150655869243,2
CUST0859,0.999937949142791,6.164727391508202e-05,4.0358329415000837e-07,0
CUST0860,2.669912217771512e-13,0.9999999999997335,0.0,1
CUST0861,0.0029534033595310033,3.0136778507147103e-06,0.9970435829626182,2
CUST0862,0.005526288764624207,6.707019476560957e-07,0.9944730405334284,2
CUST0863,0.9994315176791922,0.0005684819650869893,3.5572061588067794e-10,0
CUST0864,1.03181e-318,1.0,0.0,1
CUST0865,0.2923037024593291,0.7076962975406708,5.508411083762954e-190,1
CUST0866,8.016439547382711e-05,3.2328610713231187e-10,0.9999198352812398,2
CUST0867,3.7699210138486e-05,7.355331446091528e-14,0.9999623007897875,2
CUST0868,0.005988478647945015,2.5586617218873844e-06,0.9940089626903331,2
CUST0869,0.9275538188512467,0.07244618114875297,1.5197245641458502e-79,0
CUST0870,8.965141478041535e-05,0.9999103485852201,0.0,1
CUST0871,0.003702189118805892,1.4041444992068404e-06,0.9962964067366945,2
CUST0872,0.0005050658752991557,1.260110657733824e-10,0.9994949339986897,2
CUST0873,0.0032304128533929776,6.280992476003519e-10,0.9967695865185071,2
CUST0874,0.9996626572817441,0.00033734271825669644,5.447424707192205e-27,0
CUST0875,0.00027017312783140547,3.553938017956585e-10,0.9997298265167749,2
CUST0876,0.09242155333654428,0.9075784466634557,2.705654378742214e-83,1
CUST0877,0.9676923040583986,0.032307695941601426,9.3672798280036e-81,0
CUST0878,0.00022691114112798836,1.6830950425980267e-11,0.9997730888420414,2
CUST0879,0.9964902401045224,0.003509759894176376,1.3010644812539871e-12,0
CUST0880,0.9930029554049331,0.0069970445950667615,1.9076041839936574e-39,0
CUST0881,0.06757938759201805,1.670252432983689e-05,0.9324039098836518,2
CUST0882,0.00029624116602942544,0.9997037588339697,0.0,1
CUST0883,0.9530889932061583,0.0011433653369978742,0.045767641456843935,0
CUST0884,0.9992353745212071,0.0007646254736671981,5.125127056428765e-12,0
CUST0885,0.05912297923784254,1.4030614626146833e-06,0.940875617700695,2
CUST0886,0.00442807563175485,2.5006378351714783e-07,0.9955716743044619,2
CUST0887,0.002440714193131565,6.814283533366399e-08,0.9975592176640333,2
CUST0888,0.06619171102418148,2.2973441844238008e-05,0.9337853155339745,2
CUST0889,0.9974848764132681,0.002515123585921342,8.109448992907031e-13,0
CUST0890,3.0139381362053315e-07,0.999999698606188,1.430554715150369e-265,1
CUST0891,0.0017686479208778598,3.221527623972428e-08,0.9982313198638457,2
CUST0892,0.9272891795280683,0.07271082047193211,3.738417931196562e-142,0
CUST0893,0.0016407293902866665,2.731948002581387e-08,0.9983592432902332,2
CUST0894,0.8081225557897618,0.001492058127334882,0.19038538608290403,0
CUST0895,4.5380604339936834e-86,1.0,0.0,1
CUST0896,7.578868853286763e-16,1.0,0.0,1
CUST0897,0.3017311180720015,0.6982688819279983,3.001200282442077e-108,1
CUST0898,0.001437218373956455,6.298288028764565e-11,0.998562781563061,2
CUST0899,0.032023303493983184,1.4514758657302286e-06,0.967975245030151,2
CUST0900,0.003994455436822019,1.2640486986398675e-06,0.9960042805144793,2
CUST0901,4.0469767969170344e-10,0.9999999995953015,0.0,1
CUST0902,6.239046862515509e-59,1.0,0.0,1
CUST0903,0.6516195357009419,0.0008754232404757944,0.3475050410585824,0
CUST0904,0.8185961497981668,0.18140385020183347,4.797435315165459e-37,0
CUST0905,0.020553955306137506,4.777049922598031e-08,0.9794459969233631,2
CUST0906,2.2478683529753932e-06,0.9999977521316468,0.0,1
CUST0907,0.13002431592791858,0.8699756840720806,1.0506624763215126e-301,1
CUST0908,0.30787325510879887,5.674370731873966e-05,0.6920700011838826,2
CUST0909,0.9999738113075362,3.683047883686006e-06,2.2505644580949087e-05,0
CUST0910,9.594728260635985e-11,0.9999999999040519,0.0,1
CUST0911,0.006750294652289906,3.484040532788942e-06,0.9932462213071775,2
CUST0912,0.00043795192754676044,0.9995620480724529,1.788597370957562e-264,1
CUST0913,0.0016777971558691494,0.9983222028441302,9.70445470524e-313,1
CUST0914,0.3483676023726181,0.6516323976273816,7.285395554441658e-213,1
CUST0915,0.005960176230618888,1.5193338513588048e-09,0.9940398222500468,2
CUST0916,0.0013072539731372392,6.691847897183484e-08,0.9986926791083839,2
CUST0917,0.9923230072147684,0.007676992785231155,3.744825494649864e-47,0
CUST0918,0.9744800345954902,0.016949218673582057,0.008570746730927264,0
CUST0919,0.9995034019795739,0.0004965980203765172,5.039331987058581e-14,0
CUST0920,0.5308173077331985,3.9921005236162586e-06,0.4691787001662783,0
CUST0921,0.993092656232077,0.006907343767922651,8.343189450805807e-31,0
CUST0922,0.9973494755305905,0.0026337965962676805,1.6727873141791034e-05,0
CUST0923,0.9987874661190885,0.0012125338809117262,9.37858866423245e-72,0
CUST0924,0.0,1.0,0.0,1
CUST0925,0.12635581682567076,0.8736441831743309,8.952689032536926e-124,1
CUST0926,0.8226178657001316,6.873377141857697e-05,0.17731340052844963,0
CUST0927,0.2714834238923121,0.00010250438221827692,0.7284140717254697,2
CUST0928,0.0014157568998636745,1.284235243455777e-09,0.9985842418159012,2
CUST0929,0.09703504214397977,1.3290368910146045e-05,0.9029516674871103,2
CUST0930,0.9996200859654208,0.00022559142719177263,0.00015432260738741692,0
CUST0931,6.857102355705819e-05,2.1208905718987e-12,0.9999314289743225,2
CUST0932,2.607382085731223e-137,1.0,0.0,1
CUST0933,0.0003832366672151215,7.96964693110843e-11,0.9996167632530883,2
CUST0934,0.0011261587768689246,4.4202526773404254e-08,0.998873797020604,2
CUST0935,1.8668929912087075e-25,1.0,0.0,1
CUST0936,0.992924788928271,0.007075211071729396,9.350774413391785e-24,0
CUST0937,0.9705711650539763,0.02942883494602328,5.952682065680886e-67,0
CUST0938,0.0003497714255825324,1.0363501205285205e-08,0.9996502182109164,2
CUST0939,0.839153904431239,0.1608460955687603,4.0829781874855333e-109,0
CUST0940,0.5729409576743771,0.0013443556068153434,0.4257146867188082,0
CUST0941,0.9977608432210959,0.0022391555638724197,1.2150318994741436e-09,0
CUST0942,0.00034033482763279875,2.7921479224436285e-11,0.9996596651444457,2
CUST0943,7.10163375145647e-07,0.9999992898366247,0.0,1
CUST0944,0.9998905419843671,0.00010945801563319818,5.144824121367181e-16,0
CUST0945,0.04570237592244295,0.9542976240775569,9.5739401839314e-171,1
CUST0946,3.054949808105667e-05,8.314283082913028e-14,0.9999694505018359,2
CUST0947,0.9866130743755827,0.013386925624416549,5.492307169659863e-30,0
CUST0948,0.9999289001733935,7.09780888397594e-05,1.217377663769015e-07,0
CUST0949,0.5608722545149192,0.0014009219017544145,0.43772682358332615,0
CUST0950,0.006690377582849588,6.944369309551064e-08,0.9933095529734576,2
CUST0951,9.320112894944316e-06,9.022250750936639e-15,0.999990679887096,2
CUST0952,0.9888424233304386,0.011157576669561695,4.927361334636771e-130,0
CUST0953,0.0006172605666833236,4.7635399163086533e-08,0.9993826917979179,2
CUST0954,0.14422134298387068,3.396125912385083e-07,0.8557783174035386,2
CUST0955,0.009083021943577093,5.217576611839702e-07,0.990916456298762,2
CUST0956,0.9987103790587595,0.0006913898010996424,0.0005982311401407337,0
CUST0957,9.141710008329349e-12,0.9999999999908589,0.0,1
CUST0958,0.9999682338789644,3.0692552105483276e-05,1.073568930040687e-06,0
CUST0959,0.05871856490712264,8.326772668424398e-06,0.9412731083202092,2
CUST0960,0.00523718411894051,1.306154423392283e-08,0.9947628028195156,2
CUST0961,0.0019128431020770512,0.9980871568979213,2.682984895772191e-240,1
CUST0962,0.9961027358950446,0.00389659542115252,6.686838022464801e-07,0
CUST0963,0.5459551046769043,2.3524190252917155e-07,0.4540446600811924,0
CUST0964,0.9573458976973463,0.04265410230265362,1.4776118537330465e-41,0
CUST0965,0.002368001774949284,4.318044214139249e-08,0.9976319550446086,2
CUST0966,6.998735178625936e-05,1.0542975422725505e-12,0.9999300126471595,2
CUST0967,0.9084041218368204,0.01011367413983543,0.0814822040233447,0
CUST0968,8.852671927245878e-55,1.0,0.0,1
CUST0969,3.869103285535781e-05,9.262936609189561e-13,0.9999613089662184,2
CUST0970,0.9951935740810203,0.004806425918980565,6.492736614961911e-30,0
CUST0971,0.000803270433759555,1.4805782919079114e-09,0.9991967280856618,2
CUST0972,0.0014098901636558539,3.1124671690629366e-08,0.9985900787116726,2
CUST0973,0.9974297269748392,0.002570272977773558,4.738713303227819e-11,0
CUST0974,0.986940521668571,0.013059478331429042,7.869996180493767e-17,0
CUST0975,0.2196188985355128,1.0511593093188051e-07,0.7803809963485557,2
CUST0976,0.00975375568961127,7.219073007299918e-06,0.9902390252373818,2
CUST0977,0.9292877424471906,0.07071225755281023,1.4151509935758014e-48,0
CUST0978,0.9899659553089041,0.010034044691096554,6.481463210688751e-39,0
CUST0979,0.006044246562206095,1.5972284557472712e-09,0.9939557518405656,2
CUST0980,0.0016984129667402047,0.99830158703326,6.912451405098214e-210,1
CUST0981,0.999968060441906,3.1915371847427716e-05,2.4186246788018922e-08,0
CUST0982,0.9969090431252989,0.0030909568671034886,7.597608182834006e-12,0
CUST0983,0.003467256531707655,2.0689873306643276e-09,0.9965327413993051,2
CUST0984,3.472130189472125e-05,0.9999652786981047,9.662759995595423e-244,1
CUST0985,0.0005416565558899997,3.013686567232446e-11,0.9994583434139729,2
CUST0986,0.9978910263618282,0.002108865525283874,1.0811288765949019e-07,0
CUST0987,0.013758867018442587,1.4047561667196427e-10,0.9862411328410825,2
CUST0988,0.004473574127677585,3.033954079799865e-09,0.9955264228383685,2
CUST0989,0.9985378641266297,0.0014621358733698095,2.7030613391981563e-43,0
CUST0990,0.00018519675303764704,0.999814803246963,6.868278657684763e-163,1
CUST0991,2.9815445960350476e-16,1.0,1.9047545303622634e-157,1
CUST0992,0.0008118626773167426,1.8919164715805552e-09,0.9991881354307669,2
CUST0993,0.9093642004908385,0.09063579950916169,1.5645845304000258e-133,0
CUST0994,0.0004095596521057198,9.368660642658405e-11,0.9995904402542076,2
CUST0995,0.1081288226556312,2.290901056611283e-05,0.8918482683338024,2
CUST0996,0.08236467981719665,1.3704327852060382e-05,0.9176216158549516,2
CUST0997,0.00012955307798827355,5.435038784126088e-13,0.9998704469214683,2
CUST0998,0.0018839187873817209,1.1968067600220146e-08,0.9981160692445508,2
CUST0999,0.9851236158572324,0.0014532684397356142,0.013423115703031702,0
CUST1000,0.05003349054285003,9.58745864718122e-07,0.9499655507112849,2
CUST1001,0.003363201320719405,0.9966367986792801,1.5040236908301525e-176,1
CUST1002,0.7377289160578872,0.26227108394211257,6.487239910221196e-125,0
CUST1003,0.9900081324373636,0.00014737551968952947,0.009844492042946589,0
CUST1004,0.0014490494569877155,6.905810734439127e-09,0.9985509436372016,2
CUST1005,0.008017574786041492,0.9919824252139586,8.070280150974705e-218,1
CUST1006,0.9802091647701926,0.01978941009916007,1.4251306476606751e-06,0
CUST1007,0.9999821150403907,1.788495961022426e-05,2.3957273198394376e-27,0
CUST1008,0.0001381639006639231,0.9998618360993364,1.2732355047176619e-289,1
CUST1009,0.9966807282598293,0.0033192215119911884,5.022818017648445e-08,0
CUST1010,0.010599360279740422,3.469594907111257e-08,0.9894006050243103,2
CUST1011,0.0009658257339380061,9.909047132858074e-09,0.9990341643570149,2
CUST1012,0.9988298252660258,0.0009570645677184488,0.0002131101662553007,0
CUST1013,0.8546779373764315,0.14532206262356773,1.1551439387170382e-85,0
CUST1014,0.0015693989004933748,0.9984306010995063,0.0,1
CUST1015,0.3913425714489204,0.00021199153919986694,0.6084454370118797,2
CUST1016,0.9633061525034533,0.0366938474965475,1.4435160791084032e-98,0
CUST1017,0.02591109972715466,0.00010790506653523139,0.9739809952063099,2
CUST1018,0.00037638794405358975,4.327257874328323e-08,0.9996235687833678,2
CUST1019,2.2918972726599186e-62,1.0,0.0,1
CUST1020,0.7831426389149682,0.001422525798484529,0.21543483528654697,0
CUST1021,5.611940938083167e-26,1.0,0.0,1
CUST1022,0.504562477801438,0.0012654482724940555,0.49417207392606793,0
CUST1023,0.00426099034075801,6.138636274952541e-08,0.9957389482728791,2
CUST1024,0.0005567280803351937,1.7340912158216375e-10,0.9994432717462558,2
CUST1025,0.00018616545184245537,3.474087211085806e-11,0.9998138345134168,2
CUST1026,0.00027514392489191955,1.0361076612285471e-10,0.9997248559714974,2
CUST1027,0.6628442253583031,0.00015649280299578176,0.33699928183870054,0
CUST1028,0.93246661173984,0.06753338826016078,8.298868495551627e-63,0
CUST1029,7.315985185802169e-236,1.0,0.0,1
CUST1030,0.9612431470392326,0.03875685295682579,3.942282158876338e-12,0
CUST1031,0.979185601892514,0.020814398107486635,1.4140164017780151e-33,0
CUST1032,0.9712444519680021,0.028755548031997667,5.7343646570596185e-87,0
CUST1033,0.9776705018169844,0.02232949818301517,4.392259507829359e-28,0
CUST1034,0.00031738673061769613,4.455422870759042e-11,0.9996826132248282,2
CUST1035,0.5103756300559661,0.4896243699440335,3.3219486175652344e-95,0
CUST1036,8.387665484174738e-68,1.0,0.0,1
CUST1037,1.6183232124352857e-40,1.0,0.0,1
CUST1038,0.9458792994778585,0.00010219580659588918,0.054018504715545,0
CUST1039,0.025989478561297744,0.9740105214387021,1.3120254931255869e-173,1
CUST1040,0.9407477693272879,0.05925223067271237,9.503317881106369e-87,0
CUST1041,0.00039455146249837546,1.1645479065784076e-09,0.9996054473729539,2
CUST1042,4.7858906318674874e-18,1.0,0.0,1
CUST1043,0.9549487620313016,2.2019255605792646e-07,0.04505101777614241,0
CUST1044,0.9845988063807039,0.0154011936192954,4.510360378350585e-115,0
CUST1045,0.032672132858242296,4.3720422007412706e-07,0.9673274299375375,2
CUST1046,5.363352480302534e-16,1.0,0.0,1
CUST1047,7.599057068516745e-25,1.0,0.0,1
CUST1048,0.002620555335975634,6.963800879419876e-08,0.9973793750260155,2
CUST1049,0.6897030164607619,0.00033811894384227185,0.30995886459539596,0
CUST1050,1.2588226845711215e-19,1.0,0.0,1
CUST1051,0.9984435964097368,3.146721459904052e-05,0.0015249363756640179,0
CUST1052,0.384909013487905,0.6150909865120964,1.7197294174136116e-292,1
CUST1053,7.0280798924755506e-06,0.9999929719201063,3.6465115149276737e-174,1
CUST1054,0.012842272047590211,1.8774211485752823e-05,0.9871389537409242,2
CUST1055,2.4859119067909084e-33,1.0,0.0,1
CUST1056,8.690242552476008e-05,4.163982042903441e-11,0.9999130975328356,2
CUST1057,0.977532862636027,0.02246713736397217,2.2646477213409402e-35,0
CUST1058,0.9519235879562865,0.048076412043712685,6.723910504172612e-178,0
CUST1059,0.9998682432635777,0.0001307817801348908,9.749562866602112e-07,0
CUST1060,0.9758397268374146,0.0006563714004210995,0.023503901762164294,0
CUST1061,0.9999093536391681,9.064636083238269e-05,7.091413362225028e-38,0
CUST1062,0.9993054499690629,1.425603601585574e-08,0.0006945357749008096,0
CUST1063,0.05929754646874282,2.7214354046632927e-05,0.9406752391772102,2
CUST1064,2.2497103651582397e-12,0.9999999999977511,0.0,1
CUST1065,0.0007505441926706696,1.0377593749503496e-07,0.9992493520313922,2
CUST1066,0.9921332992181685,0.00786670078183123,4.561122806010535e-54,0
CUST1067,0.9996336314458752,0.00036636855412427755,7.179625430237613e-23,0
CUST1068,0.0005096758816061229,0.9994903241183927,1.923800397122354e-250,1
CUST1069,0.026978140273107756,0.9730218597268915,5.4854542443724305e-261,1
CUST1070,0.9446616166067436,0.05533838339322856,2.7183414839529506e-14,0
CUST1071,0.9981571837716584,0.001842816228341082,6.12830345000382e-18,0
CUST1072,0.9860556102247363,0.013944389775264398,1.1490399105275527e-41,0
CUST1073,3.123186832512996e-27,1.0,0.0,1
CUST1074,0.9741376065694607,0.025862393430539105,2.907533503954029e-106,0
CUST1075,0.2717502838630939,0.0006866204172797038,0.7275630957196263,2
CUST1076,0.9896183420243088,0.010381657975691723,7.797143400813095e-23,0
CUST1077,0.9956311501269243,0.004368849711583597,1.614917554946621e-10,0
CUST1078,0.10141308262208157,5.6493473756678537e-05,0.8985304239041622,2
CUST1079,0.48531655150990316,3.101673752908343e-05,0.5146524317525686,2
CUST1080,0.9743049929254013,0.02568126359874951,1.3743475849322621e-05,0
CUST1081,0.9909975279215641,0.009002472078435889,1.599247874584572e-111,0
CUST1082,0.9988164019676148,0.0011814390383275406,2.1589940571900174e-06,0
CUST1083,0.9967903938140518,0.003209544595442499,6.159050593209019e-08,0
CUST1084,0.005400461044255768,4.194261926447665e-06,0.994595344693818,2
CUST1085,0.8672080365606426,0.13279196343935798,3.9189741065736576e-45,0
CUST1086,0.000456832971203057,0.9995431670287964,4.435319577364269e-183,1
CUST1087,4.7058092298700945e-05,4.251858208921563e-12,0.9999529419034496,2
CUST1088,0.0004504834316104592,2.8572423661071763e-09,0.9995495137111471,2
CUST1089,0.00010407891222479986,2.995455548975743e-12,0.9998959210847794,2
CUST1090,7.140169785241876e-05,0.9999285983021475,6.981021998105118e-275,1
CUST1091,0.8625119697181635,0.0003400488947389151,0.137147981387097,0
CUST1092,1.399704883335712e-17,1.0,0.0,1
CUST1093,0.019919469792542752,8.374800950358115e-08,0.9800804464594477,2
CUST1094,3.651175953047387e-22,1.0,0.0,1
CUST1095,0.9824457096148089,0.017554290385188475,2.483167322749221e-15,0
CUST1096,0.35103582704590264,0.0010719734626252354,0.6478921994914724,2
CUST1097,0.00033621448037087973,3.552438110134196e-10,0.9996637851643855,2
CUST1098,0.001196101579587821,1.921169536367288e-08,0.998803879208717,2
CUST1099,0.00024040323221183335,3.90315212858693e-11,0.9997595967287567,2
CUST1100,4.2461438856608196e-18,1.0,0.0,1
CUST1101,2.9411813106880076e-11,0.9999999999705871,0.0,1
CUST1102,0.0008488445181932087,5.196620809170937e-09,0.999151150285186,2
CUST1103,0.00203845199901472,9.541027969029196e-09,0.9979615384599574,2
CUST1104,0.630608398749972,0.3693916012500287,9.570542659719573e-71,0
CUST1105,0.00020754586665074597,2.1512681643642815e-10,0.9997924539182226,2
CUST1106,0.0019684493985599643,3.783690205910023e-08,0.9980315127645382,2
CUST1107,0.9996322673316491,0.0003652703695238966,2.462298827327292e-06,0
CUST1108,0.11886629540179275,1.9694801757796463e-08,0.8811336849034057,2
CUST1109,0.9998714445499973,0.00012855545000276767,2.646728029010599e-62,0
CUST1110,4.960969949326913e-07,0.9999995039030058,1.8439613364768565e-266,1
CUST1111,0.9994735767064836,0.0005180395910486668,8.383702468372966e-06,0
CUST1112,8.119779299796519e-14,0.9999999999999183,0.0,1
CUST1113,0.9949569931697432,0.005043006780704118,4.9552486828939955e-11,0
CUST1114,0.9737329530569604,0.026267046943040356,9.291492568599172e-126,0
CUST1115,0.982533927801178,0.017466072198821937,3.3254717324196515e-24,0
CUST1116,0.5384473703224645,0.000680544213717398,0.4608720854638175,0
CUST1117,9.810031730711727e-18,1.0,0.0,1
CUST1118,0.22631401515197394,0.0001291712987119752,0.7735568135493143,2
CUST1119,0.009498621766627777,0.9905013782333725,2.003028187134e-63,1
CUST1120,0.028061275709851608,6.287188206593449e-08,0.9719386614182662,2
CUST1121,0.009777533912395575,2.4592330892087595e-06,0.9902200068545146,2
CUST1122,0.9999424661316247,5.7457346095463244e-05,7.652228063775629e-08,0
CUST1123,0.09336470585315387,1.840050577350439e-05,0.9066168936410727,2
CUST1124,0.99301624490103,0.006983755098969347,3.6827738245393827e-65,0
CUST1125,0.0005962737399157932,1.0458096364808975e-08,0.9994037158019883,2
CUST1126,0.9826017659976479,2.7902457103194594e-08,0.017398206099895168,0
CUST1127,0.5326228144943731,9.151940307308147e-05,0.4672856661025542,0
CUST1128,0.9977604931192232,0.0022395068807772992,7.972453189350531e-22,0
CUST1129,1.0690926179502682e-14,0.9999999999999893,0.0,1
CUST1130,0.30593864963160255,0.00022522982426332076,0.6938361205441337,2
CUST1131,0.005968870142908989,7.4190583924089065e-06,0.9940237107986982,2
CUST1132,0.14279365196454444,0.00029988323994352775,0.8569064647955111,2
CUST1133,0.9897497258859178,8.156360124706919e-07,0.010249458478069604,0
CUST1134,3.6392668439557974e-20,1.0,0.0,1
CUST1135,0.8981898664430066,0.10181013355699414,1.5095882150813718e-59,0
CUST1136,0.9989906379541096,0.001009362045890186,6.537618273026581e-23,0
CUST1137,0.06824422390840168,2.117351557604876e-05,0.9317346025760224,2
CUST1138,0.04772594418350365,1.2708250806070388e-05,0.9522613475656901,2
CUST1139,0.9998528093898751,0.00014710378393336087,8.682619186082105e-08,0
CUST1140,0.005931003965289018,5.733278077953099e-06,0.9940632627566328,2
CUST1141,0.46656199731636927,0.0004992537384729635,0.5329387489451578,2
CUST1142,0.003021093347765358,1.5641301986737188e-09,0.9969789050881043,2
CUST1143,1e-323,1.0,0.0,1
CUST1144,1.1845996217224317e-14,0.9999999999999876,0.0,1
CUST1145,0.0055479093651655065,6.197680858594589e-06,0.9944458929539759,2
CUST1146,0.0024428147729906886,1.5745194210802845e-11,0.9975571852112644,2
CUST1147,0.045261306272303806,7.831462253984987e-07,0.9547379105814712,2
CUST1148,0.9962554279347766,0.003744482158398583,8.99068243800018e-08,0
CUST1149,0.002746345303889978,0.9972536546961102,1.2089620510410944e-169,1
CUST1150,0.9879160916928164,0.012083908307183477,1.0765382472630599e-69,0
CUST1151,0.583924679074994,0.012147602771555742,0.4039277181534496,0
CUST1152,3.1924319665413844e-05,0.9999680756803335,7.902339431312154e-246,1
CUST1153,0.007318060076093212,4.4733088002869446e-08,0.9926818951908186,2
CUST1154,0.0007692258702045744,6.32426736490084e-09,0.9992307678055284,2
CUST1155,2.3448678016507018e-08,0.9999999765513226,0.0,1
CUST1156,0.003499985561308671,6.534499221576488e-09,0.9965000079041921,2
CUST1157,0.9998481801961792,0.00014899328534729778,2.8265184728016536e-06,0
CUST1158,0.9975676424785126,0.0024323575214865124,1.1099318724165398e-26,0
CUST1159,0.7910135144149737,3.0375907189201042e-05,0.20895610967783754,0
CUST1160,1.3894308585172179e-25,1.0,0.0,1
CUST1161,0.9468170095516455,0.00342318831098434,0.04975980213737002,0
CUST1162,0.9978353600276687,0.0020896683393785195,7.497163295367307e-05,0
CUST1163,0.10532622884485146,0.0005234264283671622,0.894150344726781,2
CUST1164,0.22062893183136956,0.7793710681686313,1.4436819127405278e-208,1
CUST1165,0.994393416075259,0.005606583924741045,2.5052979350006428e-49,0
CUST1166,0.998041765688043,0.0019569860695668275,1.2482423892717062e-06,0
CUST1167,0.1929920175378801,0.00010350549244817218,0.8069044769696722,2
CUST1168,0.029099442250401623,1.0939709391848594e-06,0.9708994637786588,2
CUST1169,0.0003592661871407373,1.1797099960424409e-10,0.9996407336948885,2
CUST1170,0.8767539944538487,0.01002952945126297,0.11321647609488764,0
CUST1171,0.00096290434363141,7.491047195968044e-08,0.9990370207458966,2
CUST1172,0.012640029326107364,1.5078411667637291e-05,0.9873448922622252,2
CUST1173,0.005138511516697888,3.235552647003585e-08,0.9948614561277758,2
CUST1174,0.9995093597933238,0.0004087323387301287,8.190786794595441e-05,0
CUST1175,0.00018914971454397217,0.9998108502854568,0.0,1
CUST1176,0.9980808529184656,0.0019191470334188074,4.811491873477179e-11,0
CUST1177,0.9880209922086178,0.001522455705783459,0.010456552085598637,0
CUST1178,0.0011411950676635482,0.9988588049323357,3.553016659307142e-75,1
CUST1179,0.9680362483460193,0.005727972999636578,0.026235778654344684,0
CUST1180,0.9985583071013253,0.0014416928986741005,2.362582260089303e-32,0
CUST1181,0.018231855111325364,0.981768144888674,1.4472211031695213e-259,1
CUST1182,0.00021782228283360517,1.0311899257988157e-12,0.9997821777161353,2
CUST1183,0.0821696019038378,7.018175619248162e-05,0.9177602163399696,2
CUST1184,0.933132306755906,0.00015608729965411046,0.06671160594443962,0
CUST1185,0.9997875956623398,0.00020893684013283118,3.4674975272302137e-06,0
CUST1186,0.16549997584537487,2.788399250729338e-06,0.8344972357553749,2
CUST1187,0.005393883341903986,2.511969365500273e-07,0.9946058654611593,2
CUST1188,0.0077179760882641855,9.678283251377514e-06,0.9922723456284849,2
CUST1189,0.9496791274826692,4.017820854210253e-06,0.050316854696476634,0
CUST1190,0.02426556078294621,6.558686388272284e-05,0.9756688523531709,2
CUST1191,1.5072740831100553e-09,0.9999999984927257,0.0,1
CUST1192,0.03376669616682277,8.264208865372986e-06,0.966225039624312,2
CUST1193,1.3586186782307024e-24,1.0,0.0,1
CUST1194,0.3290137312387828,0.670986268761217,2.7326181151021557e-100,1
CUST1195,0.0009649383685223392,1.1582570986667027e-09,0.9990350604732204,2
CUST1196,5.1145736677757843e-05,5.636400906612615e-12,0.9999488542576854,2
CUST1197,0.00012139739874717489,6.149393877957016e-11,0.9998786025397586,2
CUST1198,0.13844961270928574,0.0015955933343690795,0.8599547939563458,2
CUST1199,0.9137705221522191,0.08622947784778161,3.026912255110558e-54,0
CUST1200,0.930850747391568,0.06914925260843124,1.2887579544684857e-59,0
CUST1201,0.1995622281085133,2.0953273971076424e-05,0.8004168186175159,2
CUST1202,0.9302143349744828,0.00015743691514676108,0.06962822811037038,0
CUST1203,0.05755277080570872,0.9424472291942909,3.42345079516645e-174,1
CUST1204,0.9205214339388923,0.07947856606110758,1.6856035020659555e-80,0
CUST1205,0.0025335691659866657,3.0562617104691366e-07,0.9974661252078423,2
CUST1206,0.9607479126964383,0.03925208730356112,9.030396946637287e-93,0
CUST1207,0.010197341530965678,1.2578556946222344e-08,0.989802645890477,2
CUST1208,0.9253725348640182,2.0899071437977524e-06,0.07462537522883832,0
CUST1209,0.9940856969015373,0.00591430309844829,1.5138403827466066e-14,0
CUST1210,0.00019773997756113303,1.160221952344039e-11,0.9998022600108363,2
CUST1211,0.9940808846564447,0.00591911534355546,1.718207864234646e-76,0
CUST1212,4.3151503191925905e-15,0.9999999999999964,0.0,1
CUST1213,3.508961080203983e-86,1.0,0.0,1
CUST1214,0.24106067226101457,0.0007172681064866082,0.7582220596324989,2
CUST1215,0.24978178658580233,8.364951103877754e-05,0.7501345639031591,2
CUST1216,0.009320879769387601,2.7278714278248237e-06,0.9906763923591846,2
CUST1217,0.03285313628101777,5.678917206215687e-06,0.9671411848017761,2
CUST1218,0.9999810687387166,1.893126128314617e-05,4.742944603243119e-19,0
CUST1219,0.0013265831065203467,0.9986734168934801,1.0887402553480451e-169,1
CUST1220,0.9998450699171816,0.0001549300828179802,2.0166623984145429e-47,0
CUST1221,0.08626237507068583,8.396909555219323e-05,0.913653655833762,2
CUST1222,0.6449810838490074,0.3550189161509929,4.417442424701953e-30,0
CUST1223,0.01293053794647177,2.475515344113833e-07,0.987069214501994,2
CUST1224,0.0004591701445277935,0.9995408298554707,3.9255141788253366e-237,1
CUST1225,0.9999613195326423,3.053956866516404e-05,8.140898692209927e-06,0
CUST1226,0.009818667280430718,8.180137395479307e-08,0.9901812509181952,2
CUST1227,3.0811186443868045e-55,1.0,0.0,1
CUST1228,0.0033240366773914787,5.161310832165687e-07,0.9966754471915255,2
CUST1229,5.079079979209089e-53,1.0,0.0,1
CUST1230,0.0042003465947199805,1.3640651843879188e-06,0.9957982893400954,2
CUST1231,0.9980067731430133,0.0019932268569871586,3.6783333576116126e-133,0
CUST1232,0.0025221459157476356,1.8827990918140211e-07,0.9974776658043432,2
CUST1233,0.9999286946783176,6.198510496634166e-05,9.320216715783979e-06,0
CUST1234,8.694910336078597e-79,1.0,0.0,1
CUST1235,0.0006182474197172761,2.3060417937171627e-11,0.9993817525572224,2
CUST1236,0.8952019767463815,0.10479802325361813,1.0887298753386996e-98,0
CUST1237,0.0056313613091408645,1.2670914468109458e-09,0.9943686374237678,2
CUST1238,0.8789631607307778,0.12103683926922133,3.2029602688708815e-100,0
CUST1239,0.10047291283181377,6.157777377584378e-07,0.8995264713904482,2
CUST1240,0.3425518136955789,5.387660260214208e-06,0.6574427986441609,2
CUST1241,0.6906493002835058,0.0013930657770638856,0.3079576339394302,0
CUST1242,0.9999676081397821,1.3295422040278504e-08,3.237856479582847e-05,0
CUST1243,0.9999601160091582,3.988191451844184e-05,2.076323641676748e-09,0
CUST1244,0.9846045307092995,0.015395469290700951,1.4418236855090995e-56,0
CUST1245,0.9920708110589993,0.000521782907875108,0.0074074060331248085,0
CUST1246,9.532786216997353e-05,5.632755357450046e-13,0.999904672137267,2
CUST1247,0.003425391151286096,1.2945956003584965e-07,0.9965744793891539,2
CUST1248,0.007239591773454707,1.7612305726068133e-05,0.9927427959208196,2
CUST1249,0.015300613600150123,4.424990426279825e-07,0.9846989439008071,2
CUST1250,1.2307449520219786e-46,1.0,0.0,1
CUST1251,0.9998942879828462,0.00010571201715306989,9.373446233849267e-19,0
CUST1252,0.04212137362129296,0.9578786263787062,0.0,1
CUST1253,0.0014642547236791475,3.21610682931753e-08,0.9985357131152526,2
CUST1254,6.853792042383268e-05,0.9999314620795766,0.0,1
CUST1255,0.8173300344765371,0.18266996552346362,1.2024358557992932e-80,0
CUST1256,0.0003134815084563374,8.853491634296975e-11,0.9996865184030088,2
CUST1257,0.08141181973018895,2.901102522176648e-05,0.9185591692445897,2
CUST1258,0.9969497378153691,0.003050262184630524,5.8876737296117446e-95,0
CUST1259,1.2810554213856588e-57,1.0,0.0,1
CUST1260,0.9756300304956241,0.024369969504375272,1.8279386447827843e-47,0
CUST1261,0.4117905410211423,0.5882094589788577,8.320393281380076e-165,1
CUST1262,1.1672605519805066e-15,0.9999999999999982,0.0,1
CUST1263,0.00022787408266254603,2.578670068320462e-10,0.9997721256594708,2
CUST1264,2.2499557874592397e-67,1.0,0.0,1
CUST1265,0.997739369353734,0.00226063064330174,2.9643273010534797e-12,0
CUST1266,0.5753937950559466,0.4246062049440536,4.851608589762903e-111,0
CUST1267,0.3011666960567624,2.415806747818422e-06,0.6988308881364892,2
CUST1268,0.9968056253876445,0.003194374557045878,5.53091695026316e-11,0
CUST1269,2.266802973679618e-22,1.0,0.0,1
CUST1270,0.9954649863151216,2.69228141729202e-05,0.004508090870705679,0
CUST1271,0.00010493638938882965,3.953881007485857e-14,0.9998950636105717,2
CUST1272,0.5805871642856075,0.4194128357143932,1.0916657017720825e-119,0
CUST1273,0.027689930378412757,0.9723100696215866,3.3984551574235294e-172,1
CUST1274,0.97776791847825,0.002090918740566681,0.020141162781183854,0
CUST1275,0.22171779666099026,0.77828220333901,1.1497840045711922e-105,1
CUST1276,0.9999798129488215,1.8176925851998988e-06,1.8369358594925523e-05,0
CUST1277,0.9996015061658515,0.0003593513212231375,3.91425129246438e-05,0
CUST1278,0.9999966267268847,3.3730282400190435e-06,2.4487484644385263e-10,0
CUST1279,0.9824831017946072,0.017516898205393056,3.672807727462806e-26,0
CUST1280,0.031366082861291666,1.3384599876597864e-05,0.9686205325388322,2
CUST1281,0.9374153430720327,6.511714403171319e-05,0.06251953978393536,0
CUST1282,0.012187966076825582,5.289958752097224e-06,0.9878067439644225,2
CUST1283,5.425151370255523e-16,1.0,0.0,1
CUST1284,0.9969785453435577,0.003021454656347853,9.518604127695812e-14,0
CUST1285,0.8941601304076281,0.10583986959237147,4.976109463260229e-134,0
CUST1286,0.9997115699284285,0.0002884300715720687,4.893276298717963e-38,0
CUST1287,0.9981164147167294,0.0018835852832703476,8.41538659929893e-22,0
CUST1288,0.0027089745663398815,6.19218479429353e-07,0.9972904062151806,2
CUST1289,5.574387526030411e-05,4.066886886355152e-12,0.9999442561206728,2
CUST1290,0.00019899686158099918,0.9998010031384189,0.0,1
CUST1291,0.0016984006287171264,1.7096309757585476e-08,0.9983015822749731,2
CUST1292,0.9956476462282644,0.004342628573751983,9.72519798419285e-06,0
CUST1293,0.022471181761846357,0.9775288182381544,1.0197047471686967e-39,1
CUST1294,0.9971172365684496,0.002159815773082152,0.0007229476584682485,0
CUST1295,0.01894886231350864,1.7479141067009377e-07,0.981050962895081,2
CUST1296,0.01638551418930198,2.1941695509283132e-07,0.9836142663937427,2
CUST1297,1.3843973439238434e-30,1.0,0.0,1
CUST1298,0.9962494297671564,0.003750570232842942,1.4011595197175463e-99,0
CUST1299,0.9964281533434236,0.00357184665657663,7.255821655052832e-61,0
CUST1300,0.9808315524114192,0.019168447588581057,4.612697047186126e-67,0
CUST1301,0.38327698973874813,9.961526107897167e-05,0.6166233950001738,2
CUST1302,0.9940748277397441,0.005925172260256494,1.2953200719440197e-56,0
CUST1303,0.003137424577578591,2.8698761900094513e-08,0.9968625467236595,2
CUST1304,2.7230102153136617e-06,0.9999972769897864,1.2392468746584077e-285,1
CUST1305,2.1448345024068116e-24,1.0,0.0,1
CUST1306,3.892659168997929e-05,2.623003527747617e-12,0.9999610734056874,2
CUST1307,0.8734290164440486,0.12657098355595117,5.961506748115771e-27,0
CUST1308,0.0005989022200268828,1.0067255373714774e-10,0.9994010976793006,2
CUST1309,0.017068920586555892,6.239329419390541e-09,0.982931073174115,2
CUST1310,0.9999965450312657,3.4549687341527415e-06,2.942333777869415e-16,0
CUST1311,0.9999960419861217,2.3502525126627484e-08,3.93451135258706e-06,0
CUST1312,0.9807351281776238,0.01926487182237669,4.850193280599623e-106,0
CUST1313,0.00038867875193152225,1.2148516575019264e-10,0.9996113211265837,2
CUST1314,0.9686571373132208,0.03134286268677906,3.178316825371608e-205,0
CUST1315,0.999882746928231,0.00011725307176981833,2.0018984709398275e-25,0
CUST1316,0.0020962566599921294,4.3933114712115836e-08,0.997903699406893,2
CUST1317,0.9116339877052726,0.0001908403277829126,0.08817517196694444,0
CUST1318,0.013001115474966633,6.145601023038415e-07,0.9869982699649312,2
CUST1319,0.9881524257728219,7.106534992873491e-05,0.011776508877249124,0
CUST1320,0.9993361209543264,0.0006638790282171435,1.745684079583604e-11,0
CUST1321,7.839233446561722e-05,8.810739548859413e-11,0.9999216075774268,2
CUST1322,2.3841960943154876e-18,1.0,0.0,1
CUST1323,0.9768255359642691,0.0018990687110840055,0.02127539532464721,0
CUST1324,0.9862650670739667,0.01373485346588399,7.946014887709915e-08,0
CUST1325,0.9994054257110477,0.0005945742889514966,6.782016579488981e-67,0
CUST1326,0.990324026152313,0.009675973847686366,7.358184846981112e-67,0
CUST1327,0.00015775118459304636,2.352953947268921e-10,0.9998422485801117,2
CUST1328,0.044355824859681536,0.9556441751403179,4.312829316802414e-151,1
CUST1329,1.0932567198629965e-15,0.9999999999999982,0.0,1
CUST1330,0.00024620056899803767,0.9997537994310012,0.0,1
CUST1331,0.6386444626427755,0.0008207345794162074,0.3605348027778075,0
CUST1332,1.3309764386372741e-05,0.9999866902356137,0.0,1
CUST1333,0.0036055479008256673,3.5944252971115506e-07,0.9963940926566445,2
CUST1334,0.7756018532752592,0.22439814672473993,4.545639421577616e-140,0
CUST1335,0.9576166419574341,0.04238335799569038,4.68761618913727e-11,0
CUST1336,0.32286491574554366,0.0004158317262014547,0.6767192525282548,2
CUST1337,0.0018017990016406574,0.9981982009983604,5.6464898944206e-206,1
CUST1338,0.0036758449890460093,2.177895018078354e-06,0.9963219771159354,2
CUST1339,0.9996279517601973,0.00022918803118056054,0.0001428602086223352,0
CUST1340,2.816422137982284e-13,0.9999999999997193,0.0,1
CUST1341,0.009802194186359064,0.9901978058136408,5.262320080781208e-236,1
CUST1342,0.2216325365916977,1.2553645763879622e-05,0.7783549097625382,2
CUST1343,1.7975993297371627e-09,0.9999999982024015,0.0,1
CUST1344,0.9999885722222559,1.1427777744658898e-05,1.9904002163834638e-30,0
CUST1345,0.9264540723056837,0.0024750680322217105,0.07107085966209548,0
CUST1346,0.005235574820458897,1.3870860581572505e-07,0.9947642864709354,2
CUST1347,0.9922880694458422,0.00771193055415856,8.705758955250468e-47,0
CUST1348,1.033323062194182e-149,1.0,0.0,1
CUST1349,1.0887088234348777e-05,0.9999891129117648,0.0,1
CUST1350,0.9936162183572718,0.006383781642729005,1.0059397865433536e-58,0
CUST1351,0.213713761875612,0.786286238124388,1.367624564078772e-268,1
CUST1352,0.34317527181435353,0.0006323299861463211,0.6561923981994998,2
CUST1353,0.0009711470119610509,9.425815501602104e-10,0.9990288520454571,2
CUST1354,1.1612287205985278e-29,1.0,0.0,1
CUST1355,0.001171152051914609,6.647633321418996e-09,0.9988288413004522,2
CUST1356,0.9227045377128802,0.07729546228711975,7.80845476069089e-89,0
CUST1357,0.9998581379656826,0.00013766767558818835,4.194358728652208e-06,0
CUST1358,0.011209551833353043,0.988790448166647,3.256078631731952e-286,1
CUST1359,0.8438056549796623,0.15619434501617116,4.166525924961881e-12,0
CUST1360,0.5661016973363772,6.801072390501906e-06,0.43389150159123296,0
CUST1361,0.999967611549362,3.2388450638240356e-05,1.5626868031737407e-24,0
CUST1362,0.999987214571029,1.2084298407941188e-05,7.011305638356513e-07,0
CUST1363,0.007834602256004315,3.3129705005896544e-06,0.992162084773495,2
CUST1364,0.0004962966068749081,5.22086231417194e-09,0.9995036981722629,2
CUST1365,0.9973257932861954,0.00061733527873458,0.002056871435069699,0
CUST1366,0.009107437810550926,0.9908925621894491,6.12234156400191e-188,1
CUST1367,0.3147074995345158,4.994193204748091e-06,0.6852875062722803,2
CUST1368,3.9917899484074765e-07,0.9999996008210041,0.0,1
CUST1369,0.9990813696482418,0.0004632763246988311,0.00045535402705970977,0
CUST1370,0.010627455777157398,2.8001878470926137e-10,0.9893725439428241,2
CUST1371,0.01634027875661311,2.8012863575070114e-07,0.983659441114751,2
CUST1372,7.708707975937626e-46,1.0,0.0,1
CUST1373,8.866282917113107e-05,3.384755360050571e-11,0.9999113371369813,2
CUST1374,0.0030210534615241623,1.3690041139442324e-06,0.9969775775343617,2
CUST1375,0.0013474450877070186,6.776395595603232e-10,0.9986525542346537,2
CUST1376,0.013019545771701124,8.935079490594446e-05,0.9868911034333931,2
CUST1377,0.9634605472750561,0.03653945272494391,3.152819684121378e-35,0
CUST1378,0.9995755752730592,0.00042437305457114483,5.1672370491066385e-08,0
CUST1379,1.35962982285202e-06,0.9999986403701767,1.5685970264157308e-246,1
CUST1380,0.4260501970016703,1.1149173468354128e-09,0.5739498018834124,2
CUST1381,0.0033976299013984686,1.6500449563675084e-06,0.9966007200536454,2
CUST1382,0.9998164451942128,0.0001756580042831395,7.896801503442472e-06,0
CUST1383,0.002884467384743876,0.9971155326152554,7.379866350575153e-161,1
CUST1384,0.9974794926925747,0.002510416814807497,1.009049261856621e-05,0
CUST1385,0.07702045872876603,4.2221613988766934e-05,0.9229373196572458,2
CUST1386,0.9697633230409007,0.03023667695909996,5.178610266880104e-38,0
CUST1387,0.03669545002135882,1.3857912529638168e-05,0.9632906920661113,2
CUST1388,0.9932458324154917,0.006754104107067328,6.347744087621846e-08,0
CUST1389,0.0004962031247911085,4.88456007213649e-10,0.999503796386753,2
CUST1390,0.9966015302122667,0.003398469787732838,1.2389370524764654e-29,0
CUST1391,0.9086217956177867,0.0018175299127441763,0.0895606744694693,0
CUST1392,0.9847514606003377,0.015248539399662654,4.291720067087177e-28,0
CUST1393,0.9996424640029512,0.00035753599704915014,1.682112653102141e-145,0
CUST1394,0.2434237738031896,0.00041124325788895107,0.7561649829389215,2
CUST1395,0.16067608156288452,3.646292559059953e-05,0.8392874555115253,2
CUST1396,0.03597554805163517,2.2863926886901912e-06,0.9640221655556759,2
CUST1397,0.0002915458248252095,3.1173004114065426e-12,0.9997084541720578,2
CUST1398,0.009553687440534343,1.0384334854088921e-05,0.990435928224612,2
CUST1399,0.00014796936021661464,0.9998520306397836,0.0,1
CUST1400,3.989406927203072e-09,0.9999999960105939,4.1e-322,1
CUST1401,0.00023693691968270552,4.783557357455042e-11,0.9997630630324817,2
CUST1402,0.19570485308584948,2.8713733155078142e-05,0.8042664331809949,2
CUST1403,9.66654992458854e-12,0.9999999999903331,0.0,1
CUST1404,0.9999303259229397,6.967407705976505e-05,7.365160521669303e-82,0
CUST1405,3.0342342120542357e-05,5.995653101738889e-13,0.9999696576572796,2
CUST1406,0.031868598828502404,3.0493839007094695e-08,0.9681313706776585,2
CUST1407,0.5097002824101619,1.2286217273745422e-06,0.4902984889681112,0
CUST1408,0.004885857047454399,1.1108747580448356e-05,0.9951030342049649,2
CUST1409,0.7174721667141539,0.28252783328584646,4.6988608214224633e-125,0
CUST1410,0.992357664046255,0.007642335937366034,1.637953791050966e-11,0
CUST1411,0.6279967006216997,0.3720032993783012,2.0741777443249586e-52,0
CUST1412,0.9999277047982459,2.4629576863024496e-06,6.983224406755834e-05,0
CUST1413,0.45759465332532484,0.5424053466746758,1.213900674008878e-32,1
CUST1414,0.999305541392508,0.0006944586066469158,8.441937436445958e-13,0
CUST1415,0.9977968754809694,0.00220312451903007,4.658705377447933e-18,0
CUST1416,0.9992455166112687,0.0007378422551973937,1.6641133533054625e-05,0
CUST1417,0.0009384375456773783,7.843648861021495e-09,0.9990615546106737,2
CUST1418,0.005012176872692822,1.081592455499552e-09,0.9949878220457146,2
CUST1419,3.618774159098395e-07,0.9999996381225829,0.0,1
CUST1420,0.00021655261606383182,3.0805216563177267e-13,0.9997834473836282,2
CUST1421,0.0019184819356716503,3.6483248266253855e-06,0.9980778697395021,2
CUST1422,4.5463521112602153e-32,1.0,0.0,1
CUST1423,0.9921130795712354,0.007886920428764956,5.134496780957727e-20,0
CUST1424,0.006981543101679495,2.4902561461746227e-06,0.9930159666421747,2
CUST1425,0.00020212727989097866,1.2011546082852956e-11,0.9997978727080978,2
CUST1426,9.548872782074729e-05,1.5416792649105112e-11,0.9999045112567628,2
CUST1427,0.409001585417677,0.0003427047558064056,0.5906557098265168,2
CUST1428,0.9999915775083332,4.629094755848493e-06,3.793396911159988e-06,0
CUST1429,0.9843738973622123,0.015626102637787572,2.4367483620302076e-25,0
CUST1430,2.8961793737538905e-09,0.9999999971038207,0.0,1
CUST1431,4.258163145946883e-43,1.0,0.0,1
CUST1432,0.9999831188844909,1.688111547690752e-05,3.282361069655143e-14,0
CUST1433,0.006892103332478405,1.1236095831113167e-05,0.9930966605716907,2
CUST1434,2.1167632902308086e-05,2.5885946865982312e-14,0.999978832367072,2
CUST1435,0.999003816891049,0.0009961831089510397,3.4425930280725166e-56,0
CUST1436,1.3867573964309152e-10,0.9999999998613234,0.0,1
CUST1437,6.181064361018888e-07,0.9999993818935639,0.0,1
CUST1438,0.00011892595750314302,1.720248873782774e-11,0.9998810740252942,2
CUST1439,0.2066970156876766,0.7933029843123235,2.6454873398768577e-180,1
CUST1440,0.00042106293561794807,0.9995789370643816,5.0915750234142884e-287,1
CUST1441,0.9864690384884227,2.6456016606904203e-07,0.013530696951411153,0
CUST1442,0.9948792698781751,0.00512073012182463,1.7160074412325083e-56,0
CUST1443,0.0013878325013093882,5.7106978067692646e-08,0.9986121103917125,2
CUST1444,0.3022333313509695,9.674520144721704e-08,0.6977665719038297,2
CUST1445,0.9995396075868928,0.00045628185685806633,4.110556249866439e-06,0
CUST1446,0.19022300052063912,7.631361996227402e-08,0.8097769231657413,2
CUST1447,0.009228029980071028,3.097858527691707e-05,0.9907409914346521,2
CUST1448,0.9970263242550177,1.9216821536721928e-06,0.002971754062828885,0
CUST1449,0.00013145935701571357,1.2942619707532807e-11,0.9998685406300418,2
CUST1450,0.9879123286716397,2.094465505822936e-05,0.012066726673301437,0
CUST1451,0.9289999752301856,0.07100002476981422,7.305111234209195e-55,0
CUST1452,4.525516216340623e-09,0.999999995474484,0.0,1
CUST1453,1.711889208158433e-21,1.0,0.0,1
CUST1454,4.091188525970917e-06,0.999995908811473,1.81416e-319,1
CUST1455,0.9977582959822219,0.0022417040177784195,1.8785822413608057e-92,0
CUST1456,0.7751222465611947,0.22487775343880612,6.313992600137897e-32,0
CUST1457,0.88129552233941,0.1187044776605896,1.38532966819881e-72,0
CUST1458,0.9968770574856183,0.0031229425143809346,1.264245276138732e-16,0
CUST1459,0.9381941535718529,0.061805846428147994,2.083914856551226e-103,0
CUST1460,0.9998665986879691,0.00011887406354397339,1.452724848638255e-05,0
CUST1461,0.517167905093715,3.993344998781106e-05,0.4827921614562964,0
CUST1462,0.995986903983001,0.004013096016999747,6.214616425014703e-45,0
CUST1463,0.0016394329410890224,3.4800406796945706e-09,0.9983605635788705,2
CUST1464,0.9486304053483886,0.05136959465161111,1.7093788310133859e-38,0
CUST1465,3.608511669021882e-05,0.9999639148833087,4.4460568419666545e-108,1
CUST1466,7.54475781430662e-05,3.833021261424448e-13,0.9999245524214736,2
CUST1467,1.3963362021969643e-84,1.0,0.0,1
CUST1468,0.9998761530501926,0.00012246720839736766,1.3797414101944226e-06,0
CUST1469,0.837199306339483,0.16280069366051822,1.9463281009337107e-89,0
CUST1470,0.9987336989885697,0.0012662964075934036,4.6038370451892784e-09,0
CUST1471,0.0038668663465555616,1.6603944037268383e-06,0.9961314732590406,2
CUST1472,0.0027328716443771337,1.1074928629569559e-07,0.9972670176063368,2
CUST1473,0.4416587422878016,0.004640114919346988,0.5537011427928522,2
CUST1474,1.0052475765306949e-05,0.9999899475242342,0.0,1
CUST1475,0.02500954883333142,8.783691881560557e-06,0.974981667474787,2
CUST1476,0.9427444773261695,8.724392725663985e-06,0.057246798281104384,0
CUST1477,0.0011949683829994753,0.9988050316170014,4.251792438657489e-49,1
CUST1478,0.9847504593077161,0.015249540692284076,3.423324506588398e-41,0
CUST1479,0.9399776910432355,0.00015076390552676432,0.059871545051237776,0
CUST1480,0.001683218999442283,3.131049753024971e-08,0.9983167496900602,2
CUST1481,1.5802074460899457e-72,1.0,0.0,1
CUST1482,0.999978837933413,2.1162066586776713e-05,5.2690426104401523e-17,0
CUST1483,3.4302633285587136e-05,0.9999656973667131,0.0,1
CUST1484,2.612354037888931e-243,1.0,0.0,1
CUST1485,0.9994827076786857,0.0005172923213153456,4.506984305889368e-243,0
CUST1486,0.9995124059405456,0.00011001226167595885,0.0003775817977781013,0
CUST1487,0.9957895503170995,0.004210449682900307,3.101432220400625e-17,0
CUST1488,0.6437396644439478,0.3562603355560524,1.0996656258901726e-233,0
CUST1489,0.014060311594959574,2.308263050295495e-06,0.9859373801419904,2
CUST1490,0.9967938026016396,0.003206197398361171,1.0227608215036408e-111,0
CUST1491,0.0007870868841449367,1.033658403901477e-08,0.999212902779271,2
CUST1492,6.344424734837031e-05,2.2072483009338607e-11,0.9999365557305789,2
CUST1493,0.06810982470603785,6.442801583391742e-05,0.9318257472781274,2
CUST1494,0.999940784128233,5.921587176665661e-05,5.103231195638365e-19,0
CUST1495,0.029710520430002975,0.9702894795699961,5.764214714024744e-168,1
CUST1496,0.15806510811570285,2.2334894690554854e-05,0.8419125569896069,2
CUST1497,0.9347145553165285,0.06528544468347083,1.4054584481389381e-32,0
CUST1498,7.026630577861767e-11,0.9999999999297344,0.0,1
CUST1499,0.963287452130618,0.003055231460337928,0.033657316409043674,0
CUST1500,0.9399147560137129,0.06008524398628689,2.7918504793272577e-154,0
CUST1501,0.9991075219355863,0.000892478064413814,4.576611683532102e-31,0
CUST1502,0.6884722103874467,0.0003122118118202347,0.31121557780073283,0
CUST1503,0.0004515270470524796,4.444682866798063e-09,0.9995484685082646,2
CUST1504,0.0,1.0,0.0,1
CUST1505,0.8389448685311647,0.16105513146883568,1.496232221805772e-138,0
CUST1506,0.0012963931878693681,3.6481757715591698e-09,0.9987036031639545,2
CUST1507,0.004482412831643922,8.653891332971464e-08,0.9955175006294427,2
CUST1508,0.9312666999089746,0.06873330009102628,2.775861209705061e-77,0
CUST1509,0.9995075410775193,0.0004917170550488313,7.418674319376853e-07,0
CUST1510,0.131454349544586,0.8685456504554148,1.040655692467998e-133,1
CUST1511,0.8757078273070978,0.006897409598011131,0.11739476309489046,0
CUST1512,3.4638705316528366e-123,1.0,0.0,1
CUST1513,0.00035365308926175494,3.562633312607121e-10,0.999646346554475,2
CUST1514,0.0007925486259477218,1.0930565144145892e-11,0.999207451363122,2
CUST1515,0.9999012593559733,9.873703620754948e-05,3.6078199238029067e-09,0
CUST1516,0.9843469011109901,0.004624283476390258,0.011028815412619969,0
CUST1517,2.5540570997280223e-08,0.9999999744594298,0.0,1
CUST1518,0.0031732909373530984,9.640656718668289e-08,0.9968266126560795,2
CUST1519,0.0004925506738281613,2.24169640433263e-09,0.9995074470844757,2
CUST1520,0.0008868939476993004,1.4377920505960201e-09,0.9991131046145089,2
CUST1521,0.0001729828886335331,2.645129995697132e-10,0.9998270168468533,2
CUST1522,0.9967536307922765,0.003246369207723115,3.2571937829335417e-16,0
CUST1523,0.9891963967392778,0.010803603260722012,8.765115245751896e-24,0
CUST1524,0.0028267950164183805,0.9971732049835822,5.828645398193827e-213,1
CUST1525,0.9948375179327196,1.2778795305489153e-05,0.005149703271975155,0
CUST1526,0.9979037632673979,0.0020962367326018997,4.0995670447522275e-26,0
CUST1527,0.0002764554636921661,0.9997235445363074,0.0,1
CUST1528,1.682963778159811e-22,1.0,0.0,1
CUST1529,0.9956418054195716,0.004358194580428624,4.3214842682004507e-23,0
CUST1530,0.9999622137591138,3.778624069571998e-05,1.8983403706824786e-13,0
CUST1531,0.9999962232912708,3.776708727357969e-06,1.668759373260961e-15,0
CUST1532,0.06395568476507535,2.1458221547790805e-05,0.9360228570133768,2
CUST1533,0.01356672059656723,2.06891442016103e-06,0.9864312104890124,2
CUST1534,0.9940273981379613,0.005972584761055045,1.7100983220490293e-08,0
CUST1535,0.0019551504676832525,3.0799232410442177e-09,0.9980448464523933,2
CUST1536,0.1812399414024786,1.220048645439398e-05,0.8187478581110673,2
CUST1537,0.9984649902916959,0.0015350097083042045,1.0620264694867116e-27,0
CUST1538,0.005491439039922614,0.9945085609600768,9.307749171375841e-181,1
CUST1539,0.9960632391428905,0.00021600017748366111,0.003720760679625653,0
CUST1540,0.9995566810058101,0.0004433189941889428,1.1394896834484238e-15,0
CUST1541,0.9999900275988827,9.972401118024501e-06,7.227024114945664e-17,0
CUST1542,0.004456128051376568,0.9955438719486238,1.0762973410136834e-299,1
CUST1543,0.9201896753538794,0.07981032464611977,3.647904379261162e-28,0
CUST1544,0.0013419358724991407,3.281387565914268e-08,0.9986580313136252,2
CUST1545,2.362319483079573e-19,1.0,0.0,1
CUST1546,0.02699168777374271,8.801900944901897e-05,0.9729202932168083,2
CUST1547,0.001110114554610847,0.9988898854453884,1.9543146593540368e-240,1
CUST1548,0.00020013963469661387,7.554759231040041e-12,0.9997998603577488,2
CUST1549,0.9968643312061465,0.0013878032604224815,0.0017478655334309111,0
CUST1550,5.4165548817515136e-05,0.9999458344511825,1.5814478667728122e-260,1
CUST1551,0.9377213622171086,0.06227863778289229,3.893082256636365e-130,0
CUST1552,0.9945765743599487,0.0054048746106825744,1.8551029369367424e-05,0
CUST1553,0.9997895363535511,0.0002104636464485349,2.867868224275317e-18,0
CUST1554,0.006655942807060265,9.412915678276884e-07,0.993343115901372,2
CUST1555,0.0055971075001094005,0.99440289249989,3.6467930862438926e-35,1
CUST1556,2.77522414294756e-11,0.999999999972248,0.0,1
CUST1557,0.00013982207840665604,1.7795739545511123e-12,0.9998601779198141,2
CUST1558,0.008069290073823678,6.752540357643869e-06,0.9919239573858186,2
CUST1559,0.9999699691203651,3.0030879635269e-05,5.934572281477482e-19,0
CUST1560,0.9999933213373782,6.621193698410286e-06,5.746892399800205e-08,0
CUST1561,0.00021092562732686303,1.620689532422119e-10,0.9997890742106041,2
CUST1562,0.8876195355767658,0.11238046442323427,7.964560324097265e-44,0
CUST1563,0.9968282437144369,0.0031717562855638998,1.1000630006935054e-23,0
CUST1564,0.9851160448310087,0.014883955168990727,5.591320628293927e-93,0
CUST1565,8.86864712696662e-114,1.0,0.0,1
CUST1566,0.004875376776980871,1.3045395130710506e-06,0.9951233186835061,2
CUST1567,0.7833021047400366,0.21669789525996294,1.3231526626183983e-124,0
CUST1568,3.631833814888657e-10,0.9999999996368167,0.0,1
CUST1569,0.9683078427198475,0.031692157280153,7.672845008338334e-74,0
CUST1570,0.01169716626187758,0.9883028337381227,1.910310094254013e-154,1
CUST1571,0.9999906533622175,5.018019301665099e-08,9.296457590331983e-06,0
CUST1572,0.968894320206263,0.03110567979373756,3.702882962656107e-40,0
CUST1573,1.7544249316821342e-19,1.0,0.0,1
CUST1574,0.0,1.0,0.0,1
CUST1575,1.84850650663633e-05,1.9669258317601626e-13,0.9999815149347366,2
CUST1576,0.9893368486297658,0.010657375983337637,5.775386897283689e-06,0
CUST1577,0.006518898558417151,8.546665041521518e-06,0.9934725547765413,2
CUST1578,0.000358930172229484,7.938954565539231e-10,0.999641069033875,2
CUST1579,0.9867826045977752,0.013217395402224736,1.2995817267189354e-31,0
CUST1580,0.04350334002648267,0.956496659973518,8.41034615892489e-161,1
CUST1581,0.0008452788657624247,1.1274527053128534e-09,0.999154720006785,2
CUST1582,0.008834645718947137,1.9944367753441025e-07,0.9911651548373751,2
CUST1583,0.2756735471212073,0.00248808913573922,0.7218383637430538,2
CUST1584,9.813292664727978e-05,3.842063961797759e-13,0.9999018670729684,2
CUST1585,7.278546348771056e-10,0.9999999992721449,0.0,1
CUST1586,0.8413642946407686,0.15863570535923233,1.1700400041339718e-110,0
CUST1587,0.9991230813516423,0.0008766575681964905,2.6108016086821486e-07,0
CUST1588,0.9573218449816482,0.042678155018352266,1.0057964815092167e-41,0
CUST1589,0.9997618398983759,1.2974565390496422e-07,0.00023803035597067765,0
CUST1590,0.9914709948695793,0.008529005130420979,9.074267960263169e-18,0
CUST1591,0.0016029024578901362,6.534522472685873e-08,0.9983970321968852,2
CUST1592,0.00026055944075313803,0.9997394405592465,4.54024111692695e-153,1
CUST1593,0.20318001650002815,0.0035350970366183694,0.7932848864633527,2
CUST1594,3.6969042466601746e-05,1.0721222297892598e-12,0.999963030956461,2
CUST1595,0.041203521152321135,1.4004032894469258e-08,0.9587964648436462,2
CUST1596,5.560892756793384e-05,6.409411450439764e-12,0.9999443910660223,2
CUST1597,0.0005157235964141234,3.9093967058181616e-11,0.9994842763644918,2
CUST1598,0.03686953146894608,3.5967033753896867e-06,0.963126871827678,2
CUST1599,0.7852965004654899,0.000812675180683835,0.21389082435382592,0
CUST1600,6.390422887509423e-05,7.419324466570261e-13,0.9999360957703828,2
CUST1601,0.9994788034677622,0.0005211931724141456,3.359823093619226e-09,0
CUST1602,0.08465670619065441,0.9153432938093464,3.4272541712092055e-152,1
CUST1603,0.02839648049145571,4.1373408029855224e-07,0.9716031057744637,2
CUST1604,0.9973684904115229,0.002631509588476467,3.1137799065709485e-32,0
CUST1605,0.9992723284781406,0.0007276715218594193,2.1850184505856366e-21,0
CUST1606,0.9762157432007978,0.023784256793595093,5.607113879422278e-12,0
CUST1607,0.9701079680482438,0.0032387479066915367,0.026653284045064646,0
CUST1608,0.9939482254167106,0.006032917509428448,1.8857073861080937e-05,0
CUST1609,0.1915445416297837,5.11680486982003e-05,0.808404290321519,2
CUST1610,0.0001554840156119934,3.25468460980685e-11,0.9998445159518415,2
CUST1611,0.010488311345865479,4.49644059334184e-05,0.9894667242482006,2
CUST1612,0.019940252223255992,0.9800597477767449,5.332183639776288e-120,1
CUST1613,0.8328316677117584,0.16716833228824066,8.557897235404554e-83,0
CUST1614,3.7441124240184263e-07,0.9999996255887592,0.0,1
CUST1615,0.0001968957574112828,1.5244154661422882e-11,0.9998031042273446,2
CUST1616,0.0078069485775678375,7.021097942057426e-06,0.9921860303244903,2
CUST1617,0.8644433137584224,0.1355566862003448,4.123201259518649e-11,0
CUST1618,0.0002843550841847665,4.3748084624199537e-10,0.9997156444783344,2
CUST1619,3.995958992305243e-07,0.9999996004041004,8.771501050804107e-228,1
CUST1620,0.5856292116767424,2.8060631560484928e-08,0.41437076026262687,0
CUST1621,0.007819189682653795,1.2416420599798086e-06,0.9921795686752859,2
CUST1622,6.682389327082506e-05,0.9999331761067288,4.052384849663686e-272,1
CUST1623,1.0686847944901348e-43,1.0,0.0,1
CUST1624,0.9813668587421981,0.018633141257801578,8.369272297290515e-27,0
CUST1625,0.433694324557639,0.5663056754423602,1.193249193338433e-49,1
CUST1626,0.08870278123305722,6.405250957462218e-05,0.9112331662573682,2
CUST1627,0.04471327692408541,0.955286723075914,2.3029295403385663e-293,1
CUST1628,0.0006675054801648789,0.9993324945198346,1.4651531380897983e-233,1
CUST1629,0.9993932861029537,0.0006032723660741114,3.4415309729702823e-06,0
CUST1630,0.9974013824909722,0.0025986175090276266,8.599362141320114e-33,0
CUST1631,0.01865234000307981,0.9813476599969203,8.527655473119614e-170,1
CUST1632,0.00046155937014777544,3.61394128262367e-11,0.999538440593713,2
CUST1633,0.9989391594244549,0.0010608399926180492,5.829273105290491e-10,0
CUST1634,0.999999927603036,7.239696463039195e-08,2.17837927351795e-27,0
CUST1635,0.9999712759657485,1.4428422664846353e-05,1.4295611587270678e-05,0
CUST1636,0.9611799780715603,0.038820021928439856,3.4510429569964912e-43,0
CUST1637,0.9951460229611667,4.199019699548461e-07,0.004853557136862716,0
CUST1638,0.03582403531042007,0.9641759646895809,4.187252620686413e-218,1
CUST1639,0.0002581909960153526,5.511362661103741e-13,0.9997418090034335,2
CUST1640,0.00011502997711973073,1.405100985425084e-12,0.9998849700214749,2
CUST1641,0.962181677021915,0.037818322978084455,3.6093923735875925e-39,0
CUST1642,0.6758955776063105,3.887975940118111e-08,0.32410438351392934,0
CUST1643,0.3518311452194061,6.941930386615463e-05,0.648099435476728,2
CUST1644,0.0023429758702803384,5.526613183622773e-09,0.9976570186031066,2
CUST1645,0.9991779593873386,0.0008220406126614096,9.844787109680515e-60,0
CUST1646,0.8823638677444401,0.0005369301106973718,0.11709920214486264,0
CUST1647,0.999488249945592,0.000511750053665993,7.411043601037775e-13,0
CUST1648,1.1792954230591507e-05,7.316055077080744e-16,0.9999882070457684,2
CUST1649,0.8652130704905304,0.004646365313790681,0.13014056419567915,0
CUST1650,0.006781234049720457,1.3601992773530968e-06,0.9932174057510019,2
CUST1651,0.006367376549775375,0.993632623450224,1.4024642838950817e-73,1
CUST1652,0.006955671031745033,2.3463987743074095e-05,0.9930208649805118,2
CUST1653,0.9999130936544629,1.0866880605357403e-05,7.603946493182626e-05,0
CUST1654,0.9971714268074033,0.0028285712105261852,1.9820697547171876e-09,0
CUST1655,0.9464530722071294,0.000502773215354141,0.05304415457751678,0
CUST1656,0.9984261277964246,0.0015738138845743158,5.831900178387965e-08,0
CUST1657,4.833538241022444e-15,0.9999999999999947,0.0,1
CUST1658,0.8345865961293477,0.16541340387065306,1.0541424843466832e-110,0
CUST1659,0.9933485063629027,0.006651493637097695,1.9569715986282191e-26,0
CUST1660,3.545263880372723e-220,1.0,0.0,1
CUST1661,0.003937687648107142,5.610991008052258e-07,0.9960617512527918,2
CUST1662,0.9961562934738092,0.003843706526190818,3.748559142154412e-43,0
CUST1663,0.3722224797662162,4.166609396362371e-05,0.6277358541398204,2
CUST1664,0.9966315945308352,0.003368405281332613,1.878321364160723e-10,0
CUST1665,0.0020070765768458614,2.438988626128011e-09,0.9979929209841653,2
CUST1666,2.7583816979131605e-06,0.9999972416183021,6.95584588372536e-255,1
CUST1667,0.9975534405920136,0.002446559407986196,4.682971100065569e-52,0
CUST1668,0.995013139056382,0.004986860943617825,3.390832922746099e-179,0
CUST1669,2.601267459222861e-148,1.0,0.0,1
CUST1670,0.0014013995918133744,6.616318264938572e-08,0.998598534245004,2
CUST1671,0.42250056375005246,0.5774994362499475,3.542027835383923e-116,1
CUST1672,0.02593834553873334,0.9740616544612659,3.3144754003445013e-127,1
CUST1673,0.992803079602756,0.005178280424257994,0.0020186399729860815,0
CUST1674,0.8942047524489519,0.10579524755104815,7.753276601072766e-109,0
CUST1675,0.9963630252019698,0.0002820770401678532,0.003354897757862206,0
CUST1676,0.8848398145521226,0.11516018544787798,2.7057807405923463e-43,0
CUST1677,0.0005636749099228577,7.3115665232197675e-09,0.9994363177785106,2
CUST1678,0.04982680004796844,3.4166667549379286e-07,0.9501728582853557,2
CUST1679,0.00016160717839117008,1.0682869625944619e-10,0.9998383927147804,2
CUST1680,3.7333303607004334e-05,1.1256877484390419e-12,0.9999626666952675,2
CUST1681,0.8799360953254576,0.12006390467454182,2.102531786566171e-44,0
CUST1682,0.029091517481375617,0.9709084825186256,1.1631732091335275e-177,1
CUST1683,0.9997084254015999,0.0002915745984000765,8.837436136784684e-19,0
CUST1684,3.9321927480295346e-51,1.0,0.0,1
CUST1685,0.011260253875703063,4.987267165518148e-07,0.9887392473975802,2
CUST1686,0.8667191902095183,0.13328080973353432,5.694816654141465e-11,0
CUST1687,0.04349634471420432,4.854273533055105e-07,0.9565031698584423,2
CUST1688,0.10173018609922034,0.8982698139007783,0.0,1
CUST1689,0.8055285417292357,0.19447145827076465,1.212097281428718e-53,0
CUST1690,0.0013068570367102223,0.9986931429632911,3.3436294574767615e-146,1
CUST1691,0.0001847354392435272,2.1980088623580226e-12,0.9998152645585586,2
CUST1692,0.00019588761492464035,9.711021124272125e-11,0.999804112287965,2
CUST1693,5.6120135664977e-16,1.0,0.0,1
CUST1694,0.9999951962923785,3.7400708821698445e-06,1.0636367396494676e-06,0
CUST1695,0.9995200037255687,0.00047999627443186705,5.904086690002763e-61,0
CUST1696,0.7280676624175617,0.0006231309615931827,0.2713092066208454,0
CUST1697,0.014511041761710489,4.04700452710098e-05,0.9854484881930184,2
CUST1698,0.0012811171339941756,2.219765972973023e-09,0.9987188806462401,2
CUST1699,0.9924369386285138,0.007563061371486819,8.500585960781827e-35,0
CUST1700,3.35836595969199e-29,1.0,0.0,1
CUST1701,0.0004464310983196424,0.9995535689016795,0.0,1
CUST1702,0.975557550022361,0.024442449976147224,1.4913013019422928e-12,0
CUST1703,0.0029110483962864506,3.074126947836941e-11,0.9970889515729722,2
CUST1704,0.000735845083924547,0.9992641549160749,9.339554910319172e-296,1
CUST1705,0.9872441954557277,0.012755804532359945,1.1911853368204552e-11,0
CUST1706,0.9999959485195197,3.967998690284813e-06,8.348178950458937e-08,0
CUST1707,0.012109784850899214,1.3487485234463374e-07,0.9878900802742482,2
CUST1708,0.014826663114141058,5.3217050278282575e-06,0.9851680151808311,2
CUST1709,0.006523005361118547,4.1823491600546765e-07,0.993476576403965,2
CUST1710,0.0018654955578244876,2.1248190713426535e-07,0.9981342919602683,2
CUST1711,0.24848798207132874,2.1841034300496857e-08,0.7515119960876371,2
CUST1712,0.9992067370092562,0.0007932629907407067,2.8875792304930073e-15,0
CUST1713,0.09544149925116764,1.283688147597483e-06,0.9045572170606847,2
CUST1714,4.505555651555214e-121,1.0,0.0,1
CUST1715,0.0003581252151004994,0.9996418747848991,0.0,1
CUST1716,0.0004920018593841467,6.745230799039178e-11,0.9995079980731636,2
CUST1717,0.0015750271462468015,1.679126861702894e-08,0.9984249560624848,2
CUST1718,3.902100998066969e-05,0.9999609789900195,0.0,1
CUST1719,0.9986369101103065,0.0012664781391694257,9.661175052419887e-05,0
CUST1720,0.012538385390906886,2.5119426507170616e-06,0.9874591026664423,2
CUST1721,0.22274570961457432,0.003595351593899468,0.7736589387915258,2
CUST1722,0.9432627921390689,0.0005728871514089277,0.056164320709522084,0
CUST1723,0.2260427181882449,0.0012027611015530044,0.772754520710202,2
CUST1724,0.0009833822357646178,1.9010922225129123e-09,0.9990166158631433,2
CUST1725,2.726120393117017e-09,0.9999999972738784,0.0,1
CUST1726,0.5673744842121947,0.4326255157878055,1.174609214462877e-87,0
CUST1727,0.02239460782457219,0.9776053921754263,8.414623340965647e-90,1
CUST1728,6.532507659881766e-06,0.999993467492341,1.4205448464191052e-242,1
CUST1729,1.845561939287735e-260,1.0,0.0,1
CUST1730,0.9926171009756978,0.00738289902430228,2.8602200155727926e-35,0
CUST1731,0.06967435102772811,1.5795060996929428e-05,0.9303098539112747,2
CUST1732,0.004127570405120012,3.196220564775999e-11,0.9958724295629183,2
CUST1733,0.9942469675932587,0.005753032405448663,1.2926659941246495e-12,0
CUST1734,0.0002808309319728132,3.210131729280122e-09,0.9997191658578953,2
CUST1735,0.260681847017044,1.2727226864338624e-06,0.73931688026027,2
CUST1736,3.843176664122151e-05,3.571332138525169e-12,0.9999615682297874,2
CUST1737,0.0024226508180656033,5.774143276722509e-10,0.9975773486045202,2
CUST1738,0.0005265433351172259,9.73432078741137e-10,0.9994734556914506,2
CUST1739,0.8023980974305857,0.19760190256941418,2.710312085723799e-164,0
CUST1740,0.002184065791080303,5.562218434730518e-07,0.9978153779870764,2
CUST1741,0.9999627383581391,3.726164186165086e-05,1.325121618268288e-18,0
CUST1742,0.9992542256326056,0.00010626928678799939,0.000639505080607294,0
CUST1743,0.9981514082495508,0.001848591750448867,2.0319646476382616e-25,0
CUST1744,0.0006123850261344134,0.9993876149738643,6.575606927222505e-196,1
CUST1745,0.9563132732050034,0.04368672679499691,9.880644650949485e-118,0
CUST1746,0.00014114594737799755,1.1765129042396872e-10,0.999858853934971,2
CUST1747,0.9085784329227506,0.09142156624042216,8.368264807762077e-10,0
CUST1748,0.00020334219887855785,1.160245465104993e-10,0.9997966576850967,2
CUST1749,0.8724519282342714,0.127548071765726,2.2550388444663607e-15,0
CUST1750,0.255742980212015,0.7442570197879839,4.942602077397834e-132,1
CUST1751,0.0006944116801654624,7.414854825933571e-11,0.999305588245686,2
CUST1752,0.00524193332309893,7.323084572122831e-08,0.9947579934460554,2
CUST1753,0.00035519541220963306,1.8726450781087112e-09,0.9996448027151454,2
CUST1754,0.32822143060374004,0.0018093062537699277,0.6699692631424902,2
CUST1755,0.0056717256670839955,1.8374493201774598e-07,0.9943280905879839,2
CUST1756,0.9959959738051537,0.004004026194847055,6.017092284019006e-53,0
CUST1757,0.9988949905381888,0.0010335908367318102,7.141862507862948e-05,0
CUST1758,0.08500365498025723,0.9149963450197444,1.3573636479148e-310,1
CUST1759,0.03143271384053243,7.035697095657372e-06,0.9685602504623725,2
CUST1760,0.1741635850538341,0.0006094594631979557,0.8252269554829688,2
CUST1761,0.9761923219343996,0.023807678065599577,6.456242581960509e-28,0
CUST1762,0.0008634642722257034,1.7295077696499637e-08,0.9991365184326962,2
CUST1763,0.01109545827951338,0.9889045417204863,1.0189710515330373e-180,1
CUST1764,0.9980696639281131,0.0019301506546274096,1.854172599369308e-07,0
CUST1765,0.9957525522091211,0.004247447790874543,4.071009859649474e-15,0
CUST1766,0.9998610747261099,0.00013892527389025217,3.770341068476863e-37,0
CUST1767,0.9943496695792531,0.005650330420747712,8.681674542859172e-68,0
CUST1768,0.9698406327969255,1.5330101705824313e-06,0.030157834192903528,0
CUST1769,0.6593261735253704,0.3406738264746293,1.0204180020234558e-43,0
CUST1770,0.3736909545865063,0.6263090454134939,8.760423156744828e-215,1
CUST1771,0.006093550462440264,1.4302545960735611e-05,0.9938921469915988,2
CUST1772,0.9987727147887764,0.0012272852112159753,7.92839294041544e-15,0
CUST1773,1.277267962038223e-05,0.9999872273203796,4.2234e-319,1
CUST1774,1.5287213492397042e-172,1.0,0.0,1
CUST1775,6.691195036147736e-05,3.858051603100797e-12,0.9999330880457805,2
CUST1776,0.00014710644021786372,2.045571759761504e-12,0.9998528935577367,2
CUST1777,0.9985836823004955,0.001416317699504304,1.4414838387109693e-32,0
CUST1778,0.0009090563555045415,0.9990909436444961,8e-323,1
CUST1779,0.9999997641689771,1.5454435205726066e-07,8.128666999359577e-08,0
CUST1780,0.20008764358093042,2.28084289908344e-06,0.7999100755761707,2
CUST1781,0.8334576137420493,0.0008548806791586785,0.1656875055787924,0
CUST1782,1.773862706451839e-159,1.0,0.0,1
CUST1783,0.02818739449600904,2.328558172040358e-05,0.9717893199222705,2
CUST1784,0.7398751036146555,0.0001606337175864721,0.2599642626677575,0
CUST1785,0.0018864282569330956,1.0812477142802216e-07,0.9981134636182952,2
CUST1786,8.775245795385363e-12,0.9999999999912248,0.0,1
CUST1787,0.999070777662735,0.0009292223371455073,1.192879048604563e-13,0
CUST1788,0.0009299005569730387,8.092147692341536e-09,0.9990700913508794,2
CUST1789,4.3179797166500994e-10,0.9999999995682014,0.0,1
CUST1790,0.0045085721029838165,2.699477303481081e-08,0.995491400902243,2
CUST1791,0.034861496630176236,1.0269402591425657e-05,0.9651282339672326,2
CUST1792,7.395695815721573e-33,1.0,0.0,1
CUST1793,0.000671728904683274,7.053044736211458e-10,0.999328270390012,2
CUST1794,0.39784669493708885,0.6021533050629105,2.1376505259344798e-94,1
CUST1795,0.0005062076029042756,1.587079749747618e-10,0.9994937922383876,2
CUST1796,0.8295367902833026,0.17046320971669707,2.495392408687427e-85,0
CUST1797,0.9826321840070006,0.01736781599299963,7.27958696343739e-21,0
CUST1798,0.9678624344150755,0.03213756558492524,1.1724720172291485e-114,0
CUST1799,0.9281385102254006,0.0718614897745989,1.917509846129962e-46,0
CUST1800,0.9911353525399644,0.008864647460035293,5.111623926325668e-28,0
CUST1801,7.18157740682268e-14,0.999999999999929,0.0,1
CUST1802,2.3140554773949332e-10,0.999999999768594,0.0,1
CUST1803,0.006692805572507724,1.4051607643756122e-06,0.993305789266728,2
CUST1804,0.9865174861374372,0.013482513862563496,3.675566150299107e-76,0
CUST1805,0.9914503451379577,0.00854965486204159,2.9935918741865237e-64,0
CUST1806,4.606693269331214e-05,2.128407131109774e-12,0.9999539330651785,2
CUST1807,0.9998872757251529,0.00011272427484709498,3.77718878784878e-64,0
CUST1808,0.9998071715726181,0.0001928247720875264,3.6552942988216587e-09,0
CUST1809,0.0016788660474434003,3.4281230227523216e-09,0.9983211305244334,2
CUST1810,5.4216908231770966e-217,1.0,0.0,1
CUST1811,0.17349906640246796,0.00018353833413106715,0.8263173952634001,2
CUST1812,0.39096459011157664,5.480676477937101e-05,0.6089806031236439,2
CUST1813,0.00014053070165996303,2.2174790674703817e-11,0.9998594692761651,2
CUST1814,0.9964470190955673,0.0035529809044322833,1.7015847670946202e-37,0
CUST1815,5.008191377033502e-10,0.9999999994991811,0.0,1
CUST1816,2.7715845632996766e-08,0.9999999722841547,3.210025150929046e-281,1
CUST1817,1.3020216329701715e-24,1.0,0.0,1
CUST1818,0.3134256625877419,0.6865743374122577,5.5334458182706454e-185,1
CUST1819,0.0007506609204103925,0.9992493390795886,4.280509953873308e-185,1
CUST1820,0.0,1.0,0.0,1
CUST1821,4.1563930830227185e-91,1.0,0.0,1
CUST1822,2.714689076827076e-08,0.9999999728531094,0.0,1
CUST1823,0.031118460067563733,1.827079233779769e-07,0.9688813572245129,2
CUST1824,3.382384922511034e-08,0.9999999661761502,0.0,1
CUST1825,0.9226488041011304,0.004622424498069072,0.07272877140080126,0
CUST1826,0.989117131202781,1.0432511530147865e-05,0.010872436285689643,0
CUST1827,0.9835194724599878,0.016480527540011575,3.0709841760233855e-62,0
CUST1828,1.967788284582716e-11,0.9999999999803215,0.0,1
CUST1829,1.6747300006084498e-22,1.0,0.0,1
CUST1830,0.9707532646546777,0.029246735345322544,2.8071570350320756e-40,0
CUST1831,0.9975711054766038,0.0024288945233953774,5.345020998250291e-24,0
CUST1832,0.005589209732034989,1.275256754823683e-10,0.9944107901404394,2
CUST1833,0.969302252165538,0.030697747834461327,2.5951328045326014e-28,0
CUST1834,0.9997230018890518,0.0002769981109482464,5.121888191942754e-26,0
CUST1835,0.9968870816344416,0.0031097455665682395,3.172798990924957e-06,0
CUST1836,1.9868187800768328e-10,0.999999999801318,0.0,1
CUST1837,0.07190435861869546,9.208860727226506e-09,0.9280956321724431,2
CUST1838,0.022041417534991236,6.258774087352096e-07,0.9779579565876002,2
CUST1839,0.01750144624013304,0.9824985537598664,2.0742483695739935e-175,1
CUST1840,0.9790602645074254,0.0209397354925741,1.9905884956949002e-103,0
CUST1841,0.0002994257246600099,4.7279956057281706e-11,0.9997005742280602,2
CUST1842,0.6876707243253191,0.00037888047079888166,0.3119503952038818,0
CUST1843,3.7896949925571866e-08,0.9999999621030511,0.0,1
CUST1844,0.9859707709463401,0.01402922905366073,2.1510801810250393e-18,0
CUST1845,0.9995731183189313,0.00042688168106834435,2.186758905165698e-20,0
CUST1846,0.9128444525273459,0.08715554747265371,2.1783360486696655e-43,0
CUST1847,0.999789013563584,0.00017205490584443377,3.893153057091157e-05,0
CUST1848,0.0026445523990706525,7.345198857725152e-09,0.9973554402557309,2
CUST1849,0.0074023378022581654,2.4613887342753852e-08,0.9925976375838547,2
CUST1850,0.055176243114766425,8.628696553443549e-06,0.9448151281886797,2
CUST1851,0.0005023397999588908,3.978557636479478e-08,0.9994976204144645,2
CUST1852,6.635179103911362e-65,1.0,0.0,1
CUST1853,0.0001004348925283623,3.5938995326409884e-12,0.9998995651038778,2
CUST1854,0.0012141248770781367,3.953258628783479e-08,0.9987858355903355,2
CUST1855,0.155366705387964,0.844633294612036,1.2521274610459475e-74,1
CUST1856,0.9980430130154756,0.001947235367123556,9.751617400037582e-06,0
CUST1857,0.0016281686740584934,1.4904939475777974e-07,0.9983716822765465,2
CUST1858,0.0047274929366366795,3.488180558080884e-06,0.9952690188828053,2
CUST1859,0.9976006901939392,0.0013516092001221221,0.0010477006059387423,0
CUST1860,9.737945808702092e-05,1.6139233863905265e-11,0.9999026205257737,2
CUST1861,0.9999548126538116,4.518734618922532e-05,7.009112702377221e-18,0
CUST1862,0.9711182615683241,0.028881738431676126,9.333647477745295e-46,0
CUST1863,0.8447684032045014,0.1552315967954977,8.486695361412221e-148,0
CUST1864,0.00014517225162164924,1.7185945394722137e-12,0.9998548277466598,2
CUST1865,0.00034376005988455904,3.320744016880055e-09,0.9996562366193713,2
CUST1866,0.005701971258197061,1.0837723584227347e-05,0.9942871910182185,2
CUST1867,0.018963030685401817,6.349900720789882e-06,0.9810306194138781,2
CUST1868,4.726239485352033e-05,5.088759989165272e-12,0.9999527376000578,2
CUST1869,2.200295602153432e-08,0.9999999779970443,0.0,1
CUST1870,1.034521157121805e-12,0.9999999999989662,0.0,1
CUST1871,0.6707403225986805,0.002302528906831809,0.32695714849448687,0
CUST1872,1.494140911733079e-05,0.9999850585908833,0.0,1
CUST1873,0.00021564668524889737,1.6378075359925235e-11,0.9997843532983731,2
CUST1874,0.9912920662237881,0.008707623017319154,3.1075889313269255e-07,0
CUST1875,0.9771258383526534,0.022874161647347402,1.7864251510820373e-21,0
CUST1876,0.005001145919391619,2.8892815335127336e-07,0.9949985651524551,2
CUST1877,0.9980657049043162,0.0019124353474252083,2.1859748259403252e-05,0
CUST1878,0.6120201795964734,0.002285924376546512,0.3856938960269798,0
CUST1879,0.02430353452268026,8.220274333807925e-07,0.9756956434498868,2
CUST1880,0.9980128265014491,0.0019737234622205432,1.3450036330512038e-05,0
CUST1881,0.7605033755160935,0.00019600807314609404,0.2393006164107601,0
CUST1882,6.3254956927557526e-21,1.0,0.0,1
CUST1883,0.9766197591970037,0.023380240727178248,7.581814127409045e-11,0
CUST1884,0.017250836176594415,7.77577246653405e-06,0.9827413880509391,2
CUST1885,0.9945575516457349,0.005442448354265653,2.515988641374062e-64,0
CUST1886,0.20389430732346664,0.7961056926765341,3.058710762415471e-267,1
CUST1887,0.0008863720371505337,2.581462030735422e-09,0.9991136253813871,2
CUST1888,0.014401518590451145,1.3108795702867864e-08,0.985598468300753,2
CUST1889,0.9995125122449194,0.00048748775508025195,4.747091185533627e-39,0
CUST1890,0.0003728368761657255,3.299584583611396e-10,0.9996271627938756,2
CUST1891,0.0004145117997022951,4.2632357180621836e-10,0.9995854877739742,2
CUST1892,1.2889090717737934e-05,3.6550974025902993e-14,0.9999871109092456,2
CUST1893,0.03464293467614339,9.918961470466569e-06,0.9653471463623856,2
CUST1894,0.001532729058403833,3.4644647447884765e-09,0.9984672674771313,2
CUST1895,0.0005635329415934959,0.9994364670584073,0.0,1
CUST1896,0.006567537711403779,2.640242094413901e-07,0.9934321982643869,2
CUST1897,0.004270524353184924,5.099171372945624e-11,0.9957294755958229,2
CUST1898,0.996443055319445,0.003556944680555412,3.670356569189419e-35,0
CUST1899,0.4405564328267999,2.55467570818982e-05,0.5594180204161188,2
CUST1900,0.0002371823267453802,1.9157623219536455e-11,0.9997628176540969,2
CUST1901,6.54645109614143e-05,0.9999345354890402,1.2432740017437022e-169,1
CUST1902,0.9841087437793834,0.015891217370599977,3.885001593664416e-08,0
CUST1903,0.1311798793058845,0.8688201206941162,4.5401721769173106e-253,1
CUST1904,0.9951357338332568,0.004864266166742776,7.186325936051069e-19,0
CUST1905,0.0007026040763988555,1.204637620247977e-08,0.999297383877225,2
CUST1906,0.0011701228285686922,0.9988298771714321,9.553229898872222e-165,1
CUST1907,0.00015052775093428802,5.72329776458166e-12,0.9998494722433425,2
CUST1908,0.008239316029213324,2.619523016265065e-06,0.9917580644477703,2
CUST1909,0.01234073394135669,3.6313987826222453e-09,0.9876592624272444,2
CUST1910,0.990744238785968,0.009175984227177891,7.977698685450902e-05,0
CUST1911,0.009207813338552851,1.4394157947086223e-05,0.9907777925035002,2
CUST1912,0.00016642083165490973,7.308969065704611e-11,0.9998335790952555,2
CUST1913,0.0006355284144174342,4.740695331943929e-10,0.9993644711115132,2
CUST1914,0.9967657370689118,0.003233921817280554,3.4111380806717613e-07,0
CUST1915,7.930091755787842e-128,1.0,0.0,1
CUST1916,0.9982384398677998,0.0017615601321996866,2.3475648294307146e-158,0
CUST1917,0.11097625856296345,7.718545504979884e-08,0.8890236642515819,2
CUST1918,0.9887467371567488,0.01125326284325188,6.252047935678663e-106,0
CUST1919,0.9999990381342493,9.61845669069955e-07,2.008167166255044e-11,0
CUST1920,0.9788284287285987,0.0030313095672823576,0.018140261704119143,0
CUST1921,0.044800230270296865,6.204788428354903e-06,0.9551935649412749,2
CUST1922,0.5286629363959758,0.47133706360402333,2.217600603242875e-97,0
CUST1923,0.09303341022484198,2.409077470040173e-07,0.9069663488674101,2
CUST1924,0.9988463919803895,0.0011536080181420378,1.4683211701750044e-12,0
CUST1925,0.9751160952005856,0.024781021413994405,0.00010288338541986521,0
CUST1926,0.8120946199676639,5.480664083062244e-05,0.18785057339150604,0
CUST1927,0.9997473100284855,0.00025268997151392666,8.761351315585103e-51,0
CUST1928,0.9939640821562713,0.00603591784372822,6.5379741307854226e-18,0
CUST1929,0.9811999888722651,0.018800011127735668,3.925713548251367e-122,0
CUST1930,1.0807793509689993e-17,1.0,0.0,1
CUST1931,0.9999632922632706,3.670773672943856e-05,4.54372667184719e-73,0
CUST1932,0.0008171432281675003,3.4521717781800853e-09,0.9991828533196608,2
CUST1933,0.011754285908578167,3.290690671169087e-07,0.9882453850223547,2
CUST1934,0.009554272260218962,1.5687580496053413e-06,0.9904441589817311,2
CUST1935,0.9974649362522087,0.0007622290356071195,0.0017728347121842324,0
CUST1936,1.3016223432032395e-11,0.9999999999869829,0.0,1
CUST1937,3.1706301743711897e-05,8.448562483273831e-14,0.9999682936981721,2
CUST1938,0.8865729790153274,5.197567810851837e-07,0.11342650122789107,0
CUST1939,0.9372976098390948,0.0003199168062966155,0.06238247335460897,0
CUST1940,0.13743695708501488,5.649545931130535e-06,0.8625573933690545,2
CUST1941,0.00040020456251316434,4.482411877633039e-12,0.9995997954330048,2
CUST1942,0.34585239624210323,0.6541476037578969,6.251130097964284e-165,1
CUST1943,0.9997107688808654,0.00028923111913435726,3.254215422998409e-17,0
CUST1944,0.0002441077072644685,6.808362912537554e-11,0.999755892224652,2
CUST1945,0.023195569619769135,1.0277157641557411e-11,0.9768044303699533,2
CUST1946,2.6562499088231177e-14,0.9999999999999734,0.0,1
CUST1947,0.002199845308042714,1.2850583433251425e-07,0.9978000261861232,2
CUST1948,0.004685347959533036,1.1517954149979706e-06,0.9953135002450519,2
CUST1949,0.00020677976949231316,1.0480882847192416e-11,0.9997932202200268,2
CUST1950,0.1701888374230827,8.140302508464945e-05,0.8297297595518324,2
CUST1951,0.9962752370506079,0.003724762949391543,3.1948874198154527e-18,0
CUST1952,0.206901408501536,0.0004963542214297784,0.7926022372770342,2
CUST1953,0.9984548539231438,0.001545146076856185,3.2078019705166066e-36,0
CUST1954,4.003354060184592e-51,1.0,0.0,1
CUST1955,0.9937425452765102,0.006257454723489665,1.8726404976206237e-17,0
CUST1956,0.5831429650847856,0.0008249612507590547,0.416032073664456,0
CUST1957,0.9525162082769579,0.04748379172304147,2.549101886705155e-119,0
CUST1958,0.00014106910884174607,4.824167492731758e-11,0.9998589308429164,2
CUST1959,0.9925653991064813,0.00696145078146861,0.00047315011204971134,0
CUST1960,0.0003247570138177015,8.362852012403708e-11,0.9996752429025538,2
CUST1961,2.8203565826630837e-05,0.9999717964341741,0.0,1
CUST1962,0.9865476362109327,0.013375668492699425,7.66952963677087e-05,0
CUST1963,0.9994848200550421,0.0005151799449581054,4.9821774648421775e-29,0
CUST1964,0.7549284153001393,0.0003088976376064968,0.2447626870622545,0
CUST1965,5.180440386936162e-05,2.725315322409101e-12,0.9999481955934053,2
CUST1966,0.999770787869858,0.00022126920964983258,7.942920492666667e-06,0
CUST1967,0.9999979466037395,2.0533962600368846e-06,1.6842778497641745e-25,0
CUST1968,0.0009222377637574204,5.129869024325323e-10,0.9990777617232558,2
CUST1969,0.003750558124833535,9.861896240177466e-10,0.9962494408889766,2
CUST1970,0.9492783599276123,0.0006490086697915125,0.0500726314025967,0
CUST1971,1.9433720200863456e-05,3.3283560183786945e-16,0.9999805662797987,2
CUST1972,0.9999474889683999,1.9549760508683144e-05,3.296127109216483e-05,0
CUST1973,0.9978173057259974,0.0021826942740026983,3.048132859608658e-29,0
CUST1974,0.0002913814858845716,6.775401344386089e-11,0.9997086184463614,2
CUST1975,0.6451195894898188,0.001383164107550559,0.3534972464026304,0
CUST1976,0.0002315136958038396,8.023172008891536e-12,0.999768486296173,2
CUST1977,1.7329794825258917e-06,0.999998267020518,0.0,1
CUST1978,0.006009842916867697,0.9939901570831318,1.458698766727301e-198,1
CUST1979,0.9464692535604747,0.053530745493276494,9.462480873929845e-10,0
CUST1980,0.19134482531141236,1.267373159383931e-06,0.8086539073154289,2
CUST1981,0.9988558101312345,0.0011441898673735672,1.3916662741482515e-12,0
CUST1982,0.9547488305035243,0.04525116949647651,1.1671536573902625e-86,0
CUST1983,0.0010660099752120445,2.107245780449503e-09,0.9989339879175421,2
CUST1984,0.9766352558640181,0.02336474413598232,8.965756029406948e-156,0
CUST1985,4.847714169359915e-08,0.9999999515228571,1.4202729974363923e-111,1
CUST1986,2.4362951236698793e-05,9.391130296114043e-14,0.9999756370486692,2
CUST1987,0.0022512168266231323,1.3523227945313183e-09,0.9977487818210543,2
CUST1988,0.9972941084788073,0.0015493264762269806,0.0011565650449660452,0
CUST1989,0.0049263423047897145,6.960359552546492e-07,0.9950729616592553,2
CUST1990,0.0001980472523875214,2.3477196450146545e-10,0.9998019525128405,2
CUST1991,0.000742957434000089,0.9992570425659993,6.686235028330459e-202,1
CUST1992,0.9999348383652206,6.516163477937232e-05,1.7831408648526173e-34,0
CUST1993,0.9969864684078309,0.002932083803302457,8.144778886624068e-05,0
CUST1994,0.04454679495629321,0.9554532050437061,4.84637414255968e-243,1
CUST1995,0.9994599487522968,0.0005400512477037622,7.470395910706441e-38,0
CUST1996,0.9668680585597189,0.008038402410161006,0.02509353903011984,0
CUST1997,0.38942935045408855,0.6105706495459111,1.3923862712635545e-49,1
CUST1998,0.9944798356502295,0.005520164349770679,1.6988201835353996e-69,0
CUST1999,0.0018776773086375757,0.9981223226913625,3.864188508608995e-201,1
CUST2000,0.9998387357980283,0.00016126420197129567,3.0152086550285682e-27,0
