customer_id,predicted_risk_group,cluster_membership_probability,Low_Risk_Probability,Medium_Risk_Probability,High_Risk_Probability,annual_income,debt_to_income_ratio,credit_utilization,payment_delay_days,missed_payment_count,active_loans
CUST0001,High_Risk,0.9971683850103052,5.943028012063601e-11,0.0028316149302644645,0.9971683850103052,745700,0.7,65.8,19.1,6,5
CUST0002,Low_Risk,1.0,1.0,5.1774175389300415e-30,0.0,1120800,0.26,15.3,0.0,0,2
CUST0003,Medium_Risk,0.9854960664279313,0.014503933572069356,0.9854960664279313,1.665138272399109e-32,1275500,0.19,27.2,3.6,3,1
CUST0004,Low_Risk,1.0,1.0,2.6469650632684158e-17,0.0,2853300,0.23,29.8,0.0,0,2
CUST0005,High_Risk,0.9990998293400785,3.22910244124591e-10,0.0009001703370114085,0.9990998293400785,331400,0.63,89.2,19.1,5,3
CUST0006,High_Risk,0.9997648953739455,5.1352624600098634e-11,0.00023510457470171499,0.9997648953739455,221900,0.66,82.0,15.1,4,4
CUST0007,Low_Risk,0.9999996323290646,0.9999996323290646,3.6767093483735195e-07,6.982012404559417e-202,2303500,0.36,42.9,4.6,1,4
CUST0008,Medium_Risk,0.9999802664610661,1.9733538934134095e-05,0.9999802664610661,1.8104462390124542e-23,735700,0.62,49.6,12.3,2,4
CUST0009,Low_Risk,0.9999997367510955,0.9999997367510955,2.632489031993014e-07,0.0,2979400,0.18,5.0,0.0,0,3
CUST0010,High_Risk,0.9985476867768263,1.5083230362918754e-10,0.0014523130723418745,0.9985476867768263,384600,0.73,84.2,13.0,3,3
CUST0011,Medium_Risk,0.9379716838522636,4.4015747364798266e-06,0.9379716838522636,0.06202391457299995,840800,0.54,86.8,16.9,3,3
CUST0012,High_Risk,0.8920633223584705,1.40254038541141e-06,0.1079352751011443,0.8920633223584705,655100,0.56,72.0,15.5,3,4
CUST0013,High_Risk,0.9978219103269863,2.2490546326361322e-08,0.0021780671824673395,0.9978219103269863,520300,0.61,73.3,16.0,3,4
CUST0014,Medium_Risk,0.9408572774311716,0.00018496007353436517,0.9408572774311716,0.058957762495294316,886500,0.23,34.9,8.5,6,4
CUST0015,Medium_Risk,0.9935348594509487,0.006465140549050966,0.9935348594509487,6.663818538887498e-123,1166200,0.38,54.3,10.2,2,2
CUST0016,Low_Risk,0.9999999276957281,0.9999999276957281,7.230427113822537e-08,1.1778682982549997e-242,1374900,0.3,30.8,3.6,1,2
CUST0017,Low_Risk,0.9999840874573471,0.9999840874573471,1.591254265164706e-05,0.0,2082500,0.32,8.2,0.0,1,3
CUST0018,Medium_Risk,0.9999801356076962,1.9864392303649965e-05,0.9999801356076962,3.9540650869624685e-26,792700,0.32,46.3,13.8,6,4
CUST0019,High_Risk,0.9994082660203522,3.655576010231181e-11,0.0005917339430922214,0.9994082660203522,375600,0.79,78.9,18.0,3,6
CUST0020,Medium_Risk,0.9786629781422688,0.021337021352867195,0.9786629781422688,5.048646350853927e-10,1647500,0.26,14.6,2.4,0,1
CUST0021,Medium_Risk,0.9960806001377378,0.003919399862262266,0.9960806001377378,4.586459867449701e-42,1133700,0.38,32.6,6.9,3,4
CUST0022,High_Risk,0.9982386776925762,2.8790725680210207e-08,0.0017612935166979617,0.9982386776925762,488800,0.44,61.7,14.7,4,3
CUST0023,High_Risk,0.9890662584987473,1.4154354577336112e-06,0.010932326065794997,0.9890662584987473,490300,0.53,34.2,7.8,3,4
CUST0024,Medium_Risk,0.9895612895889938,0.0002857063172561698,0.9895612895889938,0.010153004093749462,714600,0.38,63.7,13.4,4,4
CUST0025,Low_Risk,0.999999997188354,0.999999997188354,2.8116468639623217e-09,0.0,2178200,0.12,34.0,0.1,2,1
CUST0026,High_Risk,0.9719784040156931,2.32310751422392e-08,0.028021572753231454,0.9719784040156931,737800,0.59,74.4,17.2,4,3
CUST0027,Medium_Risk,0.8527464881111513,0.0005730010088491939,0.8527464881111513,0.14668051087999975,736500,0.34,66.0,12.6,3,1
CUST0028,High_Risk,0.9998660707270492,1.0623064700849195e-10,0.00013392916672006063,0.9998660707270492,407600,0.6,88.5,27.7,5,3
CUST0029,Medium_Risk,0.9995272360401404,0.00047276395985997987,0.9995272360401404,4.7912853842469406e-55,1327500,0.4,42.7,2.9,1,3
CUST0030,High_Risk,0.9986769852494382,2.151268492358141e-09,0.0013230125992933594,0.9986769852494382,541500,0.61,69.9,14.9,4,4
CUST0031,Medium_Risk,0.9885870101916718,0.01141298953349401,0.9885870101916718,2.7483491092388467e-10,1411000,0.1,29.7,2.4,0,0
CUST0032,Medium_Risk,0.9144858616862661,0.08551413831373463,0.9144858616862661,9.403110104714341e-18,1932300,0.06,18.4,0.0,1,1
CUST0033,Low_Risk,1.0,1.0,1.5122679366056997e-264,0.0,5000000,0.2,50.5,10.9,2,1
CUST0034,Low_Risk,0.9999999999999964,0.9999999999999964,4.070152234230646e-15,0.0,2523000,0.27,49.1,7.5,1,1
CUST0035,High_Risk,0.7950403270450276,0.00010351264077585595,0.20485616031419646,0.7950403270450276,806100,0.37,44.3,5.4,0,1
CUST0036,Medium_Risk,0.9499502858713079,0.05004971412869247,0.9499502858713079,6.782600006244128e-102,1270900,0.16,27.0,11.3,2,1
CUST0037,High_Risk,0.9968021449017394,6.504869662444384e-07,0.0031972046112944894,0.9968021449017394,200000,0.52,59.2,8.8,4,4
CUST0038,High_Risk,0.9995785974166177,1.7626913652861334e-09,0.0004214008206913142,0.9995785974166177,442600,0.75,55.9,3.5,0,4
CUST0039,Low_Risk,0.5865194641484045,0.5865194641484045,0.41348053585159517,4.0146976485904885e-106,1682800,0.31,57.9,6.9,3,1
CUST0040,High_Risk,0.9999112123131646,1.0950595911198442e-11,8.878767588489299e-05,0.9999112123131646,440400,0.71,61.6,16.1,5,6
CUST0041,Low_Risk,0.9999999999551186,0.9999999999551186,4.4880523668399115e-11,4.32088176150376e-97,3505100,0.08,10.5,0.2,0,1
CUST0042,Medium_Risk,0.9963722398393101,0.00362763198509446,0.9963722398393101,1.2817559550306203e-07,719400,0.36,44.1,8.6,1,1
CUST0043,High_Risk,0.8224825703135655,0.00016216909845281704,0.17735526058798207,0.8224825703135655,670500,0.42,51.2,6.6,1,3
CUST0044,Low_Risk,0.998672516264428,0.998672516264428,0.001327483735571999,4.0047047326150007e-305,1603000,0.23,22.9,1.9,1,2
CUST0045,Medium_Risk,0.6860389818237457,0.3139610181762539,0.6860389818237457,4.945768555171389e-16,2034500,0.09,18.4,0.0,1,0
CUST0046,Low_Risk,0.9999999989579713,0.9999999989579713,1.042029022877095e-09,0.0,1304700,0.59,71.6,19.3,4,2
CUST0047,Medium_Risk,0.9995244598003099,0.00047550512712935916,0.9995244598003099,3.507256027766193e-08,773900,0.38,47.5,7.2,2,1
CUST0048,High_Risk,0.9866095429445197,2.082115364782689e-05,0.013369635901832657,0.9866095429445197,617600,0.36,72.7,10.5,2,3
CUST0049,Medium_Risk,0.9620198779222009,0.03796390995691897,0.9620198779222009,1.621212087975647e-05,1337400,0.21,41.8,5.4,1,2
CUST0050,High_Risk,0.9992722805753903,1.0452666360778735e-09,0.0007277183793430928,0.9992722805753903,351300,0.67,78.6,19.9,4,4
CUST0051,High_Risk,0.8921240158062799,0.00018494709179629092,0.10769103710192345,0.8921240158062799,984500,0.45,34.2,14.0,0,2
CUST0052,High_Risk,0.9991250329625905,5.906500289925501e-09,0.0008749611309092259,0.9991250329625905,459100,0.62,76.6,15.4,3,4
CUST0053,Medium_Risk,0.9999663180611823,3.367727373980919e-05,0.9999663180611823,4.665077821641539e-09,735100,0.49,66.1,19.0,4,3
CUST0054,Medium_Risk,0.9998012456476404,0.0001987543523598844,0.9998012456476404,3.8856075420155695e-38,1067700,0.36,43.0,0.0,0,1
CUST0055,Low_Risk,1.0,1.0,2.13923263338385e-45,0.0,2656500,0.19,46.2,4.7,2,1
CUST0056,Low_Risk,0.6035113042562336,0.6035113042562336,0.39648869574376666,1.196006657501581e-105,1308700,0.28,17.1,3.7,1,3
CUST0057,High_Risk,0.9999305561282443,1.8711242282591783e-11,6.944385304464781e-05,0.9999305561282443,255900,0.52,80.1,22.0,7,4
CUST0058,High_Risk,0.9993432380998105,4.1073372844815896e-09,0.000656757792852068,0.9993432380998105,373400,0.67,58.7,18.6,3,4
CUST0059,Low_Risk,0.9999999999899138,0.9999999999899138,1.0086922046391896e-11,0.0,2616100,0.05,20.7,4.8,1,0
CUST0060,Medium_Risk,0.9970564762166234,0.0029435237833764323,0.9970564762166234,1.1082731873611057e-16,1257900,0.32,16.5,0.0,0,2
CUST0061,High_Risk,0.9999212451114051,5.139801464627952e-12,7.87548834550655e-05,0.9999212451114051,374200,0.64,85.6,27.4,5,3
CUST0062,Medium_Risk,0.9991635754333916,0.000836424566608275,0.9991635754333916,1.1022201263888208e-20,1410000,0.44,48.6,10.6,3,3
CUST0063,Low_Risk,1.0,1.0,0.0,0.0,2248400,0.16,31.1,8.9,0,0
CUST0064,Medium_Risk,0.9997277727837101,0.0002682765756202367,0.9997277727837101,3.95064066944566e-06,644600,0.42,64.1,12.2,3,3
CUST0065,Medium_Risk,0.9988860899409203,0.0011139100590799138,0.9988860899409203,1.6477610566161596e-19,899400,0.27,35.5,11.6,4,2
CUST0066,Medium_Risk,0.986847208751727,7.804451509169925e-05,0.986847208751727,0.01307474673318097,744100,0.58,61.1,16.3,2,3
CUST0067,Low_Risk,0.9999674698015756,0.9999674698015756,3.253019842452693e-05,0.0,1693300,0.2,23.7,0.0,0,0
CUST0068,Low_Risk,1.0,1.0,0.0,0.0,3190300,0.17,8.8,0.0,0,1
CUST0069,High_Risk,0.9810604604991229,4.112387887501868e-08,0.018939498376997998,0.9810604604991229,767100,0.73,66.5,14.2,3,6
CUST0070,Medium_Risk,0.9999176680820331,8.23319179667827e-05,0.9999176680820331,3.0582532218781345e-20,904300,0.59,50.1,9.0,3,5
CUST0071,High_Risk,0.9989599268198043,9.517803338434322e-12,0.0010400731706780508,0.9989599268198043,695600,0.64,77.4,25.9,6,3
CUST0072,High_Risk,0.8591700051262375,2.204090988911638e-05,0.14080795396387333,0.8591700051262375,742100,0.51,48.6,14.4,3,3
CUST0073,Low_Risk,1.0,1.0,5.678245929973152e-27,0.0,1150800,0.28,65.7,10.0,1,2
CUST0074,Medium_Risk,0.6038163235205046,0.0008564872129847661,0.6038163235205046,0.3953271892665102,562500,0.29,55.2,5.5,1,2
CUST0075,Low_Risk,0.9999998412724552,0.9999998412724552,1.5872754507226073e-07,0.0,2234400,0.21,33.3,2.8,0,2
CUST0076,High_Risk,0.9999540860831562,1.603548930340519e-11,4.591390080853697e-05,0.9999540860831562,340000,0.76,82.9,23.3,3,3
CUST0077,Medium_Risk,0.9997049928840757,0.0002950064392597271,0.9997049928840757,6.766651945893745e-10,1153800,0.51,46.1,10.0,2,2
CUST0078,High_Risk,0.9880338607768424,6.211916173846727e-08,0.011966077103995608,0.9880338607768424,510200,0.52,82.7,19.0,4,2
CUST0079,Low_Risk,0.9546771418064925,0.9546771418064925,0.04532285819350657,1.047054204542435e-177,1519400,0.29,25.1,0.0,0,0
CUST0080,High_Risk,0.943988748637163,1.7892022531984007e-05,0.055993359340304374,0.943988748637163,735700,0.32,65.5,12.7,4,2
CUST0081,High_Risk,0.9959103230570316,5.2509428306177264e-06,0.004084426000137604,0.9959103230570316,492000,0.36,44.4,0.3,1,2
CUST0082,Low_Risk,0.996320170633423,0.996320170633423,0.0036798293665763334,0.0,1950300,0.31,50.2,3.4,2,2
CUST0083,High_Risk,0.9386701894290115,9.653072869457139e-06,0.0613201574981195,0.9386701894290115,692800,0.42,61.6,11.8,2,0
CUST0084,High_Risk,0.9999184784057696,2.7201502828050557e-14,8.15215942030677e-05,0.9999184784057696,450700,0.62,93.7,27.3,7,3
CUST0085,High_Risk,0.9999585846709786,2.8404046351421628e-14,4.1415328993098696e-05,0.9999585846709786,516300,0.76,95.0,28.8,6,4
CUST0086,High_Risk,0.9976557767320648,5.391564162641069e-09,0.0023442178763708257,0.9976557767320648,560000,0.57,76.8,10.8,3,2
CUST0087,Medium_Risk,0.9989323418759403,0.0010676581240598084,0.9989323418759403,3.3408387840618513e-23,901200,0.19,20.2,0.0,0,1
CUST0088,Medium_Risk,0.9967319081847184,0.0032680221668778342,0.9967319081847184,6.964840304595423e-08,998900,0.34,23.4,2.3,0,3
CUST0089,High_Risk,0.9971026958934812,4.118116984390593e-11,0.002897304065338252,0.9971026958934812,546400,0.71,95.0,30.0,6,3
CUST0090,Medium_Risk,0.6967464270009653,7.798834356432061e-07,0.6967464270009653,0.30325279311559983,581700,0.67,69.3,25.4,4,5
CUST0091,Medium_Risk,0.6922751726427943,0.3077248273572055,0.6922751726427943,1.1470784538996002e-22,1825800,0.23,26.6,0.0,1,2
CUST0092,Medium_Risk,0.5070007283278182,5.486024134381665e-07,0.5070007283278182,0.49299872306976783,1013800,0.62,63.8,23.7,5,6
CUST0093,High_Risk,0.8800545393673558,1.5366467369444807e-06,0.11994392398590777,0.8800545393673558,761400,0.54,79.4,21.4,4,3
CUST0094,Medium_Risk,0.9983358871518361,0.0016641128430142128,0.9983358871518361,5.150567014845408e-12,941200,0.25,60.8,12.1,2,1
CUST0095,Medium_Risk,0.9998723074073054,0.00012769246525174462,0.9998723074073054,1.274428442802546e-10,772500,0.39,60.9,15.3,3,2
CUST0096,Medium_Risk,0.9961790824763233,4.939741427569387e-05,0.9961790824763233,0.0037715201094011773,962500,0.57,74.6,9.5,1,3
CUST0097,Medium_Risk,0.9976256247531994,0.0023743752467885967,0.9976256247531994,1.2026577616827731e-14,1317200,0.43,17.6,0.5,0,1
CUST0098,High_Risk,0.9990743199951138,2.085818490831799e-10,0.0009256797963042919,0.9990743199951138,621900,0.64,85.8,20.9,5,3
CUST0099,Low_Risk,1.0,1.0,1.472377920737227e-173,0.0,5000000,0.27,28.3,2.7,1,2
CUST0100,Medium_Risk,0.7010279026888028,0.2989720973111968,0.7010279026888028,4.3138007718545543e-190,1536100,0.38,24.2,4.3,0,1
CUST0101,Medium_Risk,0.7402671808929584,0.0004915423926062366,0.7402671808929584,0.2592412767144365,952700,0.34,58.1,4.2,5,3
CUST0102,Low_Risk,1.0,1.0,8.985114862527609e-262,0.0,3202900,0.23,19.5,0.0,0,0
CUST0103,Medium_Risk,0.804215404469533,0.19578459551655888,0.804215404469533,1.3908288692138585e-11,1410900,0.27,48.3,5.5,0,1
CUST0104,Low_Risk,0.9449258920417085,0.9449258920417085,0.055074107958292276,1.3245695319444388e-237,1665100,0.05,23.2,0.0,1,0
CUST0105,High_Risk,0.9993369386195825,9.401269244879729e-09,0.0006630519791483709,0.9993369386195825,527600,0.71,67.6,17.8,3,6
CUST0106,Medium_Risk,0.933633681854935,0.06636631814506494,0.933633681854935,1.5539908198467274e-59,1279700,0.34,38.0,10.2,1,2
CUST0107,High_Risk,0.9984988567309017,4.0564728188347694e-08,0.0015011027043702475,0.9984988567309017,564600,0.52,65.0,14.7,3,2
CUST0108,High_Risk,0.9932441622133109,4.883085385259304e-06,0.006750954701303999,0.9932441622133109,656700,0.42,50.1,8.6,2,4
CUST0109,High_Risk,0.9971197679632702,6.88686789140559e-07,0.0028795433499404052,0.9971197679632702,375400,0.46,46.2,3.7,3,4
CUST0110,Low_Risk,1.0,1.0,4.576494751685186e-58,0.0,4375400,0.11,24.5,4.2,0,0
CUST0111,Medium_Risk,0.9990844169796322,0.0009155830202933605,0.9990844169796322,7.418813639695561e-14,1773300,0.49,50.7,15.6,2,4
CUST0112,High_Risk,0.9996514257454695,4.906136307279337e-10,0.0003485737639169927,0.9996514257454695,551400,0.65,63.7,16.5,3,3
CUST0113,High_Risk,0.9366578957594893,1.9024071020847842e-07,0.0633419139998006,0.9366578957594893,518100,0.54,55.7,10.6,4,4
CUST0114,Low_Risk,1.0,1.0,2.369140420560142e-32,0.0,2127500,0.12,43.9,0.0,0,0
CUST0115,High_Risk,0.9982808691073258,2.2363916926115292e-07,0.0017189072535050084,0.9982808691073258,360000,0.57,61.6,11.7,2,3
CUST0116,High_Risk,0.9985493674900804,2.515749387609257e-07,0.001450380934980781,0.9985493674900804,455100,0.48,61.2,5.8,0,1
CUST0117,High_Risk,0.9960079389801457,1.4868644379781777e-07,0.003991912333410421,0.9960079389801457,703200,0.36,75.6,18.1,4,1
CUST0118,High_Risk,0.9877669290182001,3.535445140824787e-05,0.012197716530391664,0.9877669290182001,351600,0.32,56.6,0.2,1,3
CUST0119,High_Risk,0.9970211247461143,3.44925127293563e-09,0.0029788718046346,0.9970211247461143,686700,0.49,54.9,19.0,5,3
CUST0120,High_Risk,0.9769519473413004,6.3965795667936865e-06,0.02304165607913314,0.9769519473413004,754800,0.51,49.0,11.6,1,2
CUST0121,High_Risk,0.9998986081618647,1.2056265231730579e-10,0.00010139171757280737,0.9998986081618647,357900,0.7,60.1,19.2,3,3
CUST0122,Low_Risk,0.9999999999993925,0.9999999999993925,6.059237993092889e-13,0.0,1775700,0.23,26.7,12.3,2,0
CUST0123,High_Risk,0.9999406277535474,1.5917479785899534e-12,5.937224486073102e-05,0.9999406277535474,336300,0.75,67.4,23.3,5,4
CUST0124,Medium_Risk,0.9991513507690768,0.0008486492309230813,0.9991513507690768,1.0027483941646202e-21,941700,0.28,44.6,3.2,1,1
CUST0125,Medium_Risk,0.9952843120550511,0.004715687944949063,0.9952843120550511,3.9929920937009915e-21,1400300,0.31,42.5,5.7,1,1
CUST0126,Low_Risk,1.0,1.0,4.527223477592251e-24,0.0,2489400,0.33,15.0,0.0,0,3
CUST0127,Medium_Risk,0.9997642409373305,0.0002357590595267165,0.9997642409373305,3.1428436236945176e-12,643900,0.53,55.4,11.3,2,3
CUST0128,High_Risk,0.9999426283962852,1.4966626890299209e-13,5.7371603565397026e-05,0.9999426283962852,371200,0.83,95.0,26.2,5,4
CUST0129,Low_Risk,0.999904212023755,0.999904212023755,9.578797624557511e-05,1.5341679883621703e-250,3119600,0.1,16.4,0.0,0,1
CUST0130,Low_Risk,1.0,1.0,5.179252123264658e-22,0.0,2297100,0.24,19.9,5.2,1,2
CUST0131,Medium_Risk,0.9996515806985197,0.00014738579583626734,0.9996515806985197,0.00020103350564379922,624600,0.43,53.8,16.2,3,2
CUST0132,Medium_Risk,0.9982693483233647,0.0017306516766348904,0.9982693483233647,3.280878600308572e-21,855600,0.49,44.6,11.9,1,3
CUST0133,High_Risk,0.9514707470202587,2.0864977541695142e-05,0.04850838800220036,0.9514707470202587,605600,0.58,57.6,6.2,1,4
CUST0134,Low_Risk,0.9757083170461468,0.9757083170461468,0.024291682953852783,3.2944218698114964e-185,2329900,0.21,51.1,9.0,2,1
CUST0135,Medium_Risk,0.9918626368801202,0.00813735586068965,0.9918626368801202,7.259189697017848e-09,1101100,0.2,41.9,13.1,1,0
CUST0136,Low_Risk,0.8706472331443312,0.8706472331443312,0.12935276685566874,8.045907067251017e-154,981900,0.2,45.9,5.1,3,2
CUST0137,Low_Risk,0.8814135676468979,0.8814135676468979,0.11858643235310294,4.632195743007695e-140,1812000,0.13,5.0,0.0,0,2
CUST0138,Medium_Risk,0.8914411822462669,0.1085588177537325,0.8914411822462669,1.1226541350278869e-165,1938000,0.15,7.0,0.0,0,0
CUST0139,High_Risk,0.9882949833675733,7.587370405435156e-08,0.011704940758722398,0.9882949833675733,587000,0.52,83.4,22.4,4,3
CUST0140,High_Risk,0.9986437384495069,1.3980425526287995e-09,0.0013562601524506719,0.9986437384495069,494600,0.53,82.1,15.1,5,3
CUST0141,Medium_Risk,0.9981005688648682,0.0017730494619539198,0.9981005688648682,0.00012638167317792712,756900,0.57,39.3,10.6,3,3
CUST0142,High_Risk,0.9997388890842155,1.829228581711988e-10,0.0002611107328616435,0.9997388890842155,596800,0.53,73.0,22.6,6,4
CUST0143,Medium_Risk,0.9996078636443873,4.028050160169733e-05,0.9996078636443873,0.00035185585401131613,762100,0.43,58.0,9.5,3,4
CUST0144,Medium_Risk,0.9810464564280258,0.018953543571974915,0.9810464564280258,6.716247714007241e-91,1273700,0.4,52.5,11.7,2,2
CUST0145,Medium_Risk,0.9983705345525988,0.0016294654474002471,0.9983705345525988,6.412380952019887e-22,1000600,0.29,49.3,2.9,2,1
CUST0146,Medium_Risk,0.9908901261973263,6.700064814356432e-05,0.9908901261973263,0.00904287315453043,429200,0.56,69.3,13.2,1,2
CUST0147,High_Risk,0.7986454415218058,0.000182815145148516,0.20117174333304613,0.7986454415218058,634300,0.36,37.9,6.9,2,3
CUST0148,Medium_Risk,0.8956997811201287,0.10430021887987108,0.8956997811201287,1.3090709884839423e-111,1619800,0.14,15.5,0.0,0,1
CUST0149,Medium_Risk,0.7621461166796734,0.00243673457464246,0.7621461166796734,0.23541714874568348,856000,0.28,16.8,0.8,1,3
CUST0150,High_Risk,0.9138109502634489,0.0005744286908613116,0.08561462104569055,0.9138109502634489,652300,0.32,28.3,0.0,1,4
CUST0151,Low_Risk,1.0,1.0,2.3235831506007777e-29,0.0,2768000,0.23,23.0,2.4,0,2
CUST0152,Low_Risk,0.9878715076039617,0.9878715076039617,0.012128492396038673,1.4478699715255968e-290,1325700,0.36,89.5,11.3,1,0
CUST0153,High_Risk,0.9999584393152965,7.029079346506236e-13,4.1560684000175817e-05,0.9999584393152965,392300,0.71,81.1,22.7,5,2
CUST0154,Medium_Risk,0.9999136674881565,1.7798717760224543e-07,0.9999136674881565,8.615452466604324e-05,1312200,0.56,83.0,22.9,7,4
CUST0155,Medium_Risk,0.9730486332302697,0.02695136676973063,0.9730486332302697,3.5520131568753953e-26,1166200,0.16,26.4,0.0,0,1
CUST0156,High_Risk,0.9992148163040753,9.278900667586593e-09,0.0007851744170240776,0.9992148163040753,423400,0.57,68.1,17.2,3,2
CUST0157,High_Risk,0.8201417311999227,0.0005927390219518247,0.17926552977812577,0.8201417311999227,625300,0.29,44.8,9.2,1,1
CUST0158,High_Risk,0.9982284531910125,3.830901573103368e-08,0.0017715084999716394,0.9982284531910125,399100,0.51,74.1,13.4,3,3
CUST0159,Medium_Risk,0.9983956273171405,0.001604372671513236,0.9983956273171405,1.1345709328916229e-11,1089900,0.37,47.7,11.0,2,2
CUST0160,Medium_Risk,0.99803069262163,0.0019087405629159798,0.99803069262163,6.056681545483173e-05,714100,0.24,51.7,9.2,3,0
CUST0161,High_Risk,0.9902552336740583,1.0200183569717287e-09,0.009744765305923652,0.9902552336740583,813500,0.72,95.0,20.2,4,3
CUST0162,High_Risk,0.9998031213055075,1.1775461315082292e-11,0.00019687868271700288,0.9998031213055075,398700,0.85,87.8,15.5,2,5
CUST0163,Medium_Risk,0.9970494159404467,0.00292836208227428,0.9970494159404467,2.2221977278322086e-05,1434500,0.34,39.0,6.4,0,4
CUST0164,High_Risk,0.9961234307163704,3.7182762971545394e-08,0.003876532100866745,0.9961234307163704,534500,0.67,72.8,25.1,2,4
CUST0165,High_Risk,0.9989592848884673,8.737187623271996e-10,0.0010407142378141413,0.9989592848884673,456900,0.69,92.1,23.5,4,4
CUST0166,Low_Risk,0.9998640045994752,0.9998640045994752,0.0001359954005248636,1.0626057211472481e-160,2101400,0.37,62.3,14.2,3,2
CUST0167,High_Risk,0.999938211892749,3.4194426429718195e-13,6.17881069083733e-05,0.999938211892749,291100,0.71,90.3,26.3,5,1
CUST0168,High_Risk,0.9973113965338192,2.2843196369727255e-08,0.002688580622984403,0.9973113965338192,512100,0.64,70.5,23.3,3,2
CUST0169,Medium_Risk,0.9873173075945041,0.01268269240549629,0.9873173075945041,5.730760751438086e-40,1408400,0.29,27.2,4.7,2,3
CUST0170,High_Risk,0.9719739141662289,9.321963181497013e-06,0.02801676387058915,0.9719739141662289,528200,0.47,57.2,5.6,2,3
CUST0171,Medium_Risk,0.9999422069746251,5.7793025374986435e-05,0.9999422069746251,2.4108728819771626e-37,1036700,0.51,57.8,9.0,3,3
CUST0172,High_Risk,0.9507784322000422,7.683297314979759e-07,0.04922079947022632,0.9507784322000422,771500,0.63,63.5,8.8,2,6
CUST0173,High_Risk,0.9422762328537819,5.504947065219174e-06,0.05771826219915249,0.9422762328537819,597700,0.54,66.8,14.1,3,3
CUST0174,Medium_Risk,0.9998690110878904,0.00013098891210873187,0.9998690110878904,4.453695029957658e-16,1198700,0.44,55.6,12.9,4,3
CUST0175,High_Risk,0.9932011358991693,4.669453822169335e-06,0.006794194647008676,0.9932011358991693,455800,0.39,52.2,8.4,2,2
CUST0176,High_Risk,0.9973786387087492,1.0378789537880927e-11,0.0026213612808715686,0.9973786387087492,577800,0.77,92.3,25.2,5,5
CUST0177,High_Risk,0.7896396254049627,5.390394589597795e-05,0.21030647064914054,0.7896396254049627,496800,0.42,43.5,0.0,1,1
CUST0178,Medium_Risk,0.9999671515962663,3.258737372653582e-05,0.9999671515962663,2.610300071090219e-07,972700,0.53,55.0,6.7,1,2
CUST0179,Low_Risk,0.9999999999996856,0.9999999999996856,3.147792836435168e-13,0.0,2161300,0.23,22.4,0.0,0,2
CUST0180,High_Risk,0.9994485534141053,1.9570809419378483e-10,0.0005514463901869181,0.9994485534141053,642400,0.52,85.7,17.4,6,3
CUST0181,High_Risk,0.9997701594939791,8.364334125541546e-12,0.00022984049765705243,0.9997701594939791,341300,0.68,79.5,15.9,6,4
CUST0182,Medium_Risk,0.9108736101400335,0.006721291299133704,0.9108736101400335,0.08240509856083335,963400,0.19,42.5,0.0,0,1
CUST0183,High_Risk,0.9960133152796767,1.9337643013115477e-09,0.00398668278655897,0.9960133152796767,606500,0.54,73.3,14.8,5,3
CUST0184,High_Risk,0.9995185602459711,8.623948109918701e-10,0.00048143889163413875,0.9995185602459711,517800,0.6,59.0,16.7,4,4
CUST0185,Medium_Risk,0.9980664062168173,0.0016675604096529194,0.9980664062168173,0.0002660333735305296,776300,0.29,36.9,1.8,0,0
CUST0186,High_Risk,0.9999438785281698,2.446402717264483e-12,5.612146938396024e-05,0.9999438785281698,366900,0.85,81.0,19.9,3,5
CUST0187,High_Risk,0.9890261265307352,1.0308742081616988e-08,0.010973863160522799,0.9890261265307352,375300,0.68,70.7,20.0,5,6
CUST0188,Medium_Risk,0.9996301505455782,0.00036984887776124903,0.9996301505455782,5.766607819933358e-10,887600,0.42,5.0,0.0,0,3
CUST0189,High_Risk,0.9997158637021525,2.1412445463623934e-10,0.0002841360837226655,0.9997158637021525,346800,0.61,86.1,19.0,5,5
CUST0190,Medium_Risk,0.9768745387155566,0.0006227716894202927,0.9768745387155566,0.022502689595023037,820800,0.28,15.3,0.0,0,0
CUST0191,High_Risk,0.9860466776690645,3.464745311322914e-07,0.013952975856403987,0.9860466776690645,784000,0.37,78.6,11.6,5,1
CUST0192,Low_Risk,0.9999990836446002,0.9999990836446002,9.163553981142228e-07,3.854867106255469e-281,1606500,0.34,39.6,13.2,2,5
CUST0193,Medium_Risk,0.9863246787807537,0.013675321219246597,0.9863246787807537,2.1955933356274837e-23,1523900,0.21,23.7,0.0,1,2
CUST0194,High_Risk,0.9989697386846749,7.616071629605045e-09,0.0010302536992537186,0.9989697386846749,386300,0.52,75.1,18.4,4,3
CUST0195,High_Risk,0.9970594997771814,1.156410793367308e-08,0.0029404886587107147,0.9970594997771814,557500,0.53,54.4,10.8,4,4
CUST0196,High_Risk,0.986187392761402,1.054970940528548e-07,0.013812501741503532,0.986187392761402,731900,0.51,50.7,16.8,4,3
CUST0197,High_Risk,0.9931086484918942,1.0043888512420197e-07,0.006891251069220526,0.9931086484918942,533600,0.64,76.5,15.6,2,3
CUST0198,Low_Risk,0.9999963119820068,0.9999963119820068,3.688017992527415e-06,0.0,2024200,0.49,48.7,3.4,0,3
CUST0199,Medium_Risk,0.6565386072089381,0.005791053975246423,0.6565386072089381,0.33767033881581615,967900,0.28,12.6,0.0,0,2
CUST0200,High_Risk,0.9994247928271204,2.379383549072235e-08,0.0005751833790444349,0.9994247928271204,340900,0.58,40.1,13.0,2,3
CUST0201,High_Risk,0.9990699610156546,3.0716581422813258e-09,0.0009300359126875285,0.9990699610156546,508200,0.53,83.3,16.7,4,1
CUST0202,High_Risk,0.8877157538177356,2.014641720944266e-08,0.112284226035848,0.8877157538177356,977600,0.53,87.5,16.3,7,4
CUST0203,High_Risk,0.986843198412695,1.1243999721591291e-05,0.013145557587583734,0.986843198412695,653200,0.51,59.6,3.5,1,3
CUST0204,Low_Risk,1.0,1.0,9.860839377950475e-258,0.0,2084900,0.21,10.5,7.5,1,0
CUST0205,High_Risk,0.9997800752933138,2.2705530069873672e-10,0.00021992447963124732,0.9997800752933138,568500,0.81,81.9,23.5,2,4
CUST0206,Low_Risk,1.0,1.0,4.436600993525873e-97,0.0,2435100,0.22,17.5,4.6,0,0
CUST0207,High_Risk,0.9975502203471757,1.611348873809698e-07,0.002449618517937343,0.9975502203471757,778500,0.51,71.3,11.5,4,3
CUST0208,Low_Risk,0.9934792976902423,0.9934792976902423,0.006520702309757604,2.970349149110531e-279,1835400,0.08,5.0,0.0,1,1
CUST0209,Medium_Risk,0.9998995400798933,0.00010045992010670163,0.9998995400798933,1.621688213303333e-16,816800,0.48,53.2,12.6,3,3
CUST0210,High_Risk,0.9991868731026833,5.8592304276532207e-08,0.0008130683050125607,0.9991868731026833,532100,0.49,53.3,13.7,4,4
CUST0211,High_Risk,0.7084197486519985,0.00010848599032604048,0.29147176535767544,0.7084197486519985,685900,0.45,56.4,6.3,1,2
CUST0212,High_Risk,0.9794213701677457,1.059176026251116e-06,0.02057757065622814,0.9794213701677457,603000,0.57,66.7,11.5,2,3
CUST0213,Medium_Risk,0.9933661608711649,0.006633839128835658,0.9933661608711649,5.716995113337324e-23,1203100,0.1,54.9,12.5,3,1
CUST0214,Medium_Risk,0.9780317825729811,0.0219682174270185,0.9780317825729811,5.285220637243028e-97,1457700,0.31,30.5,0.0,2,2
CUST0215,High_Risk,0.9996053392067518,1.4394750260175392e-09,0.00039465935377322225,0.9996053392067518,315300,0.64,77.8,18.5,3,3
CUST0216,Low_Risk,0.7867063377556025,0.7867063377556025,0.21329366224439592,4.658172164968266e-133,1922500,0.05,40.3,0.0,0,0
CUST0217,Medium_Risk,0.9973836334283616,0.0025182252728084007,0.9973836334283616,9.814129882944011e-05,1377900,0.33,39.6,1.3,1,1
CUST0218,Medium_Risk,0.9999961086192931,3.764407085118077e-06,0.9999961086192931,1.2697362119010266e-07,1222400,0.51,51.1,10.0,5,3
CUST0219,Medium_Risk,0.987009659163722,0.006026156267715249,0.987009659163722,0.0069641845685619,901900,0.35,49.2,10.3,0,0
CUST0220,High_Risk,0.9834831151532129,1.9676743133346168e-07,0.016516688079355964,0.9834831151532129,799000,0.64,52.3,14.1,3,5
CUST0221,High_Risk,0.9959674765294056,1.4254425202514885e-08,0.00403250921616933,0.9959674765294056,906400,0.41,83.9,24.5,6,3
CUST0222,Medium_Risk,0.9999850250369122,1.4974963087938378e-05,0.9999850250369122,6.800594469388117e-25,1009300,0.61,47.3,22.2,5,5
CUST0223,Medium_Risk,0.9993716283051399,0.0006283716394115697,0.9993716283051399,5.5448407646868246e-11,1007200,0.42,29.5,4.6,2,3
CUST0224,High_Risk,0.9996661869543715,1.3162650854290257e-09,0.0003338117293638844,0.9996661869543715,215600,0.59,66.5,17.0,5,4
CUST0225,High_Risk,0.6184320758474434,4.6997594101474526e-06,0.3815632243931463,0.6184320758474434,504800,0.56,71.8,13.5,3,2
CUST0226,High_Risk,0.9966126042371023,1.570735216323683e-06,0.003385825027681199,0.9966126042371023,529800,0.59,39.3,2.3,0,4
CUST0227,High_Risk,0.9997633693194341,1.9692440511704094e-12,0.00023663067859663238,0.9997633693194341,480200,0.77,78.7,23.5,5,6
CUST0228,High_Risk,0.9468671503976703,7.198879283642595e-08,0.05313277761353667,0.9468671503976703,794300,0.62,87.6,14.4,4,5
CUST0229,High_Risk,0.9978922758628389,1.649752958245279e-09,0.002107722487408524,0.9978922758628389,595700,0.58,95.0,14.7,4,3
CUST0230,High_Risk,0.9998790347803963,2.251058089488475e-11,0.00012096519709320934,0.9998790347803963,529500,0.61,74.0,29.0,6,4
CUST0231,High_Risk,0.9915142755351808,1.0119184451648092e-06,0.008484712546374115,0.9915142755351808,810600,0.41,58.4,11.4,4,3
CUST0232,Low_Risk,1.0,1.0,3.391137885881098e-59,0.0,2846800,0.05,13.7,0.0,0,2
CUST0233,High_Risk,0.9080674826027879,0.0009755716236057585,0.09095694577360697,0.9080674826027879,696400,0.17,29.5,11.0,3,1
CUST0234,Medium_Risk,0.9999590758579996,4.092362936653758e-05,0.9999590758579996,5.126340597405589e-10,966900,0.41,37.3,2.3,2,2
CUST0235,Low_Risk,0.9123147153933558,0.9123147153933558,0.08768528460664414,1.42035385566265e-269,1606700,0.41,49.1,8.8,2,1
CUST0236,Medium_Risk,0.996970150536527,0.0030298494634732895,0.996970150536527,6.919510106283826e-51,1153800,0.19,19.9,0.0,0,1
CUST0237,Medium_Risk,0.9971059608079859,0.0028940391920144297,0.9971059608079859,1.0667797554745263e-22,914200,0.28,42.0,6.5,1,1
CUST0238,Medium_Risk,0.9277812902697647,0.07221870973023443,0.9277812902697647,8.075135382840414e-43,1911600,0.15,40.8,1.3,1,3
CUST0239,Low_Risk,0.9999444205274918,0.9999444205274918,5.557947250737815e-05,0.0,1540700,0.22,31.1,0.0,0,1
CUST0240,High_Risk,0.9799117050446339,2.9929279766504285e-07,0.020087995662568626,0.9799117050446339,737500,0.6,88.7,20.5,3,3
CUST0241,Medium_Risk,0.9998949955832986,8.709370055381894e-05,0.9998949955832986,1.7910716147079646e-05,1435600,0.49,57.9,2.2,3,4
CUST0242,Medium_Risk,0.721604589895676,4.7833239069386454e-05,0.721604589895676,0.2783475768652551,989000,0.63,57.9,22.0,4,3
CUST0243,Medium_Risk,0.9804992603276897,0.005350134417386198,0.9804992603276897,0.014150605254924165,1039000,0.21,24.7,1.3,0,3
CUST0244,High_Risk,0.9989164520921746,1.286741763007799e-08,0.0010835350404075116,0.9989164520921746,351700,0.5,62.1,17.1,5,4
CUST0245,Medium_Risk,0.9644716714393168,0.03552832856068248,0.9644716714393168,1.1878731574834465e-86,1343800,0.32,19.9,3.9,0,3
CUST0246,Medium_Risk,0.9777963798616515,0.022203620138348614,0.9777963798616515,1.61261688281119e-31,857400,0.19,34.9,6.5,1,0
CUST0247,Medium_Risk,0.9918973500607631,0.008102649939237072,0.9918973500607631,2.293816060110973e-52,1200700,0.44,41.6,3.4,2,2
CUST0248,Medium_Risk,0.9453999623360382,0.054600037663961744,0.9453999623360382,5.641753445287899e-34,665400,0.23,23.8,5.8,0,1
CUST0249,Low_Risk,0.999999991951908,0.999999991951908,8.04809112819849e-09,0.0,2470400,0.24,17.3,0.0,1,1
CUST0250,Medium_Risk,0.9990634897456184,0.0009365102543795389,0.9990634897456184,1.2064758881910721e-15,1054700,0.33,21.2,1.8,0,3
CUST0251,High_Risk,0.9946423992228228,1.1111479569597065e-07,0.0053574896623815906,0.9946423992228228,624800,0.55,70.5,7.8,2,3
CUST0252,Low_Risk,0.999950868038462,0.999950868038462,4.9131961538857265e-05,2.3221979439983133e-291,1954600,0.33,42.3,3.1,1,2
CUST0253,High_Risk,0.9558260884165422,3.1273823218844727e-06,0.04417078420113593,0.9558260884165422,576200,0.47,54.7,8.7,3,4
CUST0254,High_Risk,0.9996405545776085,2.1003418879293677e-09,0.00035944332204948325,0.9996405545776085,487200,0.71,43.3,12.6,2,5
CUST0255,Medium_Risk,0.9948400248089644,0.005159975191035394,0.9948400248089644,3.423664360705661e-26,1023700,0.32,36.7,0.0,2,1
CUST0256,Medium_Risk,0.9720095720171,0.027990427982899815,0.9720095720171,4.3188618613678076e-69,1488200,0.38,50.9,4.5,2,3
CUST0257,Medium_Risk,0.9894274855407948,0.010572514459204842,0.9894274855407948,5.651986721168058e-107,1034800,0.44,54.1,9.9,3,3
CUST0258,Low_Risk,0.9999795519770849,0.9999795519770849,2.0448022914778004e-05,0.0,2245700,0.14,29.1,3.8,1,1
CUST0259,Medium_Risk,0.9949693572076614,0.0050306238108063246,0.9949693572076614,1.8981532686547045e-08,884700,0.39,6.3,0.0,0,2
CUST0260,Medium_Risk,0.9942349066989288,0.005765093301070429,0.9942349066989288,6.834226951012204e-68,584300,0.34,23.5,0.0,2,2
CUST0261,Medium_Risk,0.9608307297289437,0.039169031171540594,0.9608307297289437,2.390995152295367e-07,1388600,0.25,5.0,0.0,1,3
CUST0262,Medium_Risk,0.9984237840025233,0.0015121371252818912,0.9984237840025233,6.407887219512539e-05,1097500,0.38,32.1,5.0,4,4
CUST0263,High_Risk,0.995803022645206,1.0136011671371541e-08,0.004196967218782174,0.995803022645206,582900,0.69,71.9,14.1,3,3
CUST0264,Medium_Risk,0.9999147536585576,8.524634144203523e-05,0.9999147536585576,7.681266923275173e-21,1495400,0.52,38.6,0.1,1,5
CUST0265,Medium_Risk,0.9998986919135668,0.00010121791774866583,0.9998986919135668,9.016868445132137e-08,724700,0.47,57.5,0.8,0,2
CUST0266,Low_Risk,1.0,1.0,7.375413903047084e-22,0.0,2759200,0.08,25.9,4.7,4,2
CUST0267,Medium_Risk,0.9967181934176639,0.0012113354227195326,0.9967181934176639,0.0020704711596172725,717900,0.33,33.8,0.0,0,1
CUST0268,Low_Risk,1.0,1.0,7.424103341770906e-175,0.0,4196700,0.12,5.0,0.0,0,1
CUST0269,Low_Risk,0.8510120346184178,0.8510120346184178,0.14898796538158307,9.778362145322607e-105,2223300,0.43,26.3,5.0,0,3
CUST0270,Low_Risk,1.0,1.0,1.4784418169111088e-33,0.0,2470300,0.17,45.8,0.0,0,1
CUST0271,Medium_Risk,0.9994427249541764,1.0945693256259085e-05,0.9994427249541764,0.0005463293525666415,1202300,0.47,65.2,14.9,5,3
CUST0272,High_Risk,0.8711279333095585,1.0213755396441784e-05,0.12886185293504535,0.8711279333095585,630000,0.46,63.9,13.9,3,3
CUST0273,High_Risk,0.9991576053024354,4.7429218562599526e-08,0.0008423472683460158,0.9991576053024354,388200,0.57,50.4,8.5,2,3
CUST0274,Low_Risk,1.0,1.0,8.13057932333087e-39,0.0,2887400,0.05,42.6,13.4,3,1
CUST0275,Medium_Risk,0.938229908480277,0.001810617124293362,0.938229908480277,0.05995947439543022,546400,0.3,31.7,3.1,1,3
CUST0276,High_Risk,0.9990626093524029,1.7975068837578295e-09,0.0009373888500905154,0.9990626093524029,398400,0.5,61.3,19.9,6,3
CUST0277,High_Risk,0.863692253498959,2.45202862106854e-05,0.13628322621483066,0.863692253498959,833400,0.29,23.0,13.2,4,1
CUST0278,Medium_Risk,0.9983389701690638,0.0016610298309361034,0.9983389701690638,3.49833937415242e-62,664700,0.39,51.6,13.8,4,3
CUST0279,Low_Risk,0.5406510647512638,0.5406510647512638,0.4593489352487354,2.0423051705111033e-108,2153100,0.18,35.7,5.6,2,3
CUST0280,Low_Risk,1.0,1.0,4.443992356420159e-67,0.0,3101000,0.22,42.1,5.4,1,2
CUST0281,Medium_Risk,0.8610194798117423,0.13898052018825738,0.8610194798117423,6.73163424150596e-72,1714100,0.32,41.8,2.7,0,3
CUST0282,Medium_Risk,0.981108138560531,0.0188918614394697,0.981108138560531,2.7917179035764015e-45,1302600,0.15,5.0,0.0,0,1
CUST0283,Medium_Risk,0.9730043063699135,1.2981081741351404e-06,0.9730043063699135,0.026994395521911733,973100,0.66,51.0,6.0,1,4
CUST0284,High_Risk,0.9998680903793193,1.4742823609726475e-11,0.00013190960593795467,0.9998680903793193,292600,0.68,76.4,19.0,6,4
CUST0285,Low_Risk,0.9999929051577496,0.9999929051577496,7.094842250006082e-06,0.0,2234100,0.21,17.4,2.8,2,3
CUST0286,Medium_Risk,0.9994941466498012,0.00047329115847045836,0.9994941466498012,3.256219172752954e-05,1059100,0.46,52.5,21.2,3,3
CUST0287,High_Risk,0.9958237904312488,1.9094494923139007e-11,0.004176209549656991,0.9958237904312488,851200,0.82,84.3,23.2,6,6
CUST0288,Low_Risk,0.999999999999778,0.999999999999778,2.2205537271018324e-13,0.0,1196800,0.36,54.2,4.1,1,1
CUST0289,Medium_Risk,0.9999294341089526,6.827357359219837e-05,0.9999294341089526,2.2923174548949077e-06,1107000,0.45,42.3,4.2,3,4
CUST0290,Low_Risk,0.9999838164313447,0.9999838164313447,1.6183568655688636e-05,9.89878832607286e-239,1892600,0.23,28.0,0.0,0,0
CUST0291,High_Risk,0.9755555984389028,1.2953131439436826e-06,0.024443106247953678,0.9755555984389028,661700,0.5,65.0,14.4,4,4
CUST0292,High_Risk,0.999906470847632,9.599377447669847e-12,9.35291427694854e-05,0.999906470847632,289100,0.68,54.5,19.1,5,3
CUST0293,Medium_Risk,0.9412838852478969,0.05871611475210322,0.9412838852478969,1.0631442190058807e-34,1744300,0.39,43.5,4.8,0,2
CUST0294,Medium_Risk,0.9943525668142131,0.004168079400396949,0.9943525668142131,0.0014793537853902887,1080800,0.31,24.3,1.2,0,3
CUST0295,Low_Risk,0.9669580283873902,0.9669580283873902,0.03304197161260975,1.2273497019194844e-129,1273400,0.2,43.2,0.0,0,1
CUST0296,Medium_Risk,0.9999507299851189,4.9269567382176966e-05,0.9999507299851189,4.474984421457201e-10,911700,0.49,45.0,0.3,0,2
CUST0297,Medium_Risk,0.7918619938345475,0.2081380061654539,0.7918619938345475,5.875353573716908e-214,889700,0.55,44.7,5.6,0,2
CUST0298,Low_Risk,0.9999999996473115,0.9999999996473115,3.52688923982714e-10,0.0,1910700,0.14,36.9,2.4,4,1
CUST0299,High_Risk,0.9991016252022223,2.777609390368621e-10,0.0008983745200165377,0.9991016252022223,421600,0.66,79.5,12.1,4,3
CUST0300,High_Risk,0.7165322242756315,0.00018010753269221606,0.283287668191676,0.7165322242756315,805000,0.41,66.3,17.9,3,3
CUST0301,High_Risk,0.998116798674542,3.0080883948392827e-07,0.001882900516618229,0.998116798674542,505900,0.54,39.3,0.0,0,5
CUST0302,High_Risk,0.9995620007246562,7.752291953215499e-10,0.00043799850011484867,0.9995620007246562,521500,0.67,73.2,20.8,5,6
CUST0303,Medium_Risk,0.9988442246594528,0.0011557081079339353,0.9988442246594528,6.723261306724772e-08,1131800,0.25,26.8,3.1,0,3
CUST0304,High_Risk,0.9391742824880259,2.648469499516843e-07,0.06082545266502373,0.9391742824880259,835100,0.58,75.0,26.9,4,4
CUST0305,High_Risk,0.9991716315888415,4.777799092928105e-09,0.0008283636333593442,0.9991716315888415,470800,0.57,71.0,14.8,3,3
CUST0306,High_Risk,0.9998920524256151,1.4274323061978605e-11,0.00010794756011105152,0.9998920524256151,444000,0.77,69.1,23.0,5,6
CUST0307,High_Risk,0.9684165440772567,1.2605773268720776e-06,0.031582195345416154,0.9684165440772567,729800,0.52,59.5,9.0,3,5
CUST0308,Low_Risk,1.0,1.0,1.7402137506790162e-39,0.0,3605000,0.13,21.1,4.8,0,0
CUST0309,Medium_Risk,0.999847017579284,0.00015298153521551736,0.999847017579284,8.855013018997325e-10,1039200,0.47,36.7,4.2,1,2
CUST0310,Low_Risk,0.7752762422446484,0.7752762422446484,0.22472375775535225,5.218737737156328e-23,1536400,0.19,29.5,11.4,1,0
CUST0311,Low_Risk,0.5520401775218975,0.5520401775218975,0.44795982247810184,2.715236291952018e-60,1854000,0.38,50.7,6.7,1,2
CUST0312,High_Risk,0.9951953787759727,1.3348574845352224e-06,0.004803286366543048,0.9951953787759727,636100,0.45,71.6,20.6,1,1
CUST0313,High_Risk,0.9971744617881031,1.5947604461959525e-08,0.002825522264292599,0.9971744617881031,592200,0.58,68.4,16.1,4,5
CUST0314,Medium_Risk,0.7841157442935329,1.190787697704386e-05,0.7841157442935329,0.21587234782949002,639600,0.56,60.9,13.9,3,4
CUST0315,Low_Risk,1.0,1.0,9.251777456027435e-28,0.0,2186600,0.29,34.1,11.9,2,3
CUST0316,Low_Risk,0.9999694267496521,0.9999694267496521,3.057325034865756e-05,6.510519103415724e-299,1763400,0.26,59.5,7.8,0,0
CUST0317,Low_Risk,1.0,1.0,4.1424634922624455e-26,0.0,1605000,0.19,36.4,0.1,2,2
CUST0318,High_Risk,0.8905132678652621,3.87618037893092e-06,0.1094828559543586,0.8905132678652621,890900,0.53,75.9,13.9,3,4
CUST0319,Medium_Risk,0.9815803433262604,0.018419656673739248,0.9815803433262604,4.277640800128192e-50,1386400,0.25,32.0,3.1,0,2
CUST0320,High_Risk,0.9858401718222363,2.9801778724089015e-05,0.01413002639903957,0.9858401718222363,428300,0.37,59.7,14.9,2,2
CUST0321,Low_Risk,0.9999999054026807,0.9999999054026807,9.459731888724082e-08,0.0,2801100,0.37,30.0,7.6,2,2
CUST0322,High_Risk,0.9991794110655298,2.35948446864392e-09,0.0008205865749856624,0.9991794110655298,398000,0.57,59.0,9.6,5,3
CUST0323,Low_Risk,0.9038709112129754,0.9038709112129754,0.09612908878702506,2.3124075990783316e-116,2437700,0.32,39.5,3.4,0,2
CUST0324,High_Risk,0.5527152258692328,0.000901495819903517,0.4463832783108632,0.5527152258692328,988700,0.24,48.5,9.8,2,2
CUST0325,Medium_Risk,0.9998336188922201,0.00016638110778072405,0.9998336188922201,7.498610980549093e-48,825200,0.5,64.6,7.0,1,4
CUST0326,Low_Risk,0.9965808594256428,0.9965808594256428,0.0034191405743573804,3.8659744625077593e-159,1353300,0.11,5.0,0.0,0,0
CUST0327,Medium_Risk,0.8817390479958487,0.11826095200415211,0.8817390479958487,4.2232807356261517e-110,1898000,0.05,5.1,0.0,0,2
CUST0328,High_Risk,0.9997289598283914,6.546379626066656e-10,0.0002710395169705878,0.9997289598283914,461500,0.62,60.9,17.6,4,4
CUST0329,Medium_Risk,0.9647438850928861,0.03504956044965922,0.9647438850928861,0.00020655445745458757,1215200,0.25,28.9,7.7,0,1
CUST0330,Medium_Risk,0.9991049021206467,0.000559510045643644,0.9991049021206467,0.00033558783370951563,1155600,0.38,54.0,4.6,1,1
CUST0331,High_Risk,0.998404320693575,7.671388575622196e-10,0.0015956785392863629,0.998404320693575,651600,0.72,63.5,11.4,2,5
CUST0332,High_Risk,0.9992486927621986,4.521043714623104e-09,0.0007513027167576186,0.9992486927621986,268600,0.67,75.3,19.0,3,4
CUST0333,Low_Risk,0.9999999999047215,0.9999999999047215,9.527920595917137e-11,0.0,1553200,0.35,24.9,7.7,1,1
CUST0334,High_Risk,0.9978035896274164,2.6123546980813386e-07,0.002196149137113726,0.9978035896274164,443700,0.43,53.6,0.0,1,2
CUST0335,High_Risk,0.9998252637824082,4.143167993084314e-11,0.00017473617616021788,0.9998252637824082,369000,0.74,69.5,17.3,3,4
CUST0336,High_Risk,0.9114756113338868,2.142207923733361e-07,0.08852417444532085,0.9114756113338868,755700,0.7,65.8,8.1,1,3
CUST0337,Low_Risk,1.0,1.0,5.107279739036818e-31,0.0,2722500,0.21,25.6,1.3,1,3
CUST0338,Medium_Risk,0.9987564084965791,6.445818200542508e-05,0.9987564084965791,0.0011791333214155079,845400,0.48,73.9,15.1,3,2
CUST0339,Low_Risk,1.0,1.0,9.625733526273872e-56,0.0,2601600,0.21,27.4,9.6,1,1
CUST0340,Medium_Risk,0.9952347570083461,0.004765191976677287,0.9952347570083461,5.1014977325827925e-08,1176400,0.38,18.9,0.0,0,1
CUST0341,Medium_Risk,0.6626942532800038,0.0004066782855553178,0.6626942532800038,0.33689906843444,640900,0.33,62.4,7.9,1,0
CUST0342,Medium_Risk,0.999510248774517,0.0004897512254823168,0.999510248774517,2.5716611232809894e-22,851700,0.38,47.6,10.1,3,3
CUST0343,Medium_Risk,0.9724466536537765,0.027553346346223372,0.9724466536537765,7.582562367400132e-20,974100,0.11,27.8,4.2,3,3
CUST0344,High_Risk,0.9999545519378537,3.0193053300088666e-14,4.5448062115861224e-05,0.9999545519378537,323900,0.68,83.2,18.5,7,4
CUST0345,Medium_Risk,0.9999342686745704,6.573132542876995e-05,0.9999342686745704,2.3893175286847876e-23,529900,0.57,59.0,7.5,0,2
CUST0346,Medium_Risk,0.9978321403061873,1.5562623647766056e-05,0.9978321403061873,0.0021522970701652127,741800,0.49,58.7,13.0,4,2
CUST0347,Low_Risk,0.9999997107802897,0.9999997107802897,2.892197096365589e-07,0.0,1612500,0.16,26.1,10.1,2,1
CUST0348,Medium_Risk,0.98364740334213,0.016352596657870845,0.98364740334213,3.6241120396345667e-22,907300,0.25,39.8,0.0,0,2
CUST0349,Medium_Risk,0.9057634396791601,0.0003413192048625472,0.9057634396791601,0.09389524111597808,869100,0.46,32.4,9.1,2,3
CUST0350,Medium_Risk,0.8462881102778613,0.15371188972213798,0.8462881102778613,1.6767879469531568e-101,1974900,0.19,16.3,0.0,0,2
CUST0351,High_Risk,0.9837574812241962,2.2816338596388746e-06,0.016240237141944162,0.9837574812241962,467400,0.44,45.5,12.2,3,2
CUST0352,Low_Risk,0.9999981615868615,0.9999981615868615,1.8384131376161883e-06,0.0,2242300,0.13,13.0,0.0,1,2
CUST0353,High_Risk,0.9998889081828861,2.983183760316439e-12,0.00011109181413050856,0.9998889081828861,556200,0.69,78.6,25.9,6,5
CUST0354,Medium_Risk,0.9979439645589401,3.3279088752050554e-05,0.9979439645589401,0.002022756352308232,760200,0.53,80.7,21.3,3,4
CUST0355,High_Risk,0.5360777240055669,0.00031586873493264167,0.4636064072595008,0.5360777240055669,1069300,0.37,39.9,5.7,2,4
CUST0356,Medium_Risk,0.9999872200909679,1.2767805578882002e-05,0.9999872200909679,1.2103453571094999e-08,658000,0.64,53.0,9.4,2,2
CUST0357,High_Risk,0.9998860680021748,1.0464915027792786e-10,0.00011393189317591552,0.9998860680021748,351700,0.74,62.0,12.2,3,5
CUST0358,High_Risk,0.9616601057133166,6.875436397227109e-06,0.03833301885028594,0.9616601057133166,501100,0.38,62.2,6.0,3,3
CUST0359,High_Risk,0.9851149092256626,9.601990582934388e-07,0.01488413057527849,0.9851149092256626,276600,0.66,73.1,18.2,2,2
CUST0360,Medium_Risk,0.725935228343437,0.27406477165656157,0.725935228343437,4.938405537791028e-261,1180700,0.44,63.3,13.4,4,3
CUST0361,Medium_Risk,0.9998382465195511,0.00016018668969843393,0.9998382465195511,1.5667907504926071e-06,1353800,0.41,60.6,4.3,3,3
CUST0362,High_Risk,0.9798860328129132,9.69370152416647e-06,0.02010427348556251,0.9798860328129132,492500,0.33,35.7,6.6,3,3
CUST0363,Medium_Risk,0.9992645530821126,0.0007354468866363445,0.9992645530821126,3.125157942947486e-11,1340500,0.55,30.4,10.5,1,3
CUST0364,Medium_Risk,0.9994758950749997,0.00039246646540795567,0.9994758950749997,0.0001316384595924342,878300,0.48,63.2,16.2,3,1
CUST0365,High_Risk,0.9977423551839213,1.0681965775267912e-08,0.0022576341341125398,0.9977423551839213,293800,0.7,79.0,10.5,1,4
CUST0366,High_Risk,0.9993682042601886,1.246175711222657e-10,0.0006317956151937847,0.9993682042601886,500300,0.64,73.2,19.3,6,5
CUST0367,Medium_Risk,0.9979778523133895,0.0020221460492044012,0.9979778523133895,1.6374058397301558e-09,1217200,0.34,75.1,11.7,3,2
CUST0368,Low_Risk,1.0,1.0,3.068793829772122e-27,0.0,2106500,0.07,14.4,6.5,1,2
CUST0369,High_Risk,0.9939785462003665,7.195341049841478e-07,0.006020734265528299,0.9939785462003665,603300,0.39,43.8,6.2,3,2
CUST0370,Low_Risk,0.9958298449256192,0.9958298449256192,0.00417015507438049,2.1433419541613322e-282,1861100,0.22,40.7,5.8,3,1
CUST0371,Medium_Risk,0.9914515933615574,0.00035044671383459297,0.9914515933615574,0.008197959924608913,647700,0.42,49.8,8.4,2,3
CUST0372,Medium_Risk,0.9925911446031043,0.007408855302497613,0.9925911446031043,9.439841416067064e-11,1269500,0.42,41.9,18.5,1,1
CUST0373,Medium_Risk,0.8355240910411971,0.16447590895880337,0.8355240910411971,8.55236424321514e-62,1858100,0.3,42.4,6.1,2,2
CUST0374,High_Risk,0.9907325008937661,1.746556351835824e-06,0.009265752549882232,0.9907325008937661,594900,0.42,37.0,3.9,1,2
CUST0375,Low_Risk,0.9999494597231018,0.9999494597231018,5.054027689886579e-05,0.0,2107700,0.2,11.9,0.0,0,1
CUST0376,High_Risk,0.9874711741058289,1.0460453607251313e-07,0.012528721289634769,0.9874711741058289,790900,0.72,52.5,2.5,0,5
CUST0377,High_Risk,0.999978800976534,6.990607272860334e-13,2.119902276669528e-05,0.999978800976534,248500,0.8,75.1,25.5,5,4
CUST0378,Medium_Risk,0.9999100524873572,8.994751264294694e-05,0.9999100524873572,1.2237784146492879e-88,1177600,0.4,35.0,4.6,3,1
CUST0379,High_Risk,0.9697982275967519,5.257640334452905e-06,0.030196514762913663,0.9697982275967519,811900,0.57,74.5,9.8,3,4
CUST0380,High_Risk,0.9991188987723453,3.432036940068373e-11,0.0008811011933342204,0.9991188987723453,599300,0.75,87.5,21.1,4,4
CUST0381,Medium_Risk,0.999917205026079,8.279497392100283e-05,0.999917205026079,5.869545459616068e-34,768800,0.57,65.7,10.4,0,3
CUST0382,Medium_Risk,0.6576852438747987,0.34231475612520057,0.6576852438747987,1.5853974687015338e-195,1291800,0.32,13.4,0.0,0,2
CUST0383,High_Risk,0.9999041569523813,3.3280108756669424e-13,9.584304728615746e-05,0.9999041569523813,400400,0.73,72.8,16.9,6,4
CUST0384,High_Risk,0.9996123402758935,7.282158298366638e-11,0.0003876596512848628,0.9996123402758935,508500,0.73,86.2,20.0,4,4
CUST0385,High_Risk,0.9997871356690121,9.945951386282414e-11,0.00021286423152841504,0.9997871356690121,374900,0.6,65.5,21.1,5,4
CUST0386,High_Risk,0.9987416940033625,4.935722774727813e-09,0.0012583010609146605,0.9987416940033625,642000,0.7,55.1,15.6,3,5
CUST0387,Medium_Risk,0.9835685484406327,0.016431451559367632,0.9835685484406327,2.4837014062322163e-31,1239900,0.17,29.1,11.8,1,0
CUST0388,High_Risk,0.9999842655457296,1.0820886584087913e-13,1.573445416251064e-05,0.9999842655457296,367800,0.51,79.5,22.7,7,3
CUST0389,High_Risk,0.9918645090312874,6.443456724267698e-07,0.008134846623039935,0.9918645090312874,697300,0.48,38.2,11.4,3,3
CUST0390,High_Risk,0.9999689521640986,5.243012866258425e-13,3.104783537683194e-05,0.9999689521640986,363200,0.76,93.3,29.1,5,4
CUST0391,Medium_Risk,0.9976308423155242,0.002369157684475242,0.9976308423155242,2.2842560122788112e-27,1181300,0.32,31.4,10.3,1,2
CUST0392,Low_Risk,0.999999851277027,0.999999851277027,1.4872297373906495e-07,2.3296395213e-314,1429900,0.25,25.4,0.7,0,1
CUST0393,Medium_Risk,0.9982421314396064,0.0017578685603944289,0.9982421314396064,1.9475423594513977e-17,882000,0.42,57.8,0.0,0,2
CUST0394,Low_Risk,0.9999999076956978,0.9999999076956978,9.230430157693466e-08,0.0,1695900,0.23,48.8,2.5,2,3
CUST0395,High_Risk,0.7196789212484208,0.0001489369129236392,0.28017214183865585,0.7196789212484208,787400,0.5,62.4,12.5,2,3
CUST0396,Low_Risk,1.0,1.0,6.043405861378568e-44,0.0,2174700,0.25,28.0,0.0,0,3
CUST0397,Medium_Risk,0.9729310810614948,0.02706891893850529,0.9729310810614948,5.34089423691099e-111,1037000,0.33,16.4,7.7,2,3
CUST0398,High_Risk,0.9997684728664717,1.0268314557538239e-10,0.00023152703084490642,0.9997684728664717,472700,0.42,73.7,23.3,7,2
CUST0399,Low_Risk,0.9819198718858515,0.9819198718858515,0.01808012811414785,1.7766561409240175e-163,1650000,0.25,33.8,7.9,2,1
CUST0400,Low_Risk,0.9999999999999982,0.9999999999999982,1.3470556175816493e-15,0.0,1742700,0.33,44.9,1.9,0,1
CUST0401,Medium_Risk,0.5603275642051205,0.4396724357948803,0.5603275642051205,2.093683191889625e-18,1471500,0.1,23.7,0.2,0,0
CUST0402,Low_Risk,1.0,1.0,1.0652337292963574e-26,0.0,2271200,0.18,18.4,10.5,1,2
CUST0403,High_Risk,0.8533279988409677,8.932970368572195e-10,0.14667200026573451,0.8533279988409677,954600,0.58,83.4,27.7,7,4
CUST0404,High_Risk,0.9796633054263336,3.414156990521884e-07,0.020336353157967575,0.9796633054263336,604600,0.58,50.7,8.4,3,4
CUST0405,High_Risk,0.9286883389819901,0.00040386539198243007,0.07090779562602788,0.9286883389819901,789900,0.29,28.1,0.1,0,1
CUST0406,High_Risk,0.9979340523280323,7.515133698040931e-10,0.0020659469204541495,0.9979340523280323,587600,0.56,50.6,17.8,6,5
CUST0407,High_Risk,0.9561168990610673,1.0233454881103225e-08,0.043883090705477766,0.9561168990610673,857500,0.61,82.8,12.9,5,2
CUST0408,High_Risk,0.9999842973450471,2.323676682796435e-14,1.570265492939702e-05,0.9999842973450471,327000,0.82,95.0,26.5,5,4
CUST0409,Medium_Risk,0.9999721416507802,2.305847920799618e-06,0.9999721416507802,2.5552501299400444e-05,1153600,0.44,93.7,22.8,6,3
CUST0410,Low_Risk,0.9999999999999787,0.9999999999999787,2.1813427939761438e-14,0.0,1512400,0.31,14.8,0.0,0,1
CUST0411,Medium_Risk,0.7799268294086108,0.2200731705913886,0.7799268294086108,1.6819744710983543e-127,1190500,0.47,55.0,13.1,3,2
CUST0412,High_Risk,0.9865636041156259,8.906044269969159e-07,0.013435505279947085,0.9865636041156259,694400,0.47,41.8,2.1,2,3
CUST0413,High_Risk,0.9943434701276304,7.75963747930122e-07,0.005655753908621735,0.9943434701276304,399700,0.44,55.6,11.5,4,3
CUST0414,Low_Risk,0.9999599691059816,0.9999599691059816,4.003089401803492e-05,0.0,1672200,0.24,12.3,0.0,0,1
CUST0415,High_Risk,0.8754332180850671,8.209831887577738e-06,0.12455857208304492,0.8754332180850671,856600,0.53,83.6,18.3,4,3
CUST0416,Medium_Risk,0.9709923805000228,0.029007619499976715,0.9709923805000228,3.776122351893181e-49,548700,0.36,47.9,4.3,0,2
CUST0417,Low_Risk,0.999680876124808,0.999680876124808,0.0003191238751916815,3.102748494783093e-299,1650500,0.07,36.0,11.6,2,2
CUST0418,Medium_Risk,0.99400446124338,0.00496912061579595,0.99400446124338,0.0010264181408244214,798000,0.17,26.9,0.0,0,0
CUST0419,Low_Risk,0.9999999999866329,0.9999999999866329,1.3367813113613067e-11,0.0,1213100,0.34,33.4,10.7,2,1
CUST0420,High_Risk,0.9980633554686823,2.1518361516101997e-07,0.0019364293477025067,0.9980633554686823,479400,0.41,62.2,11.5,4,3
CUST0421,Medium_Risk,0.9259059339705679,0.07409406602943157,0.9259059339705679,5.9320041655734415e-56,1294900,0.38,36.6,4.8,2,3
CUST0422,Medium_Risk,0.9996793037974985,0.00031790881010747507,0.9996793037974985,2.787392394107603e-06,572800,0.54,48.8,4.2,1,2
CUST0423,Low_Risk,1.0,1.0,2.2084781821035708e-228,0.0,4046500,0.11,26.5,3.1,1,1
CUST0424,High_Risk,0.9995283897462724,8.990057875948958e-10,0.0004716093547217546,0.9995283897462724,270200,0.57,73.1,19.6,4,2
CUST0425,High_Risk,0.999571098185451,1.666551140771774e-09,0.0004289001479978727,0.999571098185451,526500,0.64,59.4,17.5,3,5
CUST0426,Low_Risk,0.9999999998147437,0.9999999998147437,1.8525600412091187e-10,0.0,2476500,0.24,21.3,0.7,1,1
CUST0427,Medium_Risk,0.9972332770534472,0.0004842891467271288,0.9972332770534472,0.0022824337998258335,811400,0.44,55.5,12.4,1,3
CUST0428,High_Risk,0.9920902867274601,7.564079578643741e-07,0.007908956864582019,0.9920902867274601,440500,0.51,54.2,8.7,1,2
CUST0429,High_Risk,0.9613564004961734,7.48709744755218e-06,0.03863611240637867,0.9613564004961734,776500,0.23,38.4,0.0,4,2
CUST0430,Medium_Risk,0.8004181161060991,0.1995818838939003,0.8004181161060991,2.157602896710908e-97,1965100,0.34,46.4,13.7,3,2
CUST0431,High_Risk,0.9988193157486903,7.445577052193927e-09,0.0011806768057326185,0.9988193157486903,449800,0.58,65.8,19.0,4,3
CUST0432,Medium_Risk,0.9889942542876304,0.011004756054389105,0.9889942542876304,9.896579797896236e-07,677000,0.37,42.2,6.2,1,2
CUST0433,Low_Risk,0.999999999528157,0.999999999528157,4.718422412362443e-10,0.0,1791500,0.05,17.5,0.0,1,0
CUST0434,High_Risk,0.9998091223651996,1.181490552694239e-11,0.0001908776229855395,0.9998091223651996,480700,0.69,55.6,16.3,5,4
CUST0435,Medium_Risk,0.9994873853051798,0.0005126146948195405,0.9994873853051798,1.7038828376100754e-39,961900,0.35,47.2,11.1,4,3
CUST0436,Medium_Risk,0.9992630366427265,0.0007369630832794444,0.9992630366427265,2.739942552986503e-10,1059400,0.28,38.7,6.9,3,4
CUST0437,Low_Risk,1.0,1.0,2.241279525190805e-19,0.0,3401100,0.05,5.0,0.0,0,1
CUST0438,Medium_Risk,0.9997746715848478,0.00014383008940157047,0.9997746715848478,8.149832575119151e-05,832600,0.51,53.2,6.0,3,4
CUST0439,Medium_Risk,0.5072494957435886,1.4950715002134286e-05,0.5072494957435886,0.4927355535414094,877100,0.32,21.2,13.5,5,2
CUST0440,High_Risk,0.9997179711889651,3.456811337161186e-12,0.0002820288075776307,0.9997179711889651,659200,0.8,88.7,24.1,6,6
CUST0441,Low_Risk,1.0,1.0,2.7991214231324133e-20,0.0,1939900,0.22,41.4,7.6,1,0
CUST0442,Medium_Risk,0.9986496350906746,0.0013503649093261638,0.9986496350906746,9.14186738896805e-41,1014200,0.43,52.5,9.7,2,4
CUST0443,Low_Risk,0.9999999993335393,0.9999999993335393,6.664598611308429e-10,0.0,2009900,0.14,23.7,0.0,0,1
CUST0444,High_Risk,0.9994163177207923,1.460855956511174e-10,0.0005836821331224779,0.9994163177207923,396400,0.78,76.3,18.7,2,3
CUST0445,Medium_Risk,0.9771201615138162,0.022879838486184103,0.9771201615138162,4.496932265678041e-48,1580100,0.33,51.7,6.2,0,2
CUST0446,High_Risk,0.9859349751383122,9.101403041578122e-06,0.014055923458646006,0.9859349751383122,694900,0.3,57.6,9.8,2,3
CUST0447,High_Risk,0.9590420272953087,3.248795588232276e-05,0.04092548474880862,0.9590420272953087,691700,0.34,38.9,13.5,2,1
CUST0448,Medium_Risk,0.9999586545677989,3.800684186633355e-05,0.9999586545677989,3.338590334991938e-06,897700,0.5,36.0,5.7,2,5
CUST0449,Medium_Risk,0.9962736708064731,0.0037262829855995686,0.9962736708064731,4.620792763945291e-08,655500,0.32,52.6,1.9,0,2
CUST0450,High_Risk,0.9880504218634905,1.2076500614211392e-07,0.011949457371503169,0.9880504218634905,721900,0.51,56.2,16.6,5,6
CUST0451,Low_Risk,1.0,1.0,4.9413382401929424e-48,0.0,2118800,0.37,52.1,11.2,3,3
CUST0452,Low_Risk,1.0,1.0,0.0,0.0,3640400,0.24,13.6,0.0,2,3
CUST0453,Low_Risk,0.8791982324506594,0.8791982324506594,0.12080176754934167,4.1489980848383406e-111,1505100,0.08,29.3,1.7,1,2
CUST0454,High_Risk,0.9724549124710204,2.1164298703044598e-05,0.02752392323027688,0.9724549124710204,633400,0.35,52.4,6.5,3,3
CUST0455,High_Risk,0.9999799286617785,2.761096877219363e-13,2.0071337945557343e-05,0.9999799286617785,378300,0.79,75.6,29.2,5,5
CUST0456,Medium_Risk,0.9604203785040145,2.5857939249085585e-07,0.9604203785040145,0.03957936291659244,1327900,0.54,94.4,27.5,7,4
CUST0457,High_Risk,0.9940790703734403,1.4884638772325945e-07,0.005920780780171488,0.9940790703734403,707200,0.51,85.6,23.1,4,3
CUST0458,Medium_Risk,0.9916855736549993,0.008314426345000445,0.9916855736549993,6.544875810613546e-38,1210700,0.31,35.9,6.4,1,1
CUST0459,Low_Risk,1.0,1.0,3.032500229708625e-108,0.0,3289000,0.2,40.5,2.0,1,1
CUST0460,Low_Risk,0.999982782660962,0.999982782660962,1.7217339037901535e-05,1.829658933571999e-122,2673200,0.24,34.0,0.9,0,1
CUST0461,High_Risk,0.9999857037501679,6.554666001581233e-16,1.4296249831645287e-05,0.9999857037501679,277600,0.9,86.8,24.1,6,6
CUST0462,Low_Risk,0.9999390329499849,0.9999390329499849,6.096705001378797e-05,3.273518936692281e-200,1717300,0.06,28.2,5.8,0,0
CUST0463,High_Risk,0.9991515292437391,4.2358787350605063e-10,0.0008484703326731896,0.9991515292437391,240200,0.62,56.5,8.3,5,4
CUST0464,Medium_Risk,0.9850437439492503,0.014956256050749758,0.9850437439492503,6.247357628845191e-46,1657600,0.32,29.4,2.6,0,2
CUST0465,Low_Risk,1.0,1.0,9.70638410752384e-93,0.0,1793100,0.05,29.4,16.4,0,0
CUST0466,Low_Risk,1.0,1.0,2.331154129737339e-16,0.0,1753500,0.14,36.6,7.6,3,1
CUST0467,Medium_Risk,0.9206152051310332,2.634836581667579e-05,0.9206152051310332,0.07935844650314974,922500,0.57,75.5,7.6,4,5
CUST0468,High_Risk,0.9496118074865036,2.5468598343098623e-06,0.05038564565366229,0.9496118074865036,633300,0.47,53.0,14.7,3,2
CUST0469,Medium_Risk,0.9179413399722015,0.08205866002779794,0.9179413399722015,2.9425259545315613e-82,1203900,0.24,32.4,5.8,2,4
CUST0470,Medium_Risk,0.983416146141705,0.0165838538582942,0.983416146141705,1.1408470164970359e-15,1361000,0.3,56.4,5.6,1,2
CUST0471,Low_Risk,0.9999816139053823,0.9999816139053823,1.838609461794357e-05,0.0,2120700,0.16,29.3,3.9,0,0
CUST0472,High_Risk,0.9902110652301818,1.0700347473661758e-06,0.00978786473507075,0.9902110652301818,685900,0.42,60.0,7.8,4,3
CUST0473,High_Risk,0.9945330076231121,8.353497391521547e-08,0.005466908841913913,0.9945330076231121,634700,0.59,62.7,10.8,3,5
CUST0474,High_Risk,0.9255015935596181,8.058035019674563e-08,0.07449832586003172,0.9255015935596181,911700,0.59,73.1,19.4,4,3
CUST0475,High_Risk,0.9993205158934835,3.684994693060811e-09,0.0006794804215219881,0.9993205158934835,280900,0.56,73.0,17.5,4,3
CUST0476,High_Risk,0.988821862284141,1.6534333730512543e-05,0.011161603382128193,0.988821862284141,653900,0.34,55.5,16.2,1,0
CUST0477,Medium_Risk,0.9964150656313182,0.003584934368681915,0.9964150656313182,5.9182994981978375e-64,1178000,0.18,11.5,0.0,0,2
CUST0478,High_Risk,0.987432010355197,2.235509424536329e-06,0.012565754135378799,0.987432010355197,740000,0.5,84.6,14.7,1,3
CUST0479,Low_Risk,1.0,1.0,1.5677338312683822e-24,0.0,2296500,0.28,24.6,0.0,0,1
CUST0480,Low_Risk,0.9885056046381488,0.9885056046381488,0.011494395361850476,7.20038736629574e-179,2146500,0.13,23.3,0.0,0,1
CUST0481,Low_Risk,0.9997756552868479,0.9997756552868479,0.0002243447131519961,2.469777392080755e-227,1647300,0.09,25.3,2.1,2,1
CUST0482,Low_Risk,1.0,1.0,9.089214300165085e-87,0.0,1958700,0.33,46.3,0.0,0,2
CUST0483,Medium_Risk,0.9427539236314161,0.03591925659771721,0.9427539236314161,0.021326819770865865,1009500,0.29,31.9,2.4,0,0
CUST0484,High_Risk,0.9126180051245373,2.482417327910662e-07,0.08738174663373005,0.9126180051245373,508800,0.6,82.5,15.6,3,3
CUST0485,Low_Risk,1.0,1.0,3.439037229332044e-19,0.0,1778500,0.37,50.7,16.6,3,2
CUST0486,High_Risk,0.9999686157009584,1.8305515601302358e-14,3.1384299023378795e-05,0.9999686157009584,219200,0.84,94.7,22.7,5,4
CUST0487,Low_Risk,0.9999999968514235,0.9999999968514235,3.1485772236452984e-09,0.0,1624800,0.09,15.5,0.3,0,1
CUST0488,Low_Risk,1.0,1.0,9.728665245289874e-88,0.0,3426000,0.22,14.1,0.0,0,1
CUST0489,Medium_Risk,0.9888944042078613,0.010202368455048866,0.9888944042078613,0.0009032273370897301,1462800,0.22,32.6,6.6,2,3
CUST0490,Medium_Risk,0.9764415151087655,0.02355848489123498,0.9764415151087655,3.734421163479647e-44,1809800,0.33,34.7,9.8,1,0
CUST0491,Medium_Risk,0.9999363641423314,6.363585766900482e-05,0.9999363641423314,3.945039646906012e-29,1093300,0.26,44.0,6.1,5,1
CUST0492,High_Risk,0.996964976949115,1.6185265877657798e-08,0.003035006865619005,0.996964976949115,646800,0.63,75.2,17.1,4,5
CUST0493,High_Risk,0.9991534646536318,3.9384537665963706e-08,0.0008464959618306014,0.9991534646536318,213800,0.6,59.9,13.9,2,3
CUST0494,High_Risk,0.9931753824973618,3.794840057997515e-07,0.006824238018631898,0.9931753824973618,768700,0.56,56.3,18.9,2,2
CUST0495,Medium_Risk,0.9999703075993305,2.9692400669998207e-05,0.9999703075993305,3.1010214373048174e-20,685200,0.48,35.9,11.7,2,2
CUST0496,Low_Risk,0.9971536635085687,0.9971536635085687,0.0028463364914318445,5.237858529889826e-37,2042600,0.1,13.2,0.0,0,1
CUST0497,Medium_Risk,0.9887251482468042,1.145194369124866e-06,0.9887251482468042,0.011273706558826218,1100200,0.66,71.3,14.5,3,4
CUST0498,Low_Risk,0.868585365943382,0.868585365943382,0.1314146340566186,5.097094789162035e-137,1753300,0.11,31.9,0.0,0,1
CUST0499,Low_Risk,0.999999999998586,0.999999999998586,1.4135241814524993e-12,0.0,1665100,0.53,67.8,13.2,3,4
CUST0500,Medium_Risk,0.9506249433489721,0.00010164962968725602,0.9506249433489721,0.049273407021341156,1106100,0.42,51.6,13.1,4,4
CUST0501,High_Risk,0.9995662039690898,1.0248853332261054e-08,0.0004337857820571079,0.9995662039690898,328900,0.61,70.3,15.5,1,2
CUST0502,Low_Risk,0.9999999851966184,0.9999999851966184,1.4803381724610515e-08,0.0,1891300,0.27,41.1,5.7,0,0
CUST0503,High_Risk,0.9970036481907302,3.227538605580326e-10,0.002996351486515764,0.9970036481907302,615800,0.68,63.8,17.3,5,5
CUST0504,High_Risk,0.9997521808916956,4.470239366708113e-10,0.00024781866128035655,0.9997521808916956,486200,0.69,67.3,17.4,4,4
CUST0505,Medium_Risk,0.9753200955803325,0.02467990441966803,0.9753200955803325,1.2800642434092286e-30,1265700,0.24,51.5,6.6,0,0
CUST0506,Low_Risk,0.9824601854471146,0.9824601854471146,0.01753981455288466,6.844837576287235e-270,1963100,0.44,33.5,8.0,2,3
CUST0507,Low_Risk,1.0,1.0,9.607919266696412e-44,0.0,2104100,0.47,44.1,3.7,2,3
CUST0508,High_Risk,0.5294923785838296,0.0012443712821540922,0.4692632501340168,0.5294923785838296,734600,0.32,39.6,4.7,3,2
CUST0509,Medium_Risk,0.9922765187606382,0.007723481239361084,0.9922765187606382,6.60322285872505e-22,1237400,0.19,16.6,3.0,0,1
CUST0510,Medium_Risk,0.9981040721976793,0.0018959278023173817,0.9981040721976793,3.761036376588288e-15,1389500,0.05,14.8,0.0,0,2
CUST0511,Medium_Risk,0.9401722778511936,0.059827722148806245,0.9401722778511936,1.7696994692800305e-66,1343300,0.3,26.8,3.4,1,3
CUST0512,High_Risk,0.9974609544612825,3.831414606105567e-09,0.0025390417073028527,0.9974609544612825,665100,0.59,80.6,22.0,5,5
CUST0513,Medium_Risk,0.9941996571993674,0.005800342800632948,0.9941996571993674,8.496504885112015e-57,1334300,0.34,11.2,0.0,0,2
CUST0514,Medium_Risk,0.99653275985709,0.0034672401429103484,0.99653275985709,1.8794493877251e-18,1018800,0.19,27.7,4.0,0,1
CUST0515,High_Risk,0.9998738690537634,1.839210597610971e-11,0.00012613092784456543,0.9998738690537634,439800,0.65,83.6,26.5,5,4
CUST0516,Low_Risk,0.9999935811781654,0.9999935811781654,6.418821836313416e-06,8.836909588992988e-220,1956300,0.45,35.5,9.8,1,1
CUST0517,Low_Risk,1.0,1.0,4.2861412588405134e-16,0.0,2739800,0.09,13.5,0.0,0,1
CUST0518,Medium_Risk,0.9983331253105138,0.0016668746894863099,0.9983331253105138,1.317857409129972e-22,1323900,0.39,26.7,0.0,0,2
CUST0519,High_Risk,0.9997764639811151,2.054743859081376e-10,0.00022353581341069863,0.9997764639811151,311500,0.66,84.9,16.7,3,4
CUST0520,Medium_Risk,0.9974220559266638,0.002577944073335838,0.9974220559266638,4.2471083570866294e-16,1359000,0.39,58.2,20.5,3,3
CUST0521,Low_Risk,1.0,1.0,2.5690722821759038e-37,0.0,1803900,0.29,36.5,8.0,1,2
CUST0522,Medium_Risk,0.9998939861350651,0.00010067110847305119,0.9998939861350651,5.3427564613110214e-06,775000,0.53,68.2,13.7,1,2
CUST0523,High_Risk,0.9836785502125234,4.098418637898831e-06,0.016317351368838634,0.9836785502125234,608600,0.41,37.2,7.1,2,3
CUST0524,Medium_Risk,0.9300169305068617,0.012209069003014985,0.9300169305068617,0.0577740004901237,619100,0.13,16.6,0.0,0,0
CUST0525,Medium_Risk,0.9074143650428803,2.873563893338178e-05,0.9074143650428803,0.0925568993181854,1172300,0.52,75.2,9.0,4,3
CUST0526,Low_Risk,0.9999935384369769,0.9999935384369769,6.461563023688965e-06,1.9965887953409037e-288,1738700,0.05,7.1,0.0,0,0
CUST0527,Low_Risk,0.9087915705908101,0.9087915705908101,0.09120842940919022,3.78913081863512e-160,1537000,0.12,19.8,0.0,0,0
CUST0528,High_Risk,0.9993374112540474,1.876706232300118e-12,0.000662588744076325,0.9993374112540474,453800,0.77,87.1,21.6,6,5
CUST0529,Low_Risk,1.0,1.0,8.69573929800796e-21,0.0,2636900,0.3,42.4,0.0,0,2
CUST0530,Medium_Risk,0.9977176491072772,0.0022823508927229713,0.9977176491072772,2.495130323953474e-50,989800,0.24,29.0,0.0,0,0
CUST0531,Medium_Risk,0.9814414724553706,0.018558527544629177,0.9814414724553706,3.783725444334567e-30,1604700,0.22,31.2,3.9,1,1
CUST0532,High_Risk,0.9087314090755149,2.1300139059166003e-05,0.09124729078542611,0.9087314090755149,863100,0.42,53.0,14.6,2,2
CUST0533,Medium_Risk,0.9990297074628686,0.000970292537131283,0.9990297074628686,1.0923634967793886e-73,827300,0.44,51.2,6.6,2,4
CUST0534,Low_Risk,1.0,1.0,0.0,0.0,5000000,0.11,20.0,0.0,0,0
CUST0535,Medium_Risk,0.9722328000809894,7.537434644609496e-05,0.9722328000809894,0.02769182557256618,875800,0.53,55.3,11.6,6,4
CUST0536,Low_Risk,0.999993981716802,0.999993981716802,6.018283198446957e-06,0.0,1167300,0.19,12.8,0.0,0,2
CUST0537,High_Risk,0.9814548392683762,0.000125282796148847,0.01841987793547475,0.9814548392683762,513900,0.22,25.1,3.6,0,1
CUST0538,Medium_Risk,0.9955029237678369,0.004497076232163524,0.9955029237678369,1.0414623906727697e-155,1131600,0.34,15.1,0.0,1,2
CUST0539,High_Risk,0.9997936961231336,5.443146789761627e-11,0.0002063038224350057,0.9997936961231336,512900,0.5,95.0,24.4,6,2
CUST0540,Medium_Risk,0.999997423479747,2.5759427549532056e-06,0.999997423479747,5.774980810496672e-10,1015400,0.5,69.1,16.5,6,5
CUST0541,Low_Risk,1.0,1.0,1.3730495265169919e-81,0.0,2977300,0.16,39.9,0.0,1,2
CUST0542,Medium_Risk,0.9996412080269617,0.0003587919730390581,0.9996412080269617,7.808828685565861e-104,1253100,0.42,92.4,16.4,5,1
CUST0543,Medium_Risk,0.9998018607473238,0.00019813925267122396,0.9998018607473238,5.3903510372854495e-15,1054300,0.45,76.2,11.1,3,1
CUST0544,Medium_Risk,0.9194778211223557,0.010729832669476032,0.9194778211223557,0.06979234620816814,814000,0.22,35.1,2.2,1,1
CUST0545,Medium_Risk,0.9693544950383352,0.030645504961664426,0.9693544950383352,2.6880130759047774e-54,1594600,0.27,44.5,7.9,1,1
CUST0546,High_Risk,0.8592560713701207,9.662801423355945e-06,0.14073426582845636,0.8592560713701207,818200,0.42,57.9,18.7,3,2
CUST0547,Medium_Risk,0.9946568240202566,0.005343175979742938,0.9946568240202566,1.537802046955569e-50,1396200,0.25,27.0,7.8,0,0
CUST0548,Low_Risk,1.0,1.0,3.1447235649531923e-21,0.0,2735100,0.31,30.1,1.8,1,2
CUST0549,Medium_Risk,0.8098902181374197,6.0001136763956324e-05,0.8098902181374197,0.19004978072581616,659900,0.39,72.7,6.9,4,1
CUST0550,Medium_Risk,0.9957828247862355,0.004217175213763727,0.9957828247862355,2.275724104283448e-28,912000,0.3,47.0,7.8,1,1
CUST0551,Medium_Risk,0.9890472158257804,0.010952784174219311,0.9890472158257804,2.5547409010490315e-78,1756900,0.08,5.0,0.0,0,1
CUST0552,Medium_Risk,0.9850789971561853,3.4283431365555015e-05,0.9850789971561853,0.014886719412448833,1087100,0.46,60.1,14.4,4,4
CUST0553,High_Risk,0.986786817987821,1.8402397386612356e-08,0.01321316360978172,0.986786817987821,596000,0.65,75.8,16.2,4,3
CUST0554,Low_Risk,1.0,1.0,2.059403569423013e-288,0.0,2763000,0.16,5.0,0.0,0,2
CUST0555,High_Risk,0.9984234702638904,2.0252982398997515e-09,0.001576527710811601,0.9984234702638904,482600,0.55,88.4,18.6,4,4
CUST0556,Medium_Risk,0.9940954162707679,0.005904583729232688,0.9940954162707679,3.154866907658116e-44,992300,0.33,50.0,6.7,1,2
CUST0557,High_Risk,0.9986389549968198,1.5407869323358304e-08,0.0013610295953106542,0.9986389549968198,494900,0.55,69.9,20.9,3,3
CUST0558,High_Risk,0.9972242391392513,1.966497568859094e-06,0.0027737943631798404,0.9972242391392513,540400,0.44,37.3,6.5,3,4
CUST0559,Medium_Risk,0.9981419392839085,0.0018580607160917347,0.9981419392839085,6.197833474978851e-48,1284700,0.46,49.0,3.1,0,2
CUST0560,Low_Risk,0.9999464215295676,0.9999464215295676,5.357847043247302e-05,1.0723852697420796e-193,2114600,0.19,44.6,6.0,2,0
CUST0561,Low_Risk,0.998333594676182,0.998333594676182,0.0016664053238186934,5.881294527060258e-194,2617400,0.16,25.9,0.3,0,2
CUST0562,Low_Risk,0.9999983456916551,0.9999983456916551,1.6543083454759991e-06,0.0,2565200,0.28,48.1,5.3,2,1
CUST0563,High_Risk,0.9489868904066492,0.0002195500673284654,0.05079355952602231,0.9489868904066492,532400,0.28,29.3,0.0,0,1
CUST0564,Medium_Risk,0.9353257916691748,0.06467420833082536,0.9353257916691748,4.49801941364221e-79,1737600,0.35,46.7,12.8,0,1
CUST0565,High_Risk,0.9970060162473614,7.037982642993119e-08,0.002993913372812035,0.9970060162473614,440600,0.44,61.9,11.1,4,3
CUST0566,Medium_Risk,0.9996578164339156,0.0003421832793942795,0.9996578164339156,2.866904875665098e-10,976500,0.39,56.6,9.8,2,1
CUST0567,High_Risk,0.9970700367355834,7.535894094883944e-07,0.002929209675006685,0.9970700367355834,573100,0.37,48.5,17.7,3,2
CUST0568,Medium_Risk,0.9976224871348969,0.0023768502206156393,0.9976224871348969,6.626444877205995e-07,1176000,0.24,27.4,0.0,0,1
CUST0569,High_Risk,0.9983353698271543,2.0509319503998885e-08,0.0016646096635263613,0.9983353698271543,610000,0.58,53.1,16.6,4,5
CUST0570,High_Risk,0.8964986232958511,2.1431245142013184e-05,0.10347994545900684,0.8964986232958511,724400,0.42,57.0,4.6,1,4
CUST0571,High_Risk,0.9996045967418012,1.3374884831965652e-11,0.0003954032448245362,0.9996045967418012,205500,0.65,85.2,22.2,7,3
CUST0572,Low_Risk,1.0,1.0,2.520828282882546e-220,0.0,4554800,0.05,42.3,0.0,1,0
CUST0573,High_Risk,0.9996654125523267,2.8697468287785658e-09,0.0003345845779265294,0.9996654125523267,361800,0.69,56.2,16.4,2,4
CUST0574,Medium_Risk,0.9986751909325561,0.0012672512398461783,0.9986751909325561,5.755782759697431e-05,851400,0.35,34.1,6.8,3,3
CUST0575,Low_Risk,1.0,1.0,3.3313992857799664e-60,0.0,3186100,0.23,30.2,0.2,0,2
CUST0576,Medium_Risk,0.9999993596101014,6.40389898450237e-07,0.9999993596101014,1.3405121243585127e-43,1051600,0.6,46.6,13.8,4,4
CUST0577,High_Risk,0.9959227281470082,6.023023763719677e-07,0.0040766695506155295,0.9959227281470082,379800,0.41,57.4,12.3,3,2
CUST0578,Medium_Risk,0.9999674204434057,3.2579556573585316e-05,0.9999674204434057,2.0427948410667792e-14,871500,0.54,46.8,10.2,2,2
CUST0579,High_Risk,0.9825538933681434,2.1539088532087194e-05,0.017424567543324825,0.9825538933681434,468900,0.43,52.6,6.1,0,2
CUST0580,High_Risk,0.9906523888356572,2.475387144797481e-05,0.009322857292894485,0.9906523888356572,371000,0.4,58.5,10.4,1,2
CUST0581,Medium_Risk,0.9938590384325295,0.0061409615674706255,0.9938590384325295,1.454243768002195e-32,1000200,0.33,36.6,9.9,3,2
CUST0582,Medium_Risk,0.9990365982450751,0.0009634017549256166,0.9990365982450751,1.0819751133019426e-40,1172100,0.36,12.0,0.0,0,2
CUST0583,Medium_Risk,0.9994748365840085,0.0005251634159923545,0.9994748365840085,2.0193278989388383e-56,1017800,0.52,60.9,10.1,0,3
CUST0584,Low_Risk,0.9999999999662705,0.9999999999662705,3.372917933835623e-11,0.0,2319500,0.33,52.0,10.9,1,1
CUST0585,Medium_Risk,0.9996682014038802,0.00033179859612006397,0.9996682014038802,1.7612766666817185e-20,1050200,0.49,70.1,4.6,1,2
CUST0586,Medium_Risk,0.9639558665456026,0.03604413345439818,0.9639558665456026,5.868399002794721e-127,1613000,0.36,34.7,6.6,2,2
CUST0587,High_Risk,0.5016782559059926,4.798497323016127e-06,0.49831694559668427,0.5016782559059926,953700,0.51,69.2,16.4,5,4
CUST0588,Medium_Risk,0.9789790466995278,0.02102095330047285,0.9789790466995278,1.332374578010831e-19,1460400,0.42,46.6,11.8,2,2
CUST0589,Low_Risk,0.8523352174789296,0.8523352174789296,0.1476647825210706,7.981368774032547e-246,1897600,0.31,8.0,0.0,0,3
CUST0590,Medium_Risk,0.9994419803601171,0.0005580196398823969,0.9994419803601171,7.793329394684111e-28,1248600,0.29,47.4,9.4,3,1
CUST0591,Medium_Risk,0.9995562398999885,0.00044376009204985224,0.9995562398999885,7.961679338264053e-12,946700,0.36,53.5,7.9,3,3
CUST0592,Medium_Risk,0.9999818661187033,4.2067751719887717e-07,0.9999818661187033,1.771320377866605e-05,1389400,0.57,71.4,26.7,7,3
CUST0593,High_Risk,0.7168340725634857,0.005275790568566078,0.2778901368679477,0.7168340725634857,727100,0.21,46.0,8.7,2,2
CUST0594,Medium_Risk,0.9986785455519452,0.0013214544480550402,0.9986785455519452,7.845165632414426e-113,823700,0.44,60.9,9.1,1,1
CUST0595,Low_Risk,0.9981887983994785,0.9981887983994785,0.0018112016005213702,5.926230829594066e-239,2701400,0.22,12.7,0.0,0,1
CUST0596,Low_Risk,0.999999140481611,0.999999140481611,8.59518389320931e-07,0.0,2700500,0.12,45.0,8.5,0,1
CUST0597,High_Risk,0.8314348691396027,0.0012197218155944709,0.16734540904480238,0.8314348691396027,811400,0.29,24.5,0.0,0,1
CUST0598,Low_Risk,0.9999994284209491,0.9999994284209491,5.715790474928128e-07,6.604046438103568e-25,1410600,0.36,64.9,15.3,4,1
CUST0599,Medium_Risk,0.9995734453431308,0.0003682552429758967,0.9995734453431308,5.829941389412326e-05,985800,0.46,73.0,17.2,3,3
CUST0600,High_Risk,0.9910275213338223,2.5201311112652197e-09,0.008972476146046716,0.9910275213338223,563000,0.67,92.1,22.3,4,4
CUST0601,Medium_Risk,0.9851824864171095,0.0148175135828911,0.9851824864171095,4.403640617618301e-25,1522700,0.35,28.1,2.0,0,1
CUST0602,High_Risk,0.9995588391924682,1.1653341852804747e-09,0.0004411596421974195,0.9995588391924682,373600,0.63,57.7,19.0,4,3
CUST0603,Medium_Risk,0.9810165223073622,1.8521425287772187e-05,0.9810165223073622,0.01896495626734997,924600,0.49,49.8,7.4,2,3
CUST0604,Low_Risk,0.9999999836369665,0.9999999836369665,1.6363033800528277e-08,6.954940031648443e-309,3076200,0.24,31.5,4.5,2,1
CUST0605,High_Risk,0.931226077505786,7.578896872047112e-05,0.06869813352549364,0.931226077505786,857100,0.43,39.4,6.1,0,2
CUST0606,Low_Risk,1.0,1.0,2e-323,0.0,3738400,0.12,31.2,0.0,1,0
CUST0607,Medium_Risk,0.9771614727117144,0.02283852728828522,0.9771614727117144,4.0749955439701676e-27,1496600,0.27,35.6,0.0,1,4
CUST0608,High_Risk,0.9963176304536749,8.430363463747783e-07,0.0036815265099787073,0.9963176304536749,685600,0.27,37.9,10.7,5,4
CUST0609,Medium_Risk,0.9978362062785773,0.002163761243020151,0.9978362062785773,3.24784019771378e-08,893400,0.33,53.2,6.2,2,3
CUST0610,Medium_Risk,0.9459108441259049,0.05408915587409451,0.9459108441259049,6.67654328230488e-86,1521000,0.26,36.5,4.9,1,0
CUST0611,High_Risk,0.9996960915758558,5.7603793370915825e-11,0.0003039083665400344,0.9996960915758558,556200,0.57,76.3,24.2,5,3
CUST0612,Medium_Risk,0.9989161346992579,0.001083865300742229,0.9989161346992579,7.95226826477554e-41,1197200,0.33,49.3,12.6,3,1
CUST0613,Medium_Risk,0.9966787698121781,0.0033212301876717103,0.9966787698121781,1.501685946515981e-13,771700,0.28,50.8,4.4,1,1
CUST0614,Medium_Risk,0.994610666775819,0.005389333223693883,0.994610666775819,4.86942625352029e-13,1082300,0.05,5.0,0.0,0,1
CUST0615,High_Risk,0.9990338729995356,1.4826236132646142e-09,0.0009661255178404659,0.9990338729995356,543100,0.78,95.0,15.5,2,4
CUST0616,Medium_Risk,0.994825160996782,0.001721369584142866,0.994825160996782,0.0034534694190748315,1326100,0.33,53.0,10.4,4,2
CUST0617,High_Risk,0.9998435550071192,1.4843820082743375e-12,0.00015644499139690136,0.9998435550071192,399800,0.83,93.8,25.5,4,4
CUST0618,Medium_Risk,0.929857254647439,0.07014274535256115,0.929857254647439,6.494469560874721e-43,1131000,0.2,13.0,0.0,1,2
CUST0619,Medium_Risk,0.9973152502169536,0.0026847467873122913,0.9973152502169536,2.9957341709528076e-09,1192900,0.31,36.7,8.4,0,0
CUST0620,Low_Risk,1.0,1.0,8.576502425215934e-170,0.0,1839600,0.3,25.1,0.0,1,2
CUST0621,Medium_Risk,0.9952056458728172,0.004794354127182249,0.9952056458728172,9.821023354151738e-16,1128300,0.27,36.8,0.0,0,1
CUST0622,Medium_Risk,0.9385419680497,0.06145803036539101,0.9385419680497,1.5849093718847084e-09,1625900,0.08,21.8,0.0,1,1
CUST0623,Medium_Risk,0.9999948840358412,5.115964158934959e-06,0.9999948840358412,1.50435261716115e-16,1041600,0.53,36.8,14.6,5,5
CUST0624,High_Risk,0.8573363552277494,7.650365575539039e-05,0.1425871411164949,0.8573363552277494,905500,0.35,32.3,7.7,2,3
CUST0625,Medium_Risk,0.999753847988442,0.00017300284122277488,0.999753847988442,7.314917033607826e-05,1436900,0.51,50.8,11.6,2,2
CUST0626,High_Risk,0.9456596238208493,4.849093064780409e-08,0.05434032768821983,0.9456596238208493,734100,0.47,55.2,16.3,6,5
CUST0627,High_Risk,0.9995189333527424,3.928255557584481e-09,0.0004810627190020913,0.9995189333527424,417600,0.69,49.0,13.3,2,4
CUST0628,High_Risk,0.9993648393038854,7.297522198587427e-11,0.0006351606231394323,0.9993648393038854,648800,0.65,85.2,19.8,5,4
CUST0629,High_Risk,0.993691534805,1.0864625073073327e-06,0.00630737873249251,0.993691534805,710600,0.48,65.1,11.3,2,3
CUST0630,High_Risk,0.9979805539169921,5.202897434633488e-11,0.002019446030978791,0.9979805539169921,610400,0.69,80.8,19.3,5,5
CUST0631,Medium_Risk,0.9997633838946294,0.0002366161053697153,0.9997633838946294,9.964329819132976e-32,1084600,0.34,51.9,3.4,3,3
CUST0632,High_Risk,0.9995876451434266,1.2851289479951884e-09,0.00041235357144440125,0.9995876451434266,441100,0.48,81.2,20.7,5,2
CUST0633,Medium_Risk,0.9767273132645562,0.023002316232763324,0.9767273132645562,0.0002703705026805431,975100,0.19,32.0,4.0,1,2
CUST0634,Medium_Risk,0.6649823343701322,0.33501766562986773,0.6649823343701322,1.7706977970658034e-167,1946900,0.24,30.4,0.0,0,0
CUST0635,Medium_Risk,0.5230677648650107,0.4769322351349902,0.5230677648650107,6.867665945929906e-116,1318500,0.05,20.7,3.2,4,0
CUST0636,Medium_Risk,0.9999522954128781,4.770346519706902e-05,0.9999522954128781,1.1219249158954314e-09,869600,0.56,65.2,8.9,0,3
CUST0637,High_Risk,0.9996643600209689,8.342250365441753e-11,0.0003356398956084049,0.9996643600209689,532300,0.56,95.0,25.8,5,3
CUST0638,Low_Risk,0.6473213948375983,0.6473213948375983,0.3526786051624025,2.0684431684274997e-26,2301800,0.13,40.2,3.9,1,1
CUST0639,Medium_Risk,0.999038007214744,0.0009619927851516717,0.999038007214744,1.0407643120407605e-13,1273700,0.28,22.3,3.4,2,2
CUST0640,Medium_Risk,0.9919555903279532,0.008044409672046634,0.9919555903279532,6.864151152531215e-24,1333100,0.14,5.0,0.0,0,2
CUST0641,Medium_Risk,0.9998940318477576,0.00010596815224268717,0.9998940318477576,4.1851823422074124e-35,1088800,0.48,56.8,8.4,3,5
CUST0642,Low_Risk,1.0,1.0,1.2485269185218066e-21,0.0,2180900,0.21,33.1,13.0,2,0
CUST0643,Medium_Risk,0.9981786131287034,0.0018199185464286903,0.9981786131287034,1.4683248687026113e-06,1207500,0.09,27.0,0.0,1,2
CUST0644,Medium_Risk,0.9827738501356509,0.017226149864348766,0.9827738501356509,2.599506663085812e-59,739100,0.4,44.6,8.3,0,1
CUST0645,High_Risk,0.9984006200537964,3.903796677878161e-10,0.0015993795558238155,0.9984006200537964,640300,0.65,93.0,18.7,4,3
CUST0646,Low_Risk,0.7991940480595672,0.7991940480595672,0.20080595194043305,5.067172480025429e-37,2138500,0.12,5.0,2.6,0,1
CUST0647,Medium_Risk,0.644857412019695,0.0003884264925889635,0.644857412019695,0.354754161487716,1071300,0.44,43.7,7.6,2,3
CUST0648,High_Risk,0.9991202532123958,5.66742239250271e-10,0.0008797462208619679,0.9991202532123958,563400,0.57,72.7,17.9,5,4
CUST0649,High_Risk,0.9788527148857576,2.0339350542884016e-06,0.021145251179188362,0.9788527148857576,571900,0.63,65.2,12.8,1,2
CUST0650,Low_Risk,1.0,1.0,3.506871266918232e-82,0.0,2328900,0.38,71.9,19.6,2,2
CUST0651,High_Risk,0.9274611462234378,3.865134031051058e-07,0.0725384672631596,0.9274611462234378,1006300,0.44,70.8,23.2,6,3
CUST0652,Low_Risk,0.9830898690190337,0.9830898690190337,0.016910130980967202,6.974733846487307e-164,2047800,0.2,42.3,0.0,0,0
CUST0653,Medium_Risk,0.99995573966157,4.4092688245790685e-05,0.99995573966157,1.676501834040446e-07,581800,0.52,51.0,18.1,4,3
CUST0654,Medium_Risk,0.9987906756739423,0.0012093219210596712,0.9987906756739423,2.4049982906862976e-09,776900,0.42,24.4,5.0,1,2
CUST0655,Medium_Risk,0.9999997080260634,2.9197293253600693e-07,0.9999997080260634,1.0038309844632331e-12,796000,0.63,93.2,20.5,4,3
CUST0656,Medium_Risk,0.9999767735460898,2.3226453910040117e-05,0.9999767735460898,1.4254172198483592e-18,1143600,0.57,38.8,5.3,2,4
CUST0657,Low_Risk,0.9904431698313474,0.9904431698313474,0.009556830168652483,1.2461851057293454e-217,1702600,0.26,52.4,9.2,2,1
CUST0658,Medium_Risk,0.9920046552099905,0.00799533376221114,0.9920046552099905,1.1027798603158127e-08,1229600,0.12,40.5,7.9,2,1
CUST0659,Medium_Risk,0.9994061577243599,0.000593719885400798,0.9994061577243599,1.223902388679836e-07,940400,0.34,57.5,4.4,2,2
CUST0660,Low_Risk,1.0,1.0,5.861094755219367e-20,0.0,2221700,0.25,47.5,8.1,2,1
CUST0661,High_Risk,0.9595335532001805,3.6776360433257284e-05,0.04042967043938606,0.9595335532001805,624400,0.38,43.0,5.3,1,2
CUST0662,High_Risk,0.9989911463922162,4.417932833564278e-09,0.0010088491898509564,0.9989911463922162,452400,0.54,62.9,15.9,4,3
CUST0663,High_Risk,0.741472490680562,0.0008050813415068426,0.2577224279779315,0.741472490680562,797700,0.27,29.7,1.6,0,1
CUST0664,Medium_Risk,0.9997978335419945,0.00020216645799192763,0.9997978335419945,1.3580327859335647e-14,1190200,0.37,41.9,6.6,3,4
CUST0665,High_Risk,0.9998063877236011,8.129917493704497e-11,0.00019361219509978685,0.9998063877236011,207800,0.71,95.0,20.1,4,4
CUST0666,Medium_Risk,0.7679332096620577,0.23206679033794242,0.7679332096620577,7.339834720818845e-150,1182400,0.26,40.2,0.0,0,0
CUST0667,High_Risk,0.9947954664810842,2.4034081400599756e-05,0.005180499437515954,0.9947954664810842,464600,0.37,39.2,8.9,0,4
CUST0668,Medium_Risk,0.9923064421892464,0.007693557810752934,0.9923064421892464,1.0629609712434912e-45,1650800,0.5,50.6,13.1,2,3
CUST0669,High_Risk,0.9298953614066229,3.5472232637639313e-07,0.07010428387105037,0.9298953614066229,444800,0.63,63.5,13.0,2,3
CUST0670,High_Risk,0.9994138912898844,6.940752194534596e-09,0.0005861017693637447,0.9994138912898844,428800,0.67,57.2,22.5,3,5
CUST0671,High_Risk,0.9983011830921855,4.897467376186553e-08,0.0016987679331405766,0.9983011830921855,528600,0.56,62.3,6.5,2,4
CUST0672,High_Risk,0.9991687599064335,6.5635855443151734e-09,0.0008312335299812334,0.9991687599064335,795200,0.41,83.9,23.5,6,4
CUST0673,Medium_Risk,0.9987472021846818,0.0012527978153185385,0.9987472021846818,7.654834288207865e-19,1354400,0.3,40.1,2.7,3,3
CUST0674,Medium_Risk,0.9738312318822361,0.02616876811776341,0.9738312318822361,2.6684969605109338e-17,1486700,0.1,18.6,0.0,0,0
CUST0675,Medium_Risk,0.9990098766710314,0.0009901233289680814,0.9990098766710314,1.7947040654096336e-24,1226900,0.38,47.8,5.9,1,1
CUST0676,Low_Risk,0.9999999999561631,0.9999999999561631,4.383619178062923e-11,0.0,2466100,0.13,31.9,2.6,0,0
CUST0677,Medium_Risk,0.5324859019829333,8.602418601035008e-08,0.5324859019829333,0.4675140119928812,730400,0.69,71.5,15.3,5,4
CUST0678,High_Risk,0.9994722422767692,1.0320275808675739e-09,0.0005277566912031383,0.9994722422767692,450400,0.62,78.1,21.2,3,3
CUST0679,Medium_Risk,0.9952223800975684,0.004777619902432226,0.9952223800975684,8.557579801653857e-72,1790700,0.46,59.2,11.9,2,3
CUST0680,Low_Risk,0.988098147827017,0.988098147827017,0.01190185217298366,7.399589506742699e-220,1488300,0.22,40.5,2.3,1,2
CUST0681,Medium_Risk,0.9269207114258677,0.07307928857413155,0.9269207114258677,4.9769861968976836e-79,1482300,0.2,5.1,1.3,0,2
CUST0682,High_Risk,0.9970610433585795,2.5997596874646493e-06,0.002936356881732869,0.9970610433585795,542800,0.31,75.8,10.4,3,1
CUST0683,Low_Risk,0.9999983173350308,0.9999983173350308,1.6826649685070079e-06,4.855369513944758e-287,2053700,0.25,10.6,0.0,0,2
CUST0684,Medium_Risk,0.9961397420528529,0.003860257947147603,0.9961397420528529,3.680020926314715e-50,1342200,0.35,31.0,2.4,0,1
CUST0685,High_Risk,0.9694177419073889,5.400754129430551e-06,0.030576857338481752,0.9694177419073889,851900,0.4,56.4,8.6,3,2
CUST0686,Low_Risk,0.5045560503954328,0.5045560503954328,0.4954439496045672,7.92235476613228e-140,1451500,0.28,23.3,0.0,2,3
CUST0687,Medium_Risk,0.9997269226128873,0.00027307738703277344,0.9997269226128873,7.988596794246264e-14,851300,0.43,46.7,4.1,1,5
CUST0688,High_Risk,0.5988499756461274,0.001716995800901384,0.3994330285529707,0.5988499756461274,766900,0.28,38.3,0.6,2,2
CUST0689,Medium_Risk,0.925278441089255,0.0015405375158507979,0.925278441089255,0.07318102139489499,750400,0.49,45.7,2.7,1,2
CUST0690,Medium_Risk,0.9998235438107316,2.8640858414368916e-09,0.9998235438107316,0.00017645332518175842,1000700,0.7,95.0,21.4,7,4
CUST0691,Medium_Risk,0.9749656723303354,0.025034327669664815,0.9749656723303354,8.53652941464991e-33,1375200,0.21,15.4,3.8,2,2
CUST0692,High_Risk,0.9988907452260102,5.6077477719839646e-09,0.001109249166241843,0.9988907452260102,416600,0.4,50.8,15.1,5,2
CUST0693,Medium_Risk,0.9995220582833667,0.00047794171663264305,0.9995220582833667,1.1871728922072002e-17,1121200,0.28,59.3,13.9,3,2
CUST0694,Low_Risk,1.0,1.0,7.020092855590015e-66,0.0,2162500,0.27,37.3,0.0,0,0
CUST0695,Medium_Risk,0.9972567222078489,0.002743277777779681,0.9972567222078489,1.4371612129206002e-11,958700,0.4,53.4,11.5,1,1
CUST0696,Low_Risk,0.5593129577875128,0.5593129577875128,0.440687042212487,3.85215333084728e-30,1829800,0.29,28.1,8.2,0,1
CUST0697,High_Risk,0.9996616721637398,2.7480410060553786e-10,0.0003383275614561682,0.9996616721637398,502000,0.7,79.5,23.5,4,4
CUST0698,Medium_Risk,0.9830514072616878,0.016948592736252165,0.9830514072616878,2.0598325975525305e-12,1433300,0.29,26.2,5.6,2,2
CUST0699,Medium_Risk,0.9979389589132546,0.0020610410867457733,0.9979389589132546,4.3582883456184713e-38,976700,0.21,9.5,0.0,0,0
CUST0700,Medium_Risk,0.9950109605030358,0.004989039496745517,0.9950109605030358,2.1879555546048841e-13,1465100,0.23,25.5,0.0,0,1
CUST0701,Medium_Risk,0.9800167430983486,0.019983256901631035,0.9800167430983486,2.0711506333195886e-14,1345500,0.26,50.0,6.4,2,2
CUST0702,High_Risk,0.9991348738499268,3.0270049797643487e-12,0.0008651261470461502,0.9991348738499268,787300,0.7,84.4,30.0,6,2
CUST0703,High_Risk,0.9556169934376847,7.921090711305671e-07,0.044382214453243446,0.9556169934376847,902900,0.49,71.7,0.7,0,4
CUST0704,Low_Risk,1.0,1.0,3.5693459272955073e-17,0.0,2367500,0.15,5.0,0.0,0,2
CUST0705,Low_Risk,1.0,1.0,1.2162317828349996e-127,0.0,3899500,0.33,42.3,1.7,2,2
CUST0706,High_Risk,0.9992941208367525,7.241431527313549e-09,0.0007058719218160725,0.9992941208367525,468000,0.58,73.6,19.2,4,6
CUST0707,High_Risk,0.8304274819026439,0.0001563640200810813,0.169416154077275,0.8304274819026439,837200,0.51,37.4,5.2,0,2
CUST0708,High_Risk,0.9946751199509922,9.627631081492672e-07,0.00532391728589965,0.9946751199509922,664300,0.47,58.0,15.8,3,3
CUST0709,Medium_Risk,0.8719078178305534,0.0006363969052645493,0.8719078178305534,0.12745578526418236,674300,0.32,61.3,10.7,2,2
CUST0710,Medium_Risk,0.9502497370736103,0.049744728466519735,0.9502497370736103,5.534459869764207e-06,1540700,0.29,33.1,2.1,0,2
CUST0711,High_Risk,0.9987752771160129,3.6716851123411945e-08,0.0012246861671358974,0.9987752771160129,542400,0.59,63.0,14.8,2,2
CUST0712,Medium_Risk,0.9961837456973769,0.0001654546608928376,0.9961837456973769,0.0036507996417295446,800900,0.47,74.9,7.4,2,3
CUST0713,Medium_Risk,0.998848687248235,0.0011513127517642832,0.998848687248235,1.6832242945484058e-25,1164700,0.47,54.9,16.6,2,3
CUST0714,High_Risk,0.9993759777840887,4.779136810034004e-10,0.0006240217379977108,0.9993759777840887,268800,0.71,66.5,13.9,4,4
CUST0715,Medium_Risk,0.9994627687041211,0.0005372312957986444,0.9994627687041211,8.019798601459268e-14,1097600,0.51,52.8,10.1,2,2
CUST0716,High_Risk,0.9940125047106777,3.1791063677916964e-06,0.005984316182954691,0.9940125047106777,667200,0.33,64.8,11.3,3,2
CUST0717,Medium_Risk,0.9952393134388997,0.004760686561099471,0.9952393134388997,3.8201615448476285e-30,976200,0.24,10.1,0.0,0,1
CUST0718,Medium_Risk,0.9927461972343857,0.0014181854566493498,0.9927461972343857,0.005835617308964791,673100,0.31,43.5,9.0,2,2
CUST0719,High_Risk,0.9910903825031018,1.310157829307865e-06,0.008908307339069277,0.9910903825031018,254100,0.5,74.7,9.8,3,3
CUST0720,Low_Risk,1.0,1.0,4.959907248212026e-30,0.0,2424800,0.14,22.8,1.9,0,2
CUST0721,Low_Risk,1.0,1.0,1.1385965565708167e-73,0.0,2216000,0.28,44.7,9.5,2,1
CUST0722,Medium_Risk,0.9999754111867697,2.4588813230703345e-05,0.9999754111867697,5.182041860750834e-20,1001500,0.49,65.0,19.8,4,3
CUST0723,Medium_Risk,0.8529549594247036,0.0035795581268475265,0.8529549594247036,0.14346548244844806,1215400,0.37,39.5,4.7,0,1
CUST0724,Medium_Risk,0.9575512936542779,0.04244870634572339,0.9575512936542779,2.7940918740406276e-46,1739100,0.51,73.2,3.9,2,3
CUST0725,High_Risk,0.9975791931371674,2.0075650392199833e-07,0.0024206061063284635,0.9975791931371674,649400,0.32,58.1,18.1,5,4
CUST0726,Medium_Risk,0.8333137109757797,0.00012173068649645369,0.8333137109757797,0.16656455833772352,718700,0.57,60.2,12.6,2,3
CUST0727,Medium_Risk,0.9970774644044568,0.002625540892758373,0.9970774644044568,0.00029699470278610825,754100,0.37,55.5,21.1,4,2
CUST0728,High_Risk,0.9960459015595821,1.7262432102974912e-06,0.00395237219720767,0.9960459015595821,687300,0.41,30.2,4.3,2,4
CUST0729,Medium_Risk,0.9937087137452703,0.006291286254729688,0.9937087137452703,6.820837104822068e-46,1416100,0.16,35.2,0.5,1,1
CUST0730,Medium_Risk,0.9892621187830603,0.010737881216940541,0.9892621187830603,2.597284960659098e-30,833500,0.17,27.8,6.1,1,2
CUST0731,High_Risk,0.9997638748678437,3.006743813207846e-11,0.00023612510208892337,0.9997638748678437,513800,0.65,66.7,20.7,5,4
CUST0732,Low_Risk,0.9070930089464495,0.9070930089464495,0.09290699105355056,2.6150883330874764e-105,1418800,0.05,30.2,0.0,1,0
CUST0733,High_Risk,0.9556718387269371,2.355954753456602e-07,0.04432792567758724,0.9556718387269371,524400,0.63,43.7,2.8,1,4
CUST0734,Medium_Risk,0.9998301535082758,0.00016984648981108953,0.9998301535082758,1.9126770105684664e-12,834200,0.32,13.4,0.0,0,1
CUST0735,Medium_Risk,0.9976056204942207,0.0023943795057784086,0.9976056204942207,1.0610599081142724e-80,1603300,0.27,9.2,0.0,0,2
CUST0736,Medium_Risk,0.9945031112301957,0.005496888769803495,0.9945031112301957,8.930682120895031e-57,1164400,0.15,20.7,0.0,0,2
CUST0737,Low_Risk,0.5735673028017997,0.5735673028017997,0.42643269719819865,3.159016767390372e-250,1045100,0.43,38.3,5.0,2,3
CUST0738,Medium_Risk,0.9997829580489578,0.000217041951042685,0.9997829580489578,1.5312421730225143e-31,1161700,0.59,78.4,12.0,0,3
CUST0739,Medium_Risk,0.9958884740044358,0.004111525995564389,0.9958884740044358,5.924973189667709e-32,1150600,0.24,39.8,0.3,1,1
CUST0740,Medium_Risk,0.9979860276355259,0.001572711250376623,0.9979860276355259,0.00044126111409693435,762400,0.22,22.6,1.5,0,0
CUST0741,Low_Risk,1.0,1.0,4.795356158760713e-137,0.0,2520600,0.2,31.7,0.0,0,1
CUST0742,High_Risk,0.9752243579038797,0.00012865284507083198,0.024646989251049096,0.9752243579038797,799700,0.4,36.5,10.1,1,3
CUST0743,Medium_Risk,0.9985582656263325,0.0014417343505970567,0.9985582656263325,2.3070247561886676e-11,1452900,0.41,51.6,15.1,2,3
CUST0744,Medium_Risk,0.9952311168655612,0.004708790053726067,0.9952311168655612,6.0093080713416496e-05,1101000,0.18,39.3,10.2,2,0
CUST0745,Low_Risk,0.999999999998856,0.999999999998856,1.1442959193619306e-12,0.0,1662800,0.19,33.8,12.6,2,1
CUST0746,Medium_Risk,0.9991853935992676,0.0008146064007317966,0.9991853935992676,4.7716653539412066e-88,896200,0.45,41.6,3.7,0,4
CUST0747,Medium_Risk,0.9983921724776006,0.001607827522399825,0.9983921724776006,1.5270492005661646e-36,1380100,0.27,41.6,0.0,0,2
CUST0748,High_Risk,0.9984993655164213,5.6981923129879326e-08,0.0015005775016550163,0.9984993655164213,537300,0.49,71.5,17.8,6,5
CUST0749,High_Risk,0.9296812956390119,9.884740649647852e-05,0.07021985695449187,0.9296812956390119,571700,0.53,45.7,9.3,0,2
CUST0750,High_Risk,0.9917372064697476,1.0838173838488965e-07,0.008262685148514005,0.9917372064697476,730400,0.49,67.5,9.1,3,2
CUST0751,Medium_Risk,0.9910902283989212,4.332053507754455e-05,0.9910902283989212,0.008866451066000812,685600,0.55,63.9,9.5,2,3
CUST0752,High_Risk,0.9772676590495156,5.427431939648217e-05,0.022678066631088137,0.9772676590495156,660800,0.4,41.1,3.9,1,4
CUST0753,Low_Risk,0.9999999999999964,0.9999999999999964,1.8465061746363142e-15,0.0,2982200,0.39,33.1,12.5,1,3
CUST0754,Medium_Risk,0.9865134275312706,0.013486572468729651,0.9865134275312706,1.3625839998474997e-39,1052600,0.34,14.4,0.0,0,3
CUST0755,Medium_Risk,0.970438320535092,0.029561679464907332,0.970438320535092,9.174460542754156e-21,1405000,0.49,67.0,7.9,1,2
CUST0756,Medium_Risk,0.9983074615058907,0.001692538494109577,0.9983074615058907,1.5445779376313178e-50,1242400,0.4,43.0,0.1,1,3
CUST0757,High_Risk,0.9999091792985486,8.414761078080869e-11,9.082061730360125e-05,0.9999091792985486,247000,0.64,80.1,26.5,4,3
CUST0758,High_Risk,0.992925056640299,1.6672465582206136e-07,0.007074776635045573,0.992925056640299,665700,0.6,47.4,9.9,2,5
CUST0759,Medium_Risk,0.9182614789523799,0.081738521047621,0.9182614789523799,4.4772096279524225e-175,1187400,0.37,68.8,14.4,3,3
CUST0760,Medium_Risk,0.6540536795953958,0.34594632040460327,0.6540536795953958,4.4343859315092865e-114,1215100,0.13,14.9,0.0,0,1
CUST0761,Low_Risk,1.0,1.0,5.100154445378602e-52,0.0,2589200,0.08,24.0,0.0,0,0
CUST0762,Medium_Risk,0.9928670230212472,0.007132976978545275,0.9928670230212472,2.0824182932024794e-13,1702600,0.22,31.6,11.2,3,1
CUST0763,Medium_Risk,0.9915756048761146,0.0005552378764673943,0.9915756048761146,0.007869157247418343,705200,0.4,50.3,8.9,3,3
CUST0764,Medium_Risk,0.7413994970400907,0.007260165829382218,0.7413994970400907,0.2513403371305279,752300,0.27,23.2,7.2,2,2
CUST0765,Low_Risk,0.999999999999984,0.999999999999984,1.6238548074089325e-14,0.0,1386800,0.18,20.5,0.2,0,1
CUST0766,Low_Risk,0.9999999970267588,0.9999999970267588,2.9732404618863626e-09,1.5326971914091916e-218,3492700,0.28,15.4,2.6,1,3
CUST0767,Low_Risk,0.9884854181754454,0.9884854181754454,0.011514581824554008,5.009145804343876e-49,2538400,0.13,12.6,1.9,2,2
CUST0768,Medium_Risk,0.993665869844068,0.00013422313928046015,0.993665869844068,0.00619990701665194,1049000,0.62,38.1,6.0,0,3
CUST0769,Low_Risk,0.992515261248873,0.992515261248873,0.007484738751126908,1.8524247604886668e-200,1401800,0.31,9.7,4.1,1,3
CUST0770,High_Risk,0.9997999423070387,2.652036048642866e-12,0.00020005769030922405,0.9997999423070387,471200,0.73,91.5,23.2,6,6
CUST0771,Low_Risk,1.0,1.0,1.3808505852410645e-73,0.0,2596000,0.22,26.7,6.1,2,2
CUST0772,Medium_Risk,0.5913389179823432,0.40866108201765605,0.5913389179823432,3.725788660727116e-119,1801400,0.37,34.3,0.0,0,1
CUST0773,High_Risk,0.9977030922768185,7.519963820461946e-07,0.0022961557267998844,0.9977030922768185,619400,0.41,56.4,16.9,4,3
CUST0774,Medium_Risk,0.9919474340773892,0.0008263189529678497,0.9919474340773892,0.007226246969642742,1167500,0.38,59.8,14.6,1,1
CUST0775,Low_Risk,0.9999999999999822,0.9999999999999822,1.841482928785822e-14,0.0,1407600,0.05,16.6,0.0,0,0
CUST0776,High_Risk,0.9922072090344478,1.210911844693672e-05,0.007780681847105185,0.9922072090344478,513700,0.31,50.7,4.2,1,0
CUST0777,High_Risk,0.9994517892029229,1.3109478613127866e-08,0.0005481976875985074,0.9994517892029229,488600,0.66,64.9,15.4,2,5
CUST0778,Low_Risk,1.0,1.0,3.590858706126995e-17,0.0,2391000,0.31,25.9,0.0,0,3
CUST0779,Low_Risk,0.9242545002357029,0.9242545002357029,0.07574549976429615,7.184874515720456e-133,995000,0.55,55.4,7.1,0,3
CUST0780,Low_Risk,1.0,1.0,0.0,0.0,3202100,0.05,18.9,3.7,2,2
CUST0781,High_Risk,0.9872290442281278,1.0884287061657562e-05,0.012760071484810682,0.9872290442281278,555700,0.38,55.8,12.3,2,2
CUST0782,Low_Risk,1.0,1.0,6.589344148475966e-182,0.0,3478800,0.2,33.2,0.9,0,0
CUST0783,Low_Risk,0.6102420294312261,0.6102420294312261,0.3897579705687733,1.1702725689778986e-243,2113500,0.33,23.9,6.6,1,1
CUST0784,High_Risk,0.9541674555193924,4.190827309192115e-08,0.04583250257233458,0.9541674555193924,867100,0.7,95.0,22.9,3,3
CUST0785,Medium_Risk,0.9915483912017631,0.008451569457611897,0.9915483912017631,3.9340624828480207e-08,689700,0.08,33.3,3.3,2,0
CUST0786,Low_Risk,0.9999993883070287,0.9999993883070287,6.116929715207154e-07,5.7067940222499234e-118,3443500,0.2,30.0,0.0,0,2
CUST0787,High_Risk,0.9952421174548813,7.193806914249069e-07,0.00475716316442758,0.9952421174548813,688100,0.61,70.0,13.7,1,3
CUST0788,Medium_Risk,0.9723342660629433,0.027665733937055834,0.9723342660629433,1.8341969542797384e-134,1554400,0.28,13.4,0.0,0,2
CUST0789,Medium_Risk,0.9955548474859227,0.004445152514076992,0.9955548474859227,1.1763476092050414e-20,818100,0.45,28.5,2.6,0,3
CUST0790,Medium_Risk,0.980078686673473,0.019921313326526746,0.980078686673473,3.122520313358744e-27,1628600,0.24,67.5,10.1,2,2
CUST0791,Low_Risk,0.9389609407658979,0.9389609407658979,0.061039059234101335,7.711481170269184e-186,1634100,0.18,5.0,0.0,0,3
CUST0792,Medium_Risk,0.9873597057478016,0.012529132992025223,0.9873597057478016,0.00011116126017336747,720100,0.23,28.7,5.2,2,2
CUST0793,Medium_Risk,0.6736430144105044,0.3263569855894963,0.6736430144105044,1.402567971240601e-96,1901500,0.37,44.5,0.0,1,3
CUST0794,Low_Risk,0.9990274555087434,0.9990274555087434,0.0009725444912560867,0.0,1974500,0.4,50.8,4.5,0,2
CUST0795,Medium_Risk,0.9947384941772287,0.005261505822770758,0.9947384941772287,1.1866253193641583e-63,1259400,0.38,43.2,5.4,2,4
CUST0796,Medium_Risk,0.9937578947188568,0.006185246269696053,0.9937578947188568,5.6859011446699544e-05,981200,0.18,5.0,5.2,0,1
CUST0797,Low_Risk,0.9999959695993136,0.9999959695993136,4.030400685689055e-06,3.538216744278724e-287,1909700,0.45,62.9,12.7,2,3
CUST0798,High_Risk,0.994649259751652,8.275937488516747e-07,0.005349912654598701,0.994649259751652,446000,0.47,52.3,6.6,0,2
CUST0799,High_Risk,0.998309400254957,6.866644348435565e-08,0.0016905310785997219,0.998309400254957,305600,0.52,62.4,17.2,4,4
CUST0800,Low_Risk,0.9965360462824021,0.9965360462824021,0.0034639537175980713,0.0,1290700,0.21,36.2,4.4,1,1
CUST0801,High_Risk,0.8745833870406062,0.0011261632965971337,0.12429044966279654,0.8745833870406062,540200,0.25,36.0,1.8,1,2
CUST0802,Medium_Risk,0.9969664506438639,0.0029234171739921998,0.9969664506438639,0.00011013218214338612,425500,0.35,41.3,6.8,0,3
CUST0803,Medium_Risk,0.9950493534234457,0.004949229993006364,0.9950493534234457,1.416583547106795e-06,1302300,0.26,8.7,1.0,2,2
CUST0804,High_Risk,0.9828657577604503,9.239216462696764e-05,0.017041850074922416,0.9828657577604503,421900,0.35,34.6,12.3,2,3
CUST0805,Low_Risk,1.0,1.0,1.8410869534727178e-36,0.0,1876300,0.28,48.0,17.3,1,0
CUST0806,High_Risk,0.989566272621294,6.514024215123555e-07,0.010433075976284695,0.989566272621294,621300,0.49,50.8,5.3,1,4
CUST0807,High_Risk,0.9782251988491684,1.0212203258838012e-05,0.021764588947572588,0.9782251988491684,790500,0.4,38.5,8.2,1,1
CUST0808,High_Risk,0.5006718131862644,1.1834598571491012e-06,0.49932700335387936,0.5006718131862644,887200,0.62,93.0,14.4,3,5
CUST0809,Medium_Risk,0.9720758370115747,0.02792416298842562,0.9720758370115747,1.2379257475211045e-41,1563400,0.32,17.6,5.3,2,2
CUST0810,Medium_Risk,0.9953541387857406,0.004645861213388759,0.9953541387857406,8.69934244593134e-13,913600,0.29,22.9,6.5,1,4
CUST0811,High_Risk,0.9998177645535015,1.6196438784269781e-12,0.00018223544487873405,0.9998177645535015,516800,0.79,86.3,22.0,5,5
CUST0812,Medium_Risk,0.9978784771235739,0.0021215228764258007,0.9978784771235739,2.854222759318491e-17,489900,0.46,64.3,8.9,2,3
CUST0813,Low_Risk,0.9817034646815987,0.9817034646815987,0.018296535318400853,5.2437116967044074e-238,1242200,0.33,19.0,6.5,0,1
CUST0814,Medium_Risk,0.9985658963086164,0.0013761532872567375,0.9985658963086164,5.795040412775081e-05,588600,0.34,23.6,1.5,1,4
CUST0815,Medium_Risk,0.999832436315514,1.2355490426288282e-05,0.999832436315514,0.00015520819405885484,677700,0.44,70.5,18.4,5,2
CUST0816,Medium_Risk,0.9985765138343059,0.0014234861655482262,0.9985765138343059,1.4586171506053004e-13,1357900,0.3,31.7,1.4,1,2
CUST0817,Medium_Risk,0.9982266359186391,0.0017733640778611216,0.9982266359186391,3.499680293873069e-12,951400,0.25,20.0,0.0,0,1
CUST0818,Low_Risk,1.0,1.0,9.827372122901258e-34,0.0,2313800,0.22,33.3,1.8,1,0
CUST0819,High_Risk,0.9980136714382123,5.428717221546072e-10,0.001986328018916178,0.9980136714382123,750900,0.56,80.2,17.2,5,3
CUST0820,Medium_Risk,0.6574406976809953,0.0008008793155085957,0.6574406976809953,0.34175842300349557,789600,0.3,45.5,4.7,1,0
CUST0821,Medium_Risk,0.9319320386900286,0.06806796130997146,0.9319320386900286,3.906050672647385e-74,1094800,0.13,38.5,3.2,0,0
CUST0822,High_Risk,0.9996033119605473,1.0529932076069103e-10,0.00039668793415327573,0.9996033119605473,361100,0.56,65.0,17.1,6,5
CUST0823,Low_Risk,1.0,1.0,2.3891040967884298e-24,0.0,1616700,0.2,26.9,0.0,0,0
CUST0824,Low_Risk,0.6643560095846108,0.6643560095846108,0.3356439904153892,2.177045945227694e-110,1778400,0.27,16.7,0.0,0,2
CUST0825,Medium_Risk,0.9844295604791332,0.01557043952086726,0.9844295604791332,3.5412666978750808e-65,1166700,0.35,29.1,7.0,3,3
CUST0826,Low_Risk,0.9886708488844883,0.9886708488844883,0.011329151115512177,0.0,1423200,0.25,35.5,1.0,0,1
CUST0827,Medium_Risk,0.9949192777982002,0.004611206096344737,0.9949192777982002,0.00046951610545511367,911400,0.13,14.5,2.6,0,1
CUST0828,High_Risk,0.9975707077692361,1.4812210784479517e-09,0.0024292907495429526,0.9975707077692361,550100,0.6,84.7,22.2,6,5
CUST0829,Low_Risk,0.9999999628894798,0.9999999628894798,3.711051969380522e-08,0.0,2674200,0.18,8.8,5.2,1,3
CUST0830,High_Risk,0.9218464976651176,0.00024646650980313496,0.07790703582507937,0.9218464976651176,840800,0.27,26.8,0.0,2,2
CUST0831,High_Risk,0.9928802605828962,9.359708888576574e-07,0.007118803446214708,0.9928802605828962,528900,0.53,60.2,14.1,3,4
CUST0832,Low_Risk,0.9871405462884094,0.9871405462884094,0.012859453711591272,2.15326926e-316,1479400,0.31,28.2,2.9,0,2
CUST0833,Low_Risk,0.9999999573409193,0.9999999573409193,4.265908079674116e-08,0.0,1704200,0.21,17.7,2.7,0,0
CUST0834,Medium_Risk,0.989682952334512,0.010317047665488494,0.989682952334512,5.446976809913212e-38,985400,0.31,29.3,3.8,1,1
CUST0835,High_Risk,0.9895153825583988,4.388189866160367e-07,0.010484178622614464,0.9895153825583988,423900,0.55,75.7,17.6,3,2
CUST0836,Medium_Risk,0.9982347761764626,0.001765223823537255,0.9982347761764626,6.476852009370451e-107,583600,0.54,79.7,7.9,2,2
CUST0837,Low_Risk,0.9144332088438287,0.9144332088438287,0.08556679115617065,7.443754744211528e-138,1645300,0.32,35.3,9.9,2,2
CUST0838,High_Risk,0.9990723774580577,2.9854663305827723e-09,0.0009276195564760122,0.9990723774580577,476300,0.57,81.1,21.4,4,2
CUST0839,Medium_Risk,0.858913045018542,0.1410869549814575,0.858913045018542,1.1415470422840377e-183,1387400,0.17,5.0,7.6,1,1
CUST0840,Low_Risk,1.0,1.0,2.07176935884565e-66,0.0,2503200,0.1,27.0,3.2,0,0
CUST0841,High_Risk,0.9471234868475273,1.384107304115103e-06,0.05287512904516829,0.9471234868475273,599500,0.67,67.3,13.3,3,5
CUST0842,Medium_Risk,0.9973940996462708,6.230221380195486e-05,0.9973940996462708,0.0025435981399276695,942900,0.56,71.9,6.9,0,4
CUST0843,Medium_Risk,0.9948278620200115,0.005172137979946759,0.9948278620200115,4.226323461605148e-14,807700,0.1,28.6,0.0,0,1
CUST0844,High_Risk,0.9998615402909424,8.278547601216288e-12,0.00013845970077901057,0.9998615402909424,458800,0.48,80.9,21.0,7,3
CUST0845,Medium_Risk,0.9995513019107366,0.00044869808926339873,0.9995513019107366,7.37825855205951e-40,1125000,0.47,69.3,17.0,3,3
CUST0846,Low_Risk,0.9999996711335574,0.9999996711335574,3.2886644267230177e-07,7.090797813214137e-255,1335300,0.13,28.6,6.7,2,2
CUST0847,Low_Risk,0.6757230521729848,0.6757230521729848,0.32427694782701594,1.1617274961243623e-195,1786900,0.25,35.9,0.5,1,2
CUST0848,Low_Risk,0.9999999943217901,0.9999999943217901,5.678209648803131e-09,0.0,2884400,0.24,39.2,8.1,2,2
CUST0849,Low_Risk,0.999993072046024,0.999993072046024,6.927953975279127e-06,0.0,1640300,0.3,12.4,3.4,1,3
CUST0850,Medium_Risk,0.9997740289876869,0.0002171960401756316,0.9997740289876869,8.774972136780352e-06,1263100,0.33,67.2,8.3,2,2
CUST0851,High_Risk,0.9998180691218997,7.06343729028708e-09,0.0001819238146627079,0.9998180691218997,330900,0.79,53.7,19.7,2,4
CUST0852,High_Risk,0.963144700755448,1.3918679114812467e-07,0.0368551600577612,0.963144700755448,789500,0.41,78.5,20.3,6,3
CUST0853,Medium_Risk,0.9821201381228157,0.017879861877183854,0.9821201381228157,1.2155430246775125e-82,993300,0.31,69.3,5.5,2,2
CUST0854,High_Risk,0.9996930879073687,5.2924689789528205e-12,0.00030691208733858065,0.9996930879073687,571000,0.83,72.0,13.6,3,4
CUST0855,High_Risk,0.9640296206986939,1.5461409399599434e-07,0.03597022468721217,0.9640296206986939,853700,0.58,63.6,14.3,4,5
CUST0856,Low_Risk,0.9877074900402499,0.9877074900402499,0.012292509959749613,3.665193879226177e-185,1385200,0.28,45.9,7.2,2,1
CUST0857,Medium_Risk,0.9994876460030898,2.0338161918911114e-05,0.9994876460030898,0.0004920158349916102,664100,0.46,55.3,9.1,4,3
CUST0858,High_Risk,0.9996150655869243,1.92261305498082e-09,0.0003849324904626012,0.9996150655869243,375400,0.5,81.2,21.0,5,3
CUST0859,Medium_Risk,0.999937949142791,6.164727391508202e-05,0.999937949142791,4.0358329415000837e-07,687100,0.55,43.8,6.4,2,3
CUST0860,Low_Risk,0.9999999999997335,0.9999999999997335,2.669912217771512e-13,0.0,2005500,0.17,22.7,9.6,2,2
CUST0861,High_Risk,0.9970435829626182,3.0136778507147103e-06,0.0029534033595310033,0.9970435829626182,282400,0.54,32.2,7.0,1,4
CUST0862,High_Risk,0.9944730405334284,6.707019476560957e-07,0.005526288764624207,0.9944730405334284,506000,0.54,58.7,15.1,2,3
CUST0863,Medium_Risk,0.9994315176791922,0.0005684819650869893,0.9994315176791922,3.5572061588067794e-10,1052900,0.45,50.6,8.8,1,2
CUST0864,Low_Risk,1.0,1.0,1.03181e-318,0.0,5000000,0.26,41.6,8.3,0,1
CUST0865,Low_Risk,0.7076962975406708,0.7076962975406708,0.2923037024593291,5.508411083762954e-190,1509100,0.21,11.7,2.0,0,2
CUST0866,High_Risk,0.9999198352812398,3.2328610713231187e-10,8.016439547382711e-05,0.9999198352812398,395200,0.72,69.0,17.3,3,4
CUST0867,High_Risk,0.9999623007897875,7.355331446091528e-14,3.7699210138486e-05,0.9999623007897875,227900,0.75,93.2,19.7,6,3
CUST0868,High_Risk,0.9940089626903331,2.5586617218873844e-06,0.005988478647945015,0.9940089626903331,672000,0.45,45.3,6.9,0,3
CUST0869,Medium_Risk,0.9275538188512467,0.07244618114875297,0.9275538188512467,1.5197245641458502e-79,1743400,0.48,58.5,13.9,2,3
CUST0870,Low_Risk,0.9999103485852201,0.9999103485852201,8.965141478041535e-05,0.0,1376900,0.27,5.0,0.0,0,1
CUST0871,High_Risk,0.9962964067366945,1.4041444992068404e-06,0.003702189118805892,0.9962964067366945,449300,0.61,33.9,1.3,2,5
CUST0872,High_Risk,0.9994949339986897,1.260110657733824e-10,0.0005050658752991557,0.9994949339986897,467500,0.62,77.1,19.2,5,3
CUST0873,High_Risk,0.9967695865185071,6.280992476003519e-10,0.0032304128533929776,0.9967695865185071,613600,0.54,88.3,28.0,6,4
CUST0874,Medium_Risk,0.9996626572817441,0.00033734271825669644,0.9996626572817441,5.447424707192205e-27,1209700,0.4,48.7,15.8,2,2
CUST0875,High_Risk,0.9997298265167749,3.553938017956585e-10,0.00027017312783140547,0.9997298265167749,338200,0.66,78.9,12.2,3,3
CUST0876,Low_Risk,0.9075784466634557,0.9075784466634557,0.09242155333654428,2.705654378742214e-83,1827000,0.25,24.9,11.0,2,1
CUST0877,Medium_Risk,0.9676923040583986,0.032307695941601426,0.9676923040583986,9.3672798280036e-81,1237000,0.34,13.1,3.2,1,5
CUST0878,High_Risk,0.9997730888420414,1.6830950425980267e-11,0.00022691114112798836,0.9997730888420414,255300,0.75,79.5,22.8,6,5
CUST0879,Medium_Risk,0.9964902401045224,0.003509759894176376,0.9964902401045224,1.3010644812539871e-12,996600,0.41,61.1,6.1,0,3
CUST0880,Medium_Risk,0.9930029554049331,0.0069970445950667615,0.9930029554049331,1.9076041839936574e-39,1452100,0.22,32.3,3.6,0,0
CUST0881,High_Risk,0.9324039098836518,1.670252432983689e-05,0.06757938759201805,0.9324039098836518,924000,0.46,54.9,8.9,1,4
CUST0882,Low_Risk,0.9997037588339697,0.9997037588339697,0.00029624116602942544,0.0,1176400,0.33,19.7,0.0,2,3
CUST0883,Medium_Risk,0.9530889932061583,0.0011433653369978742,0.9530889932061583,0.045767641456843935,633500,0.39,29.2,4.6,2,3
CUST0884,Medium_Risk,0.9992353745212071,0.0007646254736671981,0.9992353745212071,5.125127056428765e-12,644700,0.42,57.7,5.3,1,1
CUST0885,High_Risk,0.940875617700695,1.4030614626146833e-06,0.05912297923784254,0.940875617700695,722600,0.57,41.0,3.6,0,3
CUST0886,High_Risk,0.9955716743044619,2.5006378351714783e-07,0.00442807563175485,0.9955716743044619,464900,0.49,72.1,10.1,3,2
CUST0887,High_Risk,0.9975592176640333,6.814283533366399e-08,0.002440714193131565,0.9975592176640333,414100,0.46,64.1,5.0,3,5
CUST0888,High_Risk,0.9337853155339745,2.2973441844238008e-05,0.06619171102418148,0.9337853155339745,858400,0.37,32.3,10.3,4,3
CUST0889,Medium_Risk,0.9974848764132681,0.002515123585921342,0.9974848764132681,8.109448992907031e-13,1247100,0.21,13.2,2.0,3,3
CUST0890,Low_Risk,0.999999698606188,0.999999698606188,3.0139381362053315e-07,1.430554715150369e-265,1504800,0.13,12.4,1.3,0,2
CUST0891,High_Risk,0.9982313198638457,3.221527623972428e-08,0.0017686479208778598,0.9982313198638457,455000,0.54,42.0,7.0,3,4
CUST0892,Medium_Risk,0.9272891795280683,0.07271082047193211,0.9272891795280683,3.738417931196562e-142,2040300,0.39,30.0,4.2,1,3
CUST0893,High_Risk,0.9983592432902332,2.731948002581387e-08,0.0016407293902866665,0.9983592432902332,364400,0.57,66.0,10.2,3,4
CUST0894,Medium_Risk,0.8081225557897618,0.001492058127334882,0.8081225557897618,0.19038538608290403,752000,0.34,41.9,0.0,0,2
CUST0895,Low_Risk,1.0,1.0,4.5380604339936834e-86,0.0,3411700,0.32,25.7,0.0,0,2
CUST0896,Low_Risk,1.0,1.0,7.578868853286763e-16,0.0,2100900,0.27,11.9,0.0,0,1
CUST0897,Low_Risk,0.6982688819279983,0.6982688819279983,0.3017311180720015,3.001200282442077e-108,1719400,0.3,14.4,0.0,0,1
CUST0898,High_Risk,0.998562781563061,6.298288028764565e-11,0.001437218373956455,0.998562781563061,693300,0.71,73.9,23.8,5,4
CUST0899,High_Risk,0.967975245030151,1.4514758657302286e-06,0.032023303493983184,0.967975245030151,767100,0.45,73.7,13.0,3,1
CUST0900,High_Risk,0.9960042805144793,1.2640486986398675e-06,0.003994455436822019,0.9960042805144793,460700,0.45,55.2,8.3,1,1
CUST0901,Low_Risk,0.9999999995953015,0.9999999995953015,4.0469767969170344e-10,0.0,2157200,0.14,21.8,0.0,0,1
CUST0902,Low_Risk,1.0,1.0,6.239046862515509e-59,0.0,1612800,0.12,19.6,1.5,0,1
CUST0903,Medium_Risk,0.6516195357009419,0.0008754232404757944,0.6516195357009419,0.3475050410585824,878500,0.52,41.3,8.8,1,3
CUST0904,Medium_Risk,0.8185961497981668,0.18140385020183347,0.8185961497981668,4.797435315165459e-37,2065400,0.22,46.2,8.0,3,2
CUST0905,High_Risk,0.9794459969233631,4.777049922598031e-08,0.020553955306137506,0.9794459969233631,576700,0.51,71.7,16.6,5,4
CUST0906,Low_Risk,0.9999977521316468,0.9999977521316468,2.2478683529753932e-06,0.0,1671300,0.38,26.1,4.4,0,1
CUST0907,Low_Risk,0.8699756840720806,0.8699756840720806,0.13002431592791858,1.0506624763215126e-301,1338300,0.38,44.4,14.3,2,2
CUST0908,High_Risk,0.6920700011838826,5.674370731873966e-05,0.30787325510879887,0.6920700011838826,662500,0.56,55.1,13.6,2,2
CUST0909,Medium_Risk,0.9999738113075362,3.683047883686006e-06,0.9999738113075362,2.2505644580949087e-05,985800,0.59,39.6,14.9,3,2
CUST0910,Low_Risk,0.9999999999040519,0.9999999999040519,9.594728260635985e-11,0.0,1798100,0.52,68.3,19.0,3,4
CUST0911,High_Risk,0.9932462213071775,3.484040532788942e-06,0.006750294652289906,0.9932462213071775,650700,0.48,32.5,14.4,1,3
CUST0912,Low_Risk,0.9995620480724529,0.9995620480724529,0.00043795192754676044,1.788597370957562e-264,2247600,0.29,35.7,7.6,2,2
CUST0913,Low_Risk,0.9983222028441302,0.9983222028441302,0.0016777971558691494,9.70445470524e-313,1268000,0.16,36.9,0.0,0,2
CUST0914,Low_Risk,0.6516323976273816,0.6516323976273816,0.3483676023726181,7.285395554441658e-213,1582000,0.35,20.1,3.2,0,2
CUST0915,High_Risk,0.9940398222500468,1.5193338513588048e-09,0.005960176230618888,0.9940398222500468,772400,0.59,76.7,18.0,6,3
CUST0916,High_Risk,0.9986926791083839,6.691847897183484e-08,0.0013072539731372392,0.9986926791083839,648600,0.37,65.2,17.6,5,3
CUST0917,Medium_Risk,0.9923230072147684,0.007676992785231155,0.9923230072147684,3.744825494649864e-47,1145000,0.2,35.8,3.1,0,0
CUST0918,Medium_Risk,0.9744800345954902,0.016949218673582057,0.9744800345954902,0.008570746730927264,662600,0.47,30.2,13.1,1,2
CUST0919,Medium_Risk,0.9995034019795739,0.0004965980203765172,0.9995034019795739,5.039331987058581e-14,1103700,0.45,43.4,2.3,0,2
CUST0920,Medium_Risk,0.5308173077331985,3.9921005236162586e-06,0.5308173077331985,0.4691787001662783,649200,0.6,58.6,12.4,3,4
CUST0921,Medium_Risk,0.993092656232077,0.006907343767922651,0.993092656232077,8.343189450805807e-31,957700,0.29,26.1,2.4,1,1
CUST0922,Medium_Risk,0.9973494755305905,0.0026337965962676805,0.9973494755305905,1.6727873141791034e-05,929600,0.21,23.1,0.3,1,1
CUST0923,Medium_Risk,0.9987874661190885,0.0012125338809117262,0.9987874661190885,9.37858866423245e-72,1196000,0.48,44.6,3.6,1,3
CUST0924,Low_Risk,1.0,1.0,0.0,0.0,3317100,0.09,16.4,2.6,0,2
CUST0925,Low_Risk,0.8736441831743309,0.8736441831743309,0.12635581682567076,8.952689032536926e-124,1936800,0.25,15.9,1.1,0,1
CUST0926,Medium_Risk,0.8226178657001316,6.873377141857697e-05,0.8226178657001316,0.17731340052844963,814300,0.39,45.5,16.6,4,4
CUST0927,High_Risk,0.7284140717254697,0.00010250438221827692,0.2714834238923121,0.7284140717254697,744200,0.41,51.0,2.4,0,3
CUST0928,High_Risk,0.9985842418159012,1.284235243455777e-09,0.0014157568998636745,0.9985842418159012,422000,0.56,52.7,14.7,5,4
CUST0929,High_Risk,0.9029516674871103,1.3290368910146045e-05,0.09703504214397977,0.9029516674871103,751000,0.4,59.0,14.4,5,3
CUST0930,Medium_Risk,0.9996200859654208,0.00022559142719177263,0.9996200859654208,0.00015432260738741692,1078800,0.44,42.3,4.0,1,3
CUST0931,High_Risk,0.9999314289743225,2.1208905718987e-12,6.857102355705819e-05,0.9999314289743225,310100,0.75,87.4,27.8,5,6
CUST0932,Low_Risk,1.0,1.0,2.607382085731223e-137,0.0,2266100,0.05,5.0,0.0,0,0
CUST0933,High_Risk,0.9996167632530883,7.96964693110843e-11,0.0003832366672151215,0.9996167632530883,756500,0.79,86.6,23.0,4,6
CUST0934,High_Risk,0.998873797020604,4.4202526773404254e-08,0.0011261587768689246,0.998873797020604,593000,0.59,67.2,2.8,0,3
CUST0935,Low_Risk,1.0,1.0,1.8668929912087075e-25,0.0,3359600,0.3,40.6,13.8,3,2
CUST0936,Medium_Risk,0.992924788928271,0.007075211071729396,0.992924788928271,9.350774413391785e-24,766800,0.29,9.8,0.0,0,1
CUST0937,Medium_Risk,0.9705711650539763,0.02942883494602328,0.9705711650539763,5.952682065680886e-67,1576400,0.37,21.3,1.5,1,3
CUST0938,High_Risk,0.9996502182109164,1.0363501205285205e-08,0.0003497714255825324,0.9996502182109164,368800,0.64,63.5,12.6,1,4
CUST0939,Medium_Risk,0.839153904431239,0.1608460955687603,0.839153904431239,4.0829781874855333e-109,1333900,0.26,27.8,3.5,1,1
CUST0940,Medium_Risk,0.5729409576743771,0.0013443556068153434,0.5729409576743771,0.4257146867188082,832800,0.23,32.6,0.1,0,1
CUST0941,Medium_Risk,0.9977608432210959,0.0022391555638724197,0.9977608432210959,1.2150318994741436e-09,1110600,0.19,21.5,9.3,1,1
CUST0942,High_Risk,0.9996596651444457,2.7921479224436285e-11,0.00034033482763279875,0.9996596651444457,474200,0.65,80.7,18.4,4,2
CUST0943,Low_Risk,0.9999992898366247,0.9999992898366247,7.10163375145647e-07,0.0,1965500,0.24,31.7,5.2,3,3
CUST0944,Medium_Risk,0.9998905419843671,0.00010945801563319818,0.9998905419843671,5.144824121367181e-16,1738300,0.24,71.4,20.4,6,0
CUST0945,Low_Risk,0.9542976240775569,0.9542976240775569,0.04570237592244295,9.5739401839314e-171,864700,0.07,5.9,0.0,2,2
CUST0946,High_Risk,0.9999694505018359,8.314283082913028e-14,3.054949808105667e-05,0.9999694505018359,534300,0.81,84.1,30.0,5,3
CUST0947,Medium_Risk,0.9866130743755827,0.013386925624416549,0.9866130743755827,5.492307169659863e-30,1008800,0.3,44.2,0.3,0,2
CUST0948,Medium_Risk,0.9999289001733935,7.09780888397594e-05,0.9999289001733935,1.217377663769015e-07,611100,0.55,54.1,10.2,1,2
CUST0949,Medium_Risk,0.5608722545149192,0.0014009219017544145,0.5608722545149192,0.43772682358332615,907400,0.34,43.5,8.5,0,2
CUST0950,High_Risk,0.9933095529734576,6.944369309551064e-08,0.006690377582849588,0.9933095529734576,856200,0.44,75.5,16.0,5,4
CUST0951,High_Risk,0.999990679887096,9.022250750936639e-15,9.320112894944316e-06,0.999990679887096,333500,0.65,95.0,30.0,7,3
CUST0952,Medium_Risk,0.9888424233304386,0.011157576669561695,0.9888424233304386,4.927361334636771e-130,1851900,0.34,15.7,0.0,0,2
CUST0953,High_Risk,0.9993826917979179,4.7635399163086533e-08,0.0006172605666833236,0.9993826917979179,366000,0.45,72.6,23.6,3,2
CUST0954,High_Risk,0.8557783174035386,3.396125912385083e-07,0.14422134298387068,0.8557783174035386,757700,0.66,73.9,8.5,3,3
CUST0955,High_Risk,0.990916456298762,5.217576611839702e-07,0.009083021943577093,0.990916456298762,563700,0.71,55.5,18.3,2,4
CUST0956,Medium_Risk,0.9987103790587595,0.0006913898010996424,0.9987103790587595,0.0005982311401407337,934800,0.26,22.4,0.0,2,2
CUST0957,Low_Risk,0.9999999999908589,0.9999999999908589,9.141710008329349e-12,0.0,1777300,0.19,24.4,8.3,3,2
CUST0958,Medium_Risk,0.9999682338789644,3.0692552105483276e-05,0.9999682338789644,1.073568930040687e-06,1254500,0.55,65.8,18.6,3,2
CUST0959,High_Risk,0.9412731083202092,8.326772668424398e-06,0.05871856490712264,0.9412731083202092,752600,0.43,46.5,9.9,2,3
CUST0960,High_Risk,0.9947628028195156,1.306154423392283e-08,0.00523718411894051,0.9947628028195156,439100,0.51,75.8,14.3,6,5
CUST0961,Low_Risk,0.9980871568979213,0.9980871568979213,0.0019128431020770512,2.682984895772191e-240,1673000,0.1,38.1,0.0,3,0
CUST0962,Medium_Risk,0.9961027358950446,0.00389659542115252,0.9961027358950446,6.686838022464801e-07,1092100,0.08,30.3,0.0,0,0
CUST0963,Medium_Risk,0.5459551046769043,2.3524190252917155e-07,0.5459551046769043,0.4540446600811924,1136400,0.63,95.0,16.3,4,4
CUST0964,Medium_Risk,0.9573458976973463,0.04265410230265362,0.9573458976973463,1.4776118537330465e-41,1625400,0.17,15.8,3.0,0,0
CUST0965,High_Risk,0.9976319550446086,4.318044214139249e-08,0.002368001774949284,0.9976319550446086,678800,0.59,65.6,18.5,3,4
CUST0966,High_Risk,0.9999300126471595,1.0542975422725505e-12,6.998735178625936e-05,0.9999300126471595,348000,0.72,91.7,24.5,6,4
CUST0967,Medium_Risk,0.9084041218368204,0.01011367413983543,0.9084041218368204,0.0814822040233447,931200,0.28,24.5,2.1,2,2
CUST0968,Low_Risk,1.0,1.0,8.852671927245878e-55,0.0,1517400,0.49,42.6,5.2,2,4
CUST0969,High_Risk,0.9999613089662184,9.262936609189561e-13,3.869103285535781e-05,0.9999613089662184,389400,0.84,77.3,25.5,4,5
CUST0970,Medium_Risk,0.9951935740810203,0.004806425918980565,0.9951935740810203,6.492736614961911e-30,1331300,0.31,43.8,8.4,1,2
CUST0971,High_Risk,0.9991967280856618,1.4805782919079114e-09,0.000803270433759555,0.9991967280856618,422700,0.68,60.5,14.6,3,6
CUST0972,High_Risk,0.9985900787116726,3.1124671690629366e-08,0.0014098901636558539,0.9985900787116726,423700,0.52,53.8,5.0,2,3
CUST0973,Medium_Risk,0.9974297269748392,0.002570272977773558,0.9974297269748392,4.738713303227819e-11,1201300,0.21,23.2,0.2,2,0
CUST0974,Medium_Risk,0.986940521668571,0.013059478331429042,0.986940521668571,7.869996180493767e-17,1207800,0.2,25.3,0.0,0,1
CUST0975,High_Risk,0.7803809963485557,1.0511593093188051e-07,0.2196188985355128,0.7803809963485557,948000,0.5,95.0,21.8,6,4
CUST0976,High_Risk,0.9902390252373818,7.219073007299918e-06,0.00975375568961127,0.9902390252373818,803300,0.57,33.8,1.7,0,4
CUST0977,Medium_Risk,0.9292877424471906,0.07071225755281023,0.9292877424471906,1.4151509935758014e-48,1712100,0.25,28.7,0.0,0,1
CUST0978,Medium_Risk,0.9899659553089041,0.010034044691096554,0.9899659553089041,6.481463210688751e-39,1545800,0.32,39.1,0.9,1,2
CUST0979,High_Risk,0.9939557518405656,1.5972284557472712e-09,0.006044246562206095,0.9939557518405656,605400,0.69,65.5,15.9,4,5
CUST0980,Low_Risk,0.99830158703326,0.99830158703326,0.0016984129667402047,6.912451405098214e-210,1881400,0.31,43.5,6.4,2,2
CUST0981,Medium_Risk,0.999968060441906,3.1915371847427716e-05,0.999968060441906,2.4186246788018922e-08,1237800,0.67,47.5,9.3,2,5
CUST0982,Medium_Risk,0.9969090431252989,0.0030909568671034886,0.9969090431252989,7.597608182834006e-12,1252200,0.29,37.7,6.0,0,2
CUST0983,High_Risk,0.9965327413993051,2.0689873306643276e-09,0.003467256531707655,0.9965327413993051,694100,0.45,67.7,20.1,6,4
CUST0984,Low_Risk,0.9999652786981047,0.9999652786981047,3.472130189472125e-05,9.662759995595423e-244,1337800,0.05,25.3,8.9,1,0
CUST0985,High_Risk,0.9994583434139729,3.013686567232446e-11,0.0005416565558899997,0.9994583434139729,491400,0.65,57.4,19.8,5,3
CUST0986,Medium_Risk,0.9978910263618282,0.002108865525283874,0.9978910263618282,1.0811288765949019e-07,1129700,0.12,31.6,0.0,0,0
CUST0987,High_Risk,0.9862411328410825,1.4047561667196427e-10,0.013758867018442587,0.9862411328410825,924200,0.64,94.2,23.6,6,3
CUST0988,High_Risk,0.9955264228383685,3.033954079799865e-09,0.004473574127677585,0.9955264228383685,691300,0.7,83.2,13.1,4,4
CUST0989,Medium_Risk,0.9985378641266297,0.0014621358733698095,0.9985378641266297,2.7030613391981563e-43,1365500,0.4,67.1,3.6,0,0
CUST0990,Low_Risk,0.999814803246963,0.999814803246963,0.00018519675303764704,6.868278657684763e-163,2443100,0.25,34.8,6.7,2,1
CUST0991,Low_Risk,1.0,1.0,2.9815445960350476e-16,1.9047545303622634e-157,3695100,0.2,32.6,9.2,2,2
CUST0992,High_Risk,0.9991881354307669,1.8919164715805552e-09,0.0008118626773167426,0.9991881354307669,538400,0.59,78.3,16.8,4,3
CUST0993,Medium_Risk,0.9093642004908385,0.09063579950916169,0.9093642004908385,1.5645845304000258e-133,1211300,0.23,21.4,0.0,0,1
CUST0994,High_Risk,0.9995904402542076,9.368660642658405e-11,0.0004095596521057198,0.9995904402542076,423200,0.56,73.2,14.7,5,4
CUST0995,High_Risk,0.8918482683338024,2.290901056611283e-05,0.1081288226556312,0.8918482683338024,581800,0.45,60.0,6.0,0,2
CUST0996,High_Risk,0.9176216158549516,1.3704327852060382e-05,0.08236467981719665,0.9176216158549516,702000,0.29,15.0,6.2,4,3
CUST0997,High_Risk,0.9998704469214683,5.435038784126088e-13,0.00012955307798827355,0.9998704469214683,414200,0.77,88.3,20.8,5,5
CUST0998,High_Risk,0.9981160692445508,1.1968067600220146e-08,0.0018839187873817209,0.9981160692445508,435300,0.58,67.4,15.6,4,4
CUST0999,Medium_Risk,0.9851236158572324,0.0014532684397356142,0.9851236158572324,0.013423115703031702,917500,0.3,52.8,11.9,2,2
CUST1000,High_Risk,0.9499655507112849,9.58745864718122e-07,0.05003349054285003,0.9499655507112849,619300,0.47,49.9,16.2,4,2
CUST1001,Low_Risk,0.9966367986792801,0.9966367986792801,0.003363201320719405,1.5040236908301525e-176,1313600,0.13,18.4,8.7,2,1
CUST1002,Medium_Risk,0.7377289160578872,0.26227108394211257,0.7377289160578872,6.487239910221196e-125,731600,0.24,44.9,4.9,1,0
CUST1003,Medium_Risk,0.9900081324373636,0.00014737551968952947,0.9900081324373636,0.009844492042946589,673000,0.5,51.3,9.0,2,4
CUST1004,High_Risk,0.9985509436372016,6.905810734439127e-09,0.0014490494569877155,0.9985509436372016,565600,0.62,64.6,16.1,3,4
CUST1005,Low_Risk,0.9919824252139586,0.9919824252139586,0.008017574786041492,8.070280150974705e-218,1375500,0.36,59.4,12.7,4,3
CUST1006,Medium_Risk,0.9802091647701926,0.01978941009916007,0.9802091647701926,1.4251306476606751e-06,1330600,0.23,12.4,1.2,1,1
CUST1007,Medium_Risk,0.9999821150403907,1.788495961022426e-05,0.9999821150403907,2.3957273198394376e-27,1378200,0.6,62.3,19.5,5,5
CUST1008,Low_Risk,0.9998618360993364,0.9998618360993364,0.0001381639006639231,1.2732355047176619e-289,1664000,0.39,61.3,7.6,0,3
CUST1009,Medium_Risk,0.9966807282598293,0.0033192215119911884,0.9966807282598293,5.022818017648445e-08,613300,0.44,40.4,10.2,1,2
CUST1010,High_Risk,0.9894006050243103,3.469594907111257e-08,0.010599360279740422,0.9894006050243103,524000,0.62,81.1,17.1,2,3
CUST1011,High_Risk,0.9990341643570149,9.909047132858074e-09,0.0009658257339380061,0.9990341643570149,575400,0.59,89.6,19.5,2,2
CUST1012,Medium_Risk,0.9988298252660258,0.0009570645677184488,0.9988298252660258,0.0002131101662553007,1142800,0.32,47.2,11.0,3,3
CUST1013,Medium_Risk,0.8546779373764315,0.14532206262356773,0.8546779373764315,1.1551439387170382e-85,1754400,0.27,39.4,3.8,0,3
CUST1014,Low_Risk,0.9984306010995063,0.9984306010995063,0.0015693989004933748,0.0,2353900,0.38,45.3,5.6,2,3
CUST1015,High_Risk,0.6084454370118797,0.00021199153919986694,0.3913425714489204,0.6084454370118797,706700,0.41,37.8,3.2,1,3
CUST1016,Medium_Risk,0.9633061525034533,0.0366938474965475,0.9633061525034533,1.4435160791084032e-98,1126600,0.29,16.8,0.0,0,1
CUST1017,High_Risk,0.9739809952063099,0.00010790506653523139,0.02591109972715466,0.9739809952063099,379400,0.35,28.7,2.5,1,3
CUST1018,High_Risk,0.9996235687833678,4.327257874328323e-08,0.00037638794405358975,0.9996235687833678,458100,0.68,50.6,8.3,2,5
CUST1019,Low_Risk,1.0,1.0,2.2918972726599186e-62,0.0,5000000,0.27,21.1,0.0,2,3
CUST1020,Medium_Risk,0.7831426389149682,0.001422525798484529,0.7831426389149682,0.21543483528654697,561300,0.32,48.2,0.0,1,1
CUST1021,Low_Risk,1.0,1.0,5.611940938083167e-26,0.0,2445400,0.3,18.7,0.0,0,3
CUST1022,Medium_Risk,0.504562477801438,0.0012654482724940555,0.504562477801438,0.49417207392606793,538400,0.31,52.4,9.4,2,2
CUST1023,High_Risk,0.9957389482728791,6.138636274952541e-08,0.00426099034075801,0.9957389482728791,541000,0.54,61.4,9.1,3,3
CUST1024,High_Risk,0.9994432717462558,1.7340912158216375e-10,0.0005567280803351937,0.9994432717462558,500200,0.63,51.3,13.8,5,6
CUST1025,High_Risk,0.9998138345134168,3.474087211085806e-11,0.00018616545184245537,0.9998138345134168,457900,0.68,78.6,23.1,5,5
CUST1026,High_Risk,0.9997248559714974,1.0361076612285471e-10,0.00027514392489191955,0.9997248559714974,475800,0.63,73.0,20.9,4,3
CUST1027,Medium_Risk,0.6628442253583031,0.00015649280299578176,0.6628442253583031,0.33699928183870054,877400,0.13,8.6,6.9,5,2
CUST1028,Medium_Risk,0.93246661173984,0.06753338826016078,0.93246661173984,8.298868495551627e-63,1048800,0.37,24.3,1.1,0,3
CUST1029,Low_Risk,1.0,1.0,7.315985185802169e-236,0.0,2053700,0.34,23.4,0.0,0,2
CUST1030,Medium_Risk,0.9612431470392326,0.03875685295682579,0.9612431470392326,3.942282158876338e-12,1620900,0.27,40.1,0.0,0,1
CUST1031,Medium_Risk,0.979185601892514,0.020814398107486635,0.979185601892514,1.4140164017780151e-33,1453200,0.07,25.2,0.0,2,0
CUST1032,Medium_Risk,0.9712444519680021,0.028755548031997667,0.9712444519680021,5.7343646570596185e-87,1196000,0.24,15.2,0.0,0,3
CUST1033,Medium_Risk,0.9776705018169844,0.02232949818301517,0.9776705018169844,4.392259507829359e-28,1186300,0.05,29.0,2.5,2,1
CUST1034,High_Risk,0.9996826132248282,4.455422870759042e-11,0.00031738673061769613,0.9996826132248282,464100,0.73,70.4,17.7,4,5
CUST1035,Medium_Risk,0.5103756300559661,0.4896243699440335,0.5103756300559661,3.3219486175652344e-95,1489100,0.23,18.6,0.0,0,1
CUST1036,Low_Risk,1.0,1.0,8.387665484174738e-68,0.0,2274500,0.07,25.1,1.4,3,1
CUST1037,Low_Risk,1.0,1.0,1.6183232124352857e-40,0.0,2116800,0.24,14.4,3.6,2,3
CUST1038,Medium_Risk,0.9458792994778585,0.00010219580659588918,0.9458792994778585,0.054018504715545,1053000,0.53,50.0,5.2,4,4
CUST1039,Low_Risk,0.9740105214387021,0.9740105214387021,0.025989478561297744,1.3120254931255869e-173,1569500,0.17,35.4,5.1,0,1
CUST1040,Medium_Risk,0.9407477693272879,0.05925223067271237,0.9407477693272879,9.503317881106369e-87,1440000,0.36,56.5,6.3,2,3
CUST1041,High_Risk,0.9996054473729539,1.1645479065784076e-09,0.00039455146249837546,0.9996054473729539,346900,0.6,78.9,16.3,5,4
CUST1042,Low_Risk,1.0,1.0,4.7858906318674874e-18,0.0,2482800,0.05,32.8,0.0,0,1
CUST1043,Medium_Risk,0.9549487620313016,2.2019255605792646e-07,0.9549487620313016,0.04505101777614241,900900,0.62,75.7,18.4,5,4
CUST1044,Medium_Risk,0.9845988063807039,0.0154011936192954,0.9845988063807039,4.510360378350585e-115,1884700,0.46,19.8,2.9,0,3
CUST1045,High_Risk,0.9673274299375375,4.3720422007412706e-07,0.032672132858242296,0.9673274299375375,834300,0.53,94.2,12.9,3,3
CUST1046,Low_Risk,1.0,1.0,5.363352480302534e-16,0.0,1530300,0.33,48.7,3.3,1,1
CUST1047,Low_Risk,1.0,1.0,7.599057068516745e-25,0.0,1960000,0.3,20.5,2.6,1,3
CUST1048,High_Risk,0.9973793750260155,6.963800879419876e-08,0.002620555335975634,0.9973793750260155,587600,0.41,64.5,19.2,4,2
CUST1049,Medium_Risk,0.6897030164607619,0.00033811894384227185,0.6897030164607619,0.30995886459539596,669800,0.35,40.3,12.5,4,3
CUST1050,Low_Risk,1.0,1.0,1.2588226845711215e-19,0.0,1744400,0.09,18.9,4.1,2,0
CUST1051,Medium_Risk,0.9984435964097368,3.146721459904052e-05,0.9984435964097368,0.0015249363756640179,1088700,0.6,50.9,14.9,2,2
CUST1052,Low_Risk,0.6150909865120964,0.6150909865120964,0.384909013487905,1.7197294174136116e-292,1308500,0.55,47.0,1.3,0,5
CUST1053,Low_Risk,0.9999929719201063,0.9999929719201063,7.0280798924755506e-06,3.6465115149276737e-174,2571200,0.2,22.0,0.0,1,1
CUST1054,High_Risk,0.9871389537409242,1.8774211485752823e-05,0.012842272047590211,0.9871389537409242,582900,0.32,43.5,7.5,2,2
CUST1055,Low_Risk,1.0,1.0,2.4859119067909084e-33,0.0,1543400,0.41,35.5,9.0,1,3
CUST1056,High_Risk,0.9999130975328356,4.163982042903441e-11,8.690242552476008e-05,0.9999130975328356,318100,0.41,66.4,19.1,6,1
CUST1057,Medium_Risk,0.977532862636027,0.02246713736397217,0.977532862636027,2.2646477213409402e-35,1889600,0.47,46.6,3.8,1,3
CUST1058,Medium_Risk,0.9519235879562865,0.048076412043712685,0.9519235879562865,6.723910504172612e-178,900300,0.33,28.4,6.4,2,1
CUST1059,Medium_Risk,0.9998682432635777,0.0001307817801348908,0.9998682432635777,9.749562866602112e-07,609800,0.45,62.8,9.4,1,1
CUST1060,Medium_Risk,0.9758397268374146,0.0006563714004210995,0.9758397268374146,0.023503901762164294,649200,0.36,35.6,10.0,3,2
CUST1061,Medium_Risk,0.9999093536391681,9.064636083238269e-05,0.9999093536391681,7.091413362225028e-38,1032200,0.42,39.3,0.0,0,1
CUST1062,Medium_Risk,0.9993054499690629,1.425603601585574e-08,0.9993054499690629,0.0006945357749008096,1085700,0.77,85.8,20.1,5,5
CUST1063,High_Risk,0.9406752391772102,2.7214354046632927e-05,0.05929754646874282,0.9406752391772102,754300,0.46,40.5,4.1,0,3
CUST1064,Low_Risk,0.9999999999977511,0.9999999999977511,2.2497103651582397e-12,0.0,2037100,0.26,61.0,10.3,3,3
CUST1065,High_Risk,0.9992493520313922,1.0377593749503496e-07,0.0007505441926706696,0.9992493520313922,523500,0.61,48.9,10.7,0,2
CUST1066,Medium_Risk,0.9921332992181685,0.00786670078183123,0.9921332992181685,4.561122806010535e-54,1541200,0.36,24.0,2.4,1,2
CUST1067,Medium_Risk,0.9996336314458752,0.00036636855412427755,0.9996336314458752,7.179625430237613e-23,680700,0.32,57.4,10.6,3,2
CUST1068,Low_Risk,0.9994903241183927,0.9994903241183927,0.0005096758816061229,1.923800397122354e-250,1314700,0.4,40.0,16.9,3,2
CUST1069,Low_Risk,0.9730218597268915,0.9730218597268915,0.026978140273107756,5.4854542443724305e-261,1144200,0.22,34.5,3.4,2,1
CUST1070,Medium_Risk,0.9446616166067436,0.05533838339322856,0.9446616166067436,2.7183414839529506e-14,1514700,0.23,14.5,0.0,1,3
CUST1071,Medium_Risk,0.9981571837716584,0.001842816228341082,0.9981571837716584,6.12830345000382e-18,1118200,0.15,26.8,1.3,0,2
CUST1072,Medium_Risk,0.9860556102247363,0.013944389775264398,0.9860556102247363,1.1490399105275527e-41,1155700,0.19,28.4,0.1,1,0
CUST1073,Low_Risk,1.0,1.0,3.123186832512996e-27,0.0,3040900,0.09,44.5,2.3,1,0
CUST1074,Medium_Risk,0.9741376065694607,0.025862393430539105,0.9741376065694607,2.907533503954029e-106,1880800,0.45,45.4,4.6,2,4
CUST1075,High_Risk,0.7275630957196263,0.0006866204172797038,0.2717502838630939,0.7275630957196263,1013800,0.29,27.8,0.0,0,2
CUST1076,Medium_Risk,0.9896183420243088,0.010381657975691723,0.9896183420243088,7.797143400813095e-23,1817500,0.22,5.0,1.4,0,2
CUST1077,Medium_Risk,0.9956311501269243,0.004368849711583597,0.9956311501269243,1.614917554946621e-10,1055100,0.22,45.2,5.9,1,0
CUST1078,High_Risk,0.8985304239041622,5.6493473756678537e-05,0.10141308262208157,0.8985304239041622,955900,0.39,67.9,4.5,1,1
CUST1079,High_Risk,0.5146524317525686,3.101673752908343e-05,0.48531655150990316,0.5146524317525686,644300,0.54,74.0,11.8,0,1
CUST1080,Medium_Risk,0.9743049929254013,0.02568126359874951,0.9743049929254013,1.3743475849322621e-05,1355700,0.1,44.1,3.0,2,2
CUST1081,Medium_Risk,0.9909975279215641,0.009002472078435889,0.9909975279215641,1.599247874584572e-111,1418500,0.23,33.8,7.4,3,1
CUST1082,Medium_Risk,0.9988164019676148,0.0011814390383275406,0.9988164019676148,2.1589940571900174e-06,1511800,0.32,71.8,14.2,3,1
CUST1083,Medium_Risk,0.9967903938140518,0.003209544595442499,0.9967903938140518,6.159050593209019e-08,858400,0.18,60.2,8.2,3,0
CUST1084,High_Risk,0.994595344693818,4.194261926447665e-06,0.005400461044255768,0.994595344693818,592200,0.38,37.3,4.4,0,2
CUST1085,Medium_Risk,0.8672080365606426,0.13279196343935798,0.8672080365606426,3.9189741065736576e-45,2059200,0.13,13.9,0.2,1,1
CUST1086,Low_Risk,0.9995431670287964,0.9995431670287964,0.000456832971203057,4.435319577364269e-183,1608500,0.28,30.5,2.9,0,0
CUST1087,High_Risk,0.9999529419034496,4.251858208921563e-12,4.7058092298700945e-05,0.9999529419034496,247900,0.68,79.1,22.0,5,4
CUST1088,High_Risk,0.9995495137111471,2.8572423661071763e-09,0.0004504834316104592,0.9995495137111471,285100,0.64,59.2,8.6,3,3
CUST1089,High_Risk,0.9998959210847794,2.995455548975743e-12,0.00010407891222479986,0.9998959210847794,541800,0.58,95.0,30.0,5,1
CUST1090,Low_Risk,0.9999285983021475,0.9999285983021475,7.140169785241876e-05,6.981021998105118e-275,1656100,0.34,59.0,14.0,3,3
CUST1091,Medium_Risk,0.8625119697181635,0.0003400488947389151,0.8625119697181635,0.137147981387097,848700,0.53,92.0,14.5,2,3
CUST1092,Low_Risk,1.0,1.0,1.399704883335712e-17,0.0,2625700,0.17,17.7,2.1,0,0
CUST1093,High_Risk,0.9800804464594477,8.374800950358115e-08,0.019919469792542752,0.9800804464594477,477500,0.7,74.8,20.8,4,4
CUST1094,Low_Risk,1.0,1.0,3.651175953047387e-22,0.0,1436900,0.3,42.8,12.4,1,2
CUST1095,Medium_Risk,0.9824457096148089,0.017554290385188475,0.9824457096148089,2.483167322749221e-15,1052900,0.27,7.0,0.0,0,2
CUST1096,High_Risk,0.6478921994914724,0.0010719734626252354,0.35103582704590264,0.6478921994914724,711000,0.31,33.4,5.1,2,2
CUST1097,High_Risk,0.9996637851643855,3.552438110134196e-10,0.00033621448037087973,0.9996637851643855,358000,0.73,82.5,13.6,4,5
CUST1098,High_Risk,0.998803879208717,1.921169536367288e-08,0.001196101579587821,0.998803879208717,412900,0.53,83.1,17.5,4,3
CUST1099,High_Risk,0.9997595967287567,3.90315212858693e-11,0.00024040323221183335,0.9997595967287567,496400,0.58,76.6,23.2,6,4
CUST1100,Low_Risk,1.0,1.0,4.2461438856608196e-18,0.0,2838200,0.18,37.2,7.3,0,1
CUST1101,Low_Risk,0.9999999999705871,0.9999999999705871,2.9411813106880076e-11,0.0,1849400,0.15,40.2,4.0,2,1
CUST1102,High_Risk,0.999151150285186,5.196620809170937e-09,0.0008488445181932087,0.999151150285186,494000,0.54,66.2,19.9,5,3
CUST1103,High_Risk,0.9979615384599574,9.541027969029196e-09,0.00203845199901472,0.9979615384599574,686100,0.55,69.4,22.2,5,3
CUST1104,Medium_Risk,0.630608398749972,0.3693916012500287,0.630608398749972,9.570542659719573e-71,1680400,0.21,28.6,2.7,1,1
CUST1105,High_Risk,0.9997924539182226,2.1512681643642815e-10,0.00020754586665074597,0.9997924539182226,479500,0.65,69.8,19.3,5,5
CUST1106,High_Risk,0.9980315127645382,3.783690205910023e-08,0.0019684493985599643,0.9980315127645382,361600,0.58,72.9,13.3,2,3
CUST1107,Medium_Risk,0.9996322673316491,0.0003652703695238966,0.9996322673316491,2.462298827327292e-06,774500,0.42,45.0,15.5,2,3
CUST1108,High_Risk,0.8811336849034057,1.9694801757796463e-08,0.11886629540179275,0.8811336849034057,690900,0.6,72.5,16.5,5,6
CUST1109,Medium_Risk,0.9998714445499973,0.00012855545000276767,0.9998714445499973,2.646728029010599e-62,1241700,0.59,58.4,15.9,2,4
CUST1110,Low_Risk,0.9999995039030058,0.9999995039030058,4.960969949326913e-07,1.8439613364768565e-266,1344700,0.23,40.1,9.2,1,1
CUST1111,Medium_Risk,0.9994735767064836,0.0005180395910486668,0.9994735767064836,8.383702468372966e-06,671300,0.34,31.7,0.9,1,1
CUST1112,Low_Risk,0.9999999999999183,0.9999999999999183,8.119779299796519e-14,0.0,1547300,0.27,37.3,2.2,4,4
CUST1113,Medium_Risk,0.9949569931697432,0.005043006780704118,0.9949569931697432,4.9552486828939955e-11,867600,0.06,18.0,2.1,1,0
CUST1114,Medium_Risk,0.9737329530569604,0.026267046943040356,0.9737329530569604,9.291492568599172e-126,1002200,0.35,36.1,4.2,0,2
CUST1115,Medium_Risk,0.982533927801178,0.017466072198821937,0.982533927801178,3.3254717324196515e-24,1268900,0.35,23.1,10.3,0,1
CUST1116,Medium_Risk,0.5384473703224645,0.000680544213717398,0.5384473703224645,0.4608720854638175,1002200,0.57,58.7,6.6,0,3
CUST1117,Low_Risk,1.0,1.0,9.810031730711727e-18,0.0,3616800,0.28,15.1,0.0,0,2
CUST1118,High_Risk,0.7735568135493143,0.0001291712987119752,0.22631401515197394,0.7735568135493143,622900,0.44,33.9,0.0,2,3
CUST1119,Low_Risk,0.9905013782333725,0.9905013782333725,0.009498621766627777,2.003028187134e-63,2518300,0.1,31.8,2.9,1,1
CUST1120,High_Risk,0.9719386614182662,6.287188206593449e-08,0.028061275709851608,0.9719386614182662,805800,0.55,72.1,16.6,4,3
CUST1121,High_Risk,0.9902200068545146,2.4592330892087595e-06,0.009777533912395575,0.9902200068545146,695300,0.57,61.6,15.5,0,3
CUST1122,Medium_Risk,0.9999424661316247,5.7457346095463244e-05,0.9999424661316247,7.652228063775629e-08,1355700,0.56,67.4,14.9,2,4
CUST1123,High_Risk,0.9066168936410727,1.840050577350439e-05,0.09336470585315387,0.9066168936410727,994800,0.54,58.1,9.8,1,3
CUST1124,Medium_Risk,0.99301624490103,0.006983755098969347,0.99301624490103,3.6827738245393827e-65,1479000,0.29,26.3,11.5,3,3
CUST1125,High_Risk,0.9994037158019883,1.0458096364808975e-08,0.0005962737399157932,0.9994037158019883,475200,0.63,73.5,19.7,0,2
CUST1126,Medium_Risk,0.9826017659976479,2.7902457103194594e-08,0.9826017659976479,0.017398206099895168,760700,0.72,95.0,25.2,5,5
CUST1127,Medium_Risk,0.5326228144943731,9.151940307308147e-05,0.5326228144943731,0.4672856661025542,954900,0.36,36.4,6.2,3,3
CUST1128,Medium_Risk,0.9977604931192232,0.0022395068807772992,0.9977604931192232,7.972453189350531e-22,1376400,0.36,62.2,15.4,1,2
CUST1129,Low_Risk,0.9999999999999893,0.9999999999999893,1.0690926179502682e-14,0.0,3779600,0.1,37.0,0.0,1,1
CUST1130,High_Risk,0.6938361205441337,0.00022522982426332076,0.30593864963160255,0.6938361205441337,876300,0.45,68.7,6.0,2,2
CUST1131,High_Risk,0.9940237107986982,7.4190583924089065e-06,0.005968870142908989,0.9940237107986982,576700,0.37,58.2,18.9,2,2
CUST1132,High_Risk,0.8569064647955111,0.00029988323994352775,0.14279365196454444,0.8569064647955111,595400,0.43,43.2,5.1,0,2
CUST1133,Medium_Risk,0.9897497258859178,8.156360124706919e-07,0.9897497258859178,0.010249458478069604,783900,0.75,75.8,24.0,2,3
CUST1134,Low_Risk,1.0,1.0,3.6392668439557974e-20,0.0,2268300,0.11,14.8,0.0,0,2
CUST1135,Medium_Risk,0.8981898664430066,0.10181013355699414,0.8981898664430066,1.5095882150813718e-59,1660400,0.23,19.1,1.5,1,1
CUST1136,Medium_Risk,0.9989906379541096,0.001009362045890186,0.9989906379541096,6.537618273026581e-23,790600,0.34,13.9,2.0,2,4
CUST1137,High_Risk,0.9317346025760224,2.117351557604876e-05,0.06824422390840168,0.9317346025760224,821200,0.33,59.2,4.0,2,0
CUST1138,High_Risk,0.9522613475656901,1.2708250806070388e-05,0.04772594418350365,0.9522613475656901,747600,0.48,53.2,7.7,0,1
CUST1139,Medium_Risk,0.9998528093898751,0.00014710378393336087,0.9998528093898751,8.682619186082105e-08,883400,0.46,68.1,10.7,2,3
CUST1140,High_Risk,0.9940632627566328,5.733278077953099e-06,0.005931003965289018,0.9940632627566328,373800,0.46,29.3,3.2,1,3
CUST1141,High_Risk,0.5329387489451578,0.0004992537384729635,0.46656199731636927,0.5329387489451578,1042100,0.31,36.2,1.9,2,3
CUST1142,High_Risk,0.9969789050881043,1.5641301986737188e-09,0.003021093347765358,0.9969789050881043,735900,0.6,60.1,22.4,5,5
CUST1143,Low_Risk,1.0,1.0,1e-323,0.0,3434800,0.33,23.9,0.0,0,3
CUST1144,Low_Risk,0.9999999999999876,0.9999999999999876,1.1845996217224317e-14,0.0,2259400,0.23,36.2,4.4,1,1
CUST1145,High_Risk,0.9944458929539759,6.197680858594589e-06,0.0055479093651655065,0.9944458929539759,493200,0.41,51.3,4.3,2,3
CUST1146,High_Risk,0.9975571852112644,1.5745194210802845e-11,0.0024428147729906886,0.9975571852112644,679200,0.77,92.1,27.1,5,4
CUST1147,High_Risk,0.9547379105814712,7.831462253984987e-07,0.045261306272303806,0.9547379105814712,554900,0.48,60.9,12.9,5,3
CUST1148,Medium_Risk,0.9962554279347766,0.003744482158398583,0.9962554279347766,8.99068243800018e-08,1289700,0.05,16.8,0.0,0,0
CUST1149,Low_Risk,0.9972536546961102,0.9972536546961102,0.002746345303889978,1.2089620510410944e-169,1742300,0.05,14.2,0.0,0,1
CUST1150,Medium_Risk,0.9879160916928164,0.012083908307183477,0.9879160916928164,1.0765382472630599e-69,1202400,0.06,5.0,0.0,0,0
CUST1151,Medium_Risk,0.583924679074994,0.012147602771555742,0.583924679074994,0.4039277181534496,689300,0.25,5.0,0.0,0,1
CUST1152,Low_Risk,0.9999680756803335,0.9999680756803335,3.1924319665413844e-05,7.902339431312154e-246,1313500,0.3,19.0,0.0,0,2
CUST1153,High_Risk,0.9926818951908186,4.4733088002869446e-08,0.007318060076093212,0.9926818951908186,521900,0.58,95.0,21.1,3,1
CUST1154,High_Risk,0.9992307678055284,6.32426736490084e-09,0.0007692258702045744,0.9992307678055284,458200,0.66,46.1,4.4,2,4
CUST1155,Low_Risk,0.9999999765513226,0.9999999765513226,2.3448678016507018e-08,0.0,2419800,0.3,5.2,0.0,0,3
CUST1156,High_Risk,0.9965000079041921,6.534499221576488e-09,0.003499985561308671,0.9965000079041921,456300,0.49,50.9,20.1,5,2
CUST1157,Medium_Risk,0.9998481801961792,0.00014899328534729778,0.9998481801961792,2.8265184728016536e-06,1078400,0.5,42.1,0.8,2,5
CUST1158,Medium_Risk,0.9975676424785126,0.0024323575214865124,0.9975676424785126,1.1099318724165398e-26,1139100,0.39,37.8,2.5,0,0
CUST1159,Medium_Risk,0.7910135144149737,3.0375907189201042e-05,0.7910135144149737,0.20895610967783754,630400,0.42,61.2,14.4,4,2
CUST1160,Low_Risk,1.0,1.0,1.3894308585172179e-25,0.0,2060500,0.37,55.4,18.9,0,1
CUST1161,Medium_Risk,0.9468170095516455,0.00342318831098434,0.9468170095516455,0.04975980213737002,992500,0.34,30.6,1.5,1,4
CUST1162,Medium_Risk,0.9978353600276687,0.0020896683393785195,0.9978353600276687,7.497163295367307e-05,930000,0.14,5.0,0.0,0,2
CUST1163,High_Risk,0.894150344726781,0.0005234264283671622,0.10532622884485146,0.894150344726781,922000,0.2,39.1,10.1,3,1
CUST1164,Low_Risk,0.7793710681686313,0.7793710681686313,0.22062893183136956,1.4436819127405278e-208,2129800,0.16,6.8,0.0,4,3
CUST1165,Medium_Risk,0.994393416075259,0.005606583924741045,0.994393416075259,2.5052979350006428e-49,1286200,0.57,60.7,11.9,1,4
CUST1166,Medium_Risk,0.998041765688043,0.0019569860695668275,0.998041765688043,1.2482423892717062e-06,968700,0.35,46.4,5.1,2,1
CUST1167,High_Risk,0.8069044769696722,0.00010350549244817218,0.1929920175378801,0.8069044769696722,786400,0.37,47.8,10.6,2,1
CUST1168,High_Risk,0.9708994637786588,1.0939709391848594e-06,0.029099442250401623,0.9708994637786588,501900,0.48,77.3,16.2,3,3
CUST1169,High_Risk,0.9996407336948885,1.1797099960424409e-10,0.0003592661871407373,0.9996407336948885,507900,0.68,75.9,21.5,4,5
CUST1170,Medium_Risk,0.8767539944538487,0.01002952945126297,0.8767539944538487,0.11321647609488764,709800,0.19,19.8,0.0,0,2
CUST1171,High_Risk,0.9990370207458966,7.491047195968044e-08,0.00096290434363141,0.9990370207458966,219200,0.42,69.1,10.7,4,3
CUST1172,High_Risk,0.9873448922622252,1.5078411667637291e-05,0.012640029326107364,0.9873448922622252,752800,0.4,45.1,15.8,3,3
CUST1173,High_Risk,0.9948614561277758,3.235552647003585e-08,0.005138511516697888,0.9948614561277758,544500,0.65,79.2,17.0,3,4
CUST1174,Medium_Risk,0.9995093597933238,0.0004087323387301287,0.9995093597933238,8.190786794595441e-05,912300,0.3,54.2,10.1,4,2
CUST1175,Low_Risk,0.9998108502854568,0.9998108502854568,0.00018914971454397217,0.0,2638400,0.18,22.6,7.7,2,1
CUST1176,Medium_Risk,0.9980808529184656,0.0019191470334188074,0.9980808529184656,4.811491873477179e-11,605500,0.17,35.0,9.2,1,0
CUST1177,Medium_Risk,0.9880209922086178,0.001522455705783459,0.9880209922086178,0.010456552085598637,782600,0.33,55.5,9.6,1,1
CUST1178,Low_Risk,0.9988588049323357,0.9988588049323357,0.0011411950676635482,3.553016659307142e-75,1719700,0.23,42.9,1.9,1,2
CUST1179,Medium_Risk,0.9680362483460193,0.005727972999636578,0.9680362483460193,0.026235778654344684,1260100,0.14,17.2,0.0,0,0
CUST1180,Medium_Risk,0.9985583071013253,0.0014416928986741005,0.9985583071013253,2.362582260089303e-32,1213000,0.26,62.7,9.8,0,2
CUST1181,Low_Risk,0.981768144888674,0.981768144888674,0.018231855111325364,1.4472211031695213e-259,1314800,0.32,23.6,1.4,0,2
CUST1182,High_Risk,0.9997821777161353,1.0311899257988157e-12,0.00021782228283360517,0.9997821777161353,460400,0.77,95.0,23.6,5,4
CUST1183,High_Risk,0.9177602163399696,7.018175619248162e-05,0.0821696019038378,0.9177602163399696,686300,0.47,48.0,4.2,0,2
CUST1184,Medium_Risk,0.933132306755906,0.00015608729965411046,0.933132306755906,0.06671160594443962,866300,0.53,73.6,2.2,1,4
CUST1185,Medium_Risk,0.9997875956623398,0.00020893684013283118,0.9997875956623398,3.4674975272302137e-06,890700,0.48,36.0,0.0,0,4
CUST1186,High_Risk,0.8344972357553749,2.788399250729338e-06,0.16549997584537487,0.8344972357553749,783100,0.48,74.2,22.4,4,2
CUST1187,High_Risk,0.9946058654611593,2.511969365500273e-07,0.005393883341903986,0.9946058654611593,672100,0.47,55.8,5.6,2,3
CUST1188,High_Risk,0.9922723456284849,9.678283251377514e-06,0.0077179760882641855,0.9922723456284849,647100,0.32,47.5,12.7,2,2
CUST1189,Medium_Risk,0.9496791274826692,4.017820854210253e-06,0.9496791274826692,0.050316854696476634,876500,0.58,64.3,16.7,4,4
CUST1190,High_Risk,0.9756688523531709,6.558686388272284e-05,0.02426556078294621,0.9756688523531709,503900,0.39,37.9,5.6,1,2
CUST1191,Low_Risk,0.9999999984927257,0.9999999984927257,1.5072740831100553e-09,0.0,1073400,0.25,32.0,1.2,1,1
CUST1192,High_Risk,0.966225039624312,8.264208865372986e-06,0.03376669616682277,0.966225039624312,507500,0.37,56.5,15.4,3,1
CUST1193,Low_Risk,1.0,1.0,1.3586186782307024e-24,0.0,1327700,0.31,5.0,2.3,0,1
CUST1194,Low_Risk,0.670986268761217,0.670986268761217,0.3290137312387828,2.7326181151021557e-100,2000200,0.1,23.6,1.5,4,2
CUST1195,High_Risk,0.9990350604732204,1.1582570986667027e-09,0.0009649383685223392,0.9990350604732204,650400,0.59,65.0,19.0,4,3
CUST1196,High_Risk,0.9999488542576854,5.636400906612615e-12,5.1145736677757843e-05,0.9999488542576854,456600,0.6,83.5,30.0,6,3
CUST1197,High_Risk,0.9998786025397586,6.149393877957016e-11,0.00012139739874717489,0.9998786025397586,468600,0.83,68.6,18.3,2,4
CUST1198,High_Risk,0.8599547939563458,0.0015955933343690795,0.13844961270928574,0.8599547939563458,541200,0.16,13.8,9.9,2,1
CUST1199,Medium_Risk,0.9137705221522191,0.08622947784778161,0.9137705221522191,3.026912255110558e-54,1612500,0.18,20.1,0.0,1,0
CUST1200,Medium_Risk,0.930850747391568,0.06914925260843124,0.930850747391568,1.2887579544684857e-59,1570500,0.35,26.8,8.2,2,2
CUST1201,High_Risk,0.8004168186175159,2.0953273971076424e-05,0.1995622281085133,0.8004168186175159,857800,0.56,58.0,18.4,1,2
CUST1202,Medium_Risk,0.9302143349744828,0.00015743691514676108,0.9302143349744828,0.06962822811037038,802000,0.46,53.6,13.1,2,2
CUST1203,Low_Risk,0.9424472291942909,0.9424472291942909,0.05755277080570872,3.42345079516645e-174,2184700,0.29,11.4,0.0,0,2
CUST1204,Medium_Risk,0.9205214339388923,0.07947856606110758,0.9205214339388923,1.6856035020659555e-80,1271900,0.15,37.3,9.3,0,1
CUST1205,High_Risk,0.9974661252078423,3.0562617104691366e-07,0.0025335691659866657,0.9974661252078423,617200,0.46,56.6,8.5,2,4
CUST1206,Medium_Risk,0.9607479126964383,0.03925208730356112,0.9607479126964383,9.030396946637287e-93,1499600,0.29,28.4,5.1,0,2
CUST1207,High_Risk,0.989802645890477,1.2578556946222344e-08,0.010197341530965678,0.989802645890477,632500,0.41,62.9,14.7,6,3
CUST1208,Medium_Risk,0.9253725348640182,2.0899071437977524e-06,0.9253725348640182,0.07462537522883832,926400,0.59,84.0,26.1,4,4
CUST1209,Medium_Risk,0.9940856969015373,0.00591430309844829,0.9940856969015373,1.5138403827466066e-14,896900,0.38,37.7,6.0,0,2
CUST1210,High_Risk,0.9998022600108363,1.160221952344039e-11,0.00019773997756113303,0.9998022600108363,574400,0.59,90.6,25.0,7,5
CUST1211,Medium_Risk,0.9940808846564447,0.00591911534355546,0.9940808846564447,1.718207864234646e-76,1869800,0.24,32.8,0.0,0,0
CUST1212,Low_Risk,0.9999999999999964,0.9999999999999964,4.3151503191925905e-15,0.0,1512900,0.24,27.1,0.0,0,2
CUST1213,Low_Risk,1.0,1.0,3.508961080203983e-86,0.0,3347900,0.21,16.5,5.7,2,2
CUST1214,High_Risk,0.7582220596324989,0.0007172681064866082,0.24106067226101457,0.7582220596324989,651200,0.35,40.9,13.6,2,3
CUST1215,High_Risk,0.7501345639031591,8.364951103877754e-05,0.24978178658580233,0.7501345639031591,881600,0.34,54.8,15.1,3,2
CUST1216,High_Risk,0.9906763923591846,2.7278714278248237e-06,0.009320879769387601,0.9906763923591846,625100,0.35,21.2,0.0,3,4
CUST1217,High_Risk,0.9671411848017761,5.678917206215687e-06,0.03285313628101777,0.9671411848017761,971900,0.52,68.5,16.0,2,3
CUST1218,Medium_Risk,0.9999810687387166,1.893126128314617e-05,0.9999810687387166,4.742944603243119e-19,811700,0.5,67.7,16.5,3,3
CUST1219,Low_Risk,0.9986734168934801,0.9986734168934801,0.0013265831065203467,1.0887402553480451e-169,1892100,0.2,31.3,6.0,0,0
CUST1220,Medium_Risk,0.9998450699171816,0.0001549300828179802,0.9998450699171816,2.0166623984145429e-47,926800,0.43,58.6,4.4,3,4
CUST1221,High_Risk,0.913653655833762,8.396909555219323e-05,0.08626237507068583,0.913653655833762,869100,0.33,54.1,6.6,2,0
CUST1222,Medium_Risk,0.6449810838490074,0.3550189161509929,0.6449810838490074,4.417442424701953e-30,2086900,0.17,7.1,0.0,0,1
CUST1223,High_Risk,0.987069214501994,2.475515344113833e-07,0.01293053794647177,0.987069214501994,728200,0.56,60.2,15.5,3,4
CUST1224,Low_Risk,0.9995408298554707,0.9995408298554707,0.0004591701445277935,3.9255141788253366e-237,1356200,0.05,6.9,1.1,2,0
CUST1225,Medium_Risk,0.9999613195326423,3.053956866516404e-05,0.9999613195326423,8.140898692209927e-06,922400,0.4,71.1,14.7,4,2
CUST1226,High_Risk,0.9901812509181952,8.180137395479307e-08,0.009818667280430718,0.9901812509181952,630400,0.57,74.9,20.1,3,4
CUST1227,Low_Risk,1.0,1.0,3.0811186443868045e-55,0.0,2022300,0.15,13.5,0.3,0,2
CUST1228,High_Risk,0.9966754471915255,5.161310832165687e-07,0.0033240366773914787,0.9966754471915255,473700,0.46,65.9,7.2,3,4
CUST1229,Low_Risk,1.0,1.0,5.079079979209089e-53,0.0,5000000,0.22,38.8,3.4,0,2
CUST1230,High_Risk,0.9957982893400954,1.3640651843879188e-06,0.0042003465947199805,0.9957982893400954,607300,0.49,67.0,3.8,1,2
CUST1231,Medium_Risk,0.9980067731430133,0.0019932268569871586,0.9980067731430133,3.6783333576116126e-133,1224100,0.5,68.0,14.9,2,1
CUST1232,High_Risk,0.9974776658043432,1.8827990918140211e-07,0.0025221459157476356,0.9974776658043432,576600,0.42,49.5,5.0,2,0
CUST1233,Medium_Risk,0.9999286946783176,6.198510496634166e-05,0.9999286946783176,9.320216715783979e-06,822800,0.6,61.3,9.5,2,4
CUST1234,Low_Risk,1.0,1.0,8.694910336078597e-79,0.0,3905400,0.34,43.1,9.1,1,2
CUST1235,High_Risk,0.9993817525572224,2.3060417937171627e-11,0.0006182474197172761,0.9993817525572224,512000,0.59,62.7,17.0,6,4
CUST1236,Medium_Risk,0.8952019767463815,0.10479802325361813,0.8952019767463815,1.0887298753386996e-98,1825900,0.18,40.7,2.6,1,2
CUST1237,High_Risk,0.9943686374237678,1.2670914468109458e-09,0.0056313613091408645,0.9943686374237678,680600,0.47,69.2,22.1,6,2
CUST1238,Medium_Risk,0.8789631607307778,0.12103683926922133,0.8789631607307778,3.2029602688708815e-100,1283400,0.3,33.1,6.2,0,1
CUST1239,High_Risk,0.8995264713904482,6.157777377584378e-07,0.10047291283181377,0.8995264713904482,971000,0.5,74.7,21.7,4,3
CUST1240,High_Risk,0.6574427986441609,5.387660260214208e-06,0.3425518136955789,0.6574427986441609,860600,0.66,61.5,11.4,2,4
CUST1241,Medium_Risk,0.6906493002835058,0.0013930657770638856,0.6906493002835058,0.3079576339394302,600000,0.42,47.3,11.6,0,1
CUST1242,Medium_Risk,0.9999676081397821,1.3295422040278504e-08,0.9999676081397821,3.237856479582847e-05,956800,0.67,80.6,26.4,6,5
CUST1243,Medium_Risk,0.9999601160091582,3.988191451844184e-05,0.9999601160091582,2.076323641676748e-09,641500,0.59,71.6,15.6,2,4
CUST1244,Medium_Risk,0.9846045307092995,0.015395469290700951,0.9846045307092995,1.4418236855090995e-56,1646200,0.3,53.6,11.1,4,3
CUST1245,Medium_Risk,0.9920708110589993,0.000521782907875108,0.9920708110589993,0.0074074060331248085,975600,0.5,34.1,12.6,1,3
CUST1246,High_Risk,0.999904672137267,5.632755357450046e-13,9.532786216997353e-05,0.999904672137267,473200,0.65,85.9,26.6,6,3
CUST1247,High_Risk,0.9965744793891539,1.2945956003584965e-07,0.003425391151286096,0.9965744793891539,574900,0.44,62.9,11.9,4,3
CUST1248,High_Risk,0.9927427959208196,1.7612305726068133e-05,0.007239591773454707,0.9927427959208196,573100,0.32,43.5,2.3,1,3
CUST1249,High_Risk,0.9846989439008071,4.424990426279825e-07,0.015300613600150123,0.9846989439008071,793900,0.62,67.9,11.8,2,3
CUST1250,Low_Risk,1.0,1.0,1.2307449520219786e-46,0.0,2240600,0.46,65.1,9.9,2,2
CUST1251,Medium_Risk,0.9998942879828462,0.00010571201715306989,0.9998942879828462,9.373446233849267e-19,686900,0.56,51.0,14.6,3,3
CUST1252,Low_Risk,0.9578786263787062,0.9578786263787062,0.04212137362129296,0.0,1222900,0.43,21.0,0.0,0,2
CUST1253,High_Risk,0.9985357131152526,3.21610682931753e-08,0.0014642547236791475,0.9985357131152526,388300,0.41,53.5,12.4,4,2
CUST1254,Low_Risk,0.9999314620795766,0.9999314620795766,6.853792042383268e-05,0.0,1366100,0.29,20.9,2.7,1,2
CUST1255,Medium_Risk,0.8173300344765371,0.18266996552346362,0.8173300344765371,1.2024358557992932e-80,1264900,0.25,34.1,1.6,3,2
CUST1256,High_Risk,0.9996865184030088,8.853491634296975e-11,0.0003134815084563374,0.9996865184030088,381200,0.66,61.2,16.1,4,3
CUST1257,High_Risk,0.9185591692445897,2.901102522176648e-05,0.08141181973018895,0.9185591692445897,843700,0.49,61.7,6.2,0,2
CUST1258,Medium_Risk,0.9969497378153691,0.003050262184630524,0.9969497378153691,5.8876737296117446e-95,1545900,0.44,71.6,10.5,2,1
CUST1259,Low_Risk,1.0,1.0,1.2810554213856588e-57,0.0,3202300,0.37,33.9,8.9,0,1
CUST1260,Medium_Risk,0.9756300304956241,0.024369969504375272,0.9756300304956241,1.8279386447827843e-47,1083400,0.34,6.5,1.5,0,1
CUST1261,Low_Risk,0.5882094589788577,0.5882094589788577,0.4117905410211423,8.320393281380076e-165,1889600,0.16,31.5,8.5,3,1
CUST1262,Low_Risk,0.9999999999999982,0.9999999999999982,1.1672605519805066e-15,0.0,1256000,0.32,36.8,8.4,1,1
CUST1263,High_Risk,0.9997721256594708,2.578670068320462e-10,0.00022787408266254603,0.9997721256594708,477400,0.81,85.9,20.6,2,5
CUST1264,Low_Risk,1.0,1.0,2.2499557874592397e-67,0.0,2626200,0.25,38.8,2.8,1,2
CUST1265,Medium_Risk,0.997739369353734,0.00226063064330174,0.997739369353734,2.9643273010534797e-12,1084600,0.29,36.6,2.9,0,1
CUST1266,Medium_Risk,0.5753937950559466,0.4246062049440536,0.5753937950559466,4.851608589762903e-111,1255700,0.06,30.9,4.3,2,0
CUST1267,High_Risk,0.6988308881364892,2.415806747818422e-06,0.3011666960567624,0.6988308881364892,959700,0.48,56.2,16.0,5,2
CUST1268,Medium_Risk,0.9968056253876445,0.003194374557045878,0.9968056253876445,5.53091695026316e-11,1131900,0.42,71.6,20.6,2,2
CUST1269,Low_Risk,1.0,1.0,2.266802973679618e-22,0.0,1941100,0.15,33.7,3.5,0,1
CUST1270,Medium_Risk,0.9954649863151216,2.69228141729202e-05,0.9954649863151216,0.004508090870705679,739700,0.56,43.3,5.0,0,1
CUST1271,High_Risk,0.9998950636105717,3.953881007485857e-14,0.00010493638938882965,0.9998950636105717,488500,0.86,95.0,22.4,6,6
CUST1272,Medium_Risk,0.5805871642856075,0.4194128357143932,0.5805871642856075,1.0916657017720825e-119,1589000,0.15,29.1,3.2,2,1
CUST1273,Low_Risk,0.9723100696215866,0.9723100696215866,0.027689930378412757,3.3984551574235294e-172,1673000,0.29,34.4,7.7,1,1
CUST1274,Medium_Risk,0.97776791847825,0.002090918740566681,0.97776791847825,0.020141162781183854,1031700,0.35,65.6,9.9,2,1
CUST1275,Low_Risk,0.77828220333901,0.77828220333901,0.22171779666099026,1.1497840045711922e-105,2265300,0.05,11.7,0.0,0,0
CUST1276,Medium_Risk,0.9999798129488215,1.8176925851998988e-06,0.9999798129488215,1.8369358594925523e-05,1346600,0.67,90.7,28.5,7,5
CUST1277,Medium_Risk,0.9996015061658515,0.0003593513212231375,0.9996015061658515,3.91425129246438e-05,1007400,0.32,40.1,0.0,2,3
CUST1278,Medium_Risk,0.9999966267268847,3.3730282400190435e-06,0.9999966267268847,2.4487484644385263e-10,763800,0.59,71.0,21.0,5,5
CUST1279,Medium_Risk,0.9824831017946072,0.017516898205393056,0.9824831017946072,3.672807727462806e-26,1377100,0.18,33.2,5.7,1,1
CUST1280,High_Risk,0.9686205325388322,1.3384599876597864e-05,0.031366082861291666,0.9686205325388322,823300,0.44,44.4,2.6,0,1
CUST1281,Medium_Risk,0.9374153430720327,6.511714403171319e-05,0.9374153430720327,0.06251953978393536,679800,0.53,58.1,4.2,1,3
CUST1282,High_Risk,0.9878067439644225,5.289958752097224e-06,0.012187966076825582,0.9878067439644225,630600,0.49,36.6,2.3,2,4
CUST1283,Low_Risk,1.0,1.0,5.425151370255523e-16,0.0,1871600,0.37,41.6,10.6,2,3
CUST1284,Medium_Risk,0.9969785453435577,0.003021454656347853,0.9969785453435577,9.518604127695812e-14,957100,0.3,5.0,0.0,0,4
CUST1285,Medium_Risk,0.8941601304076281,0.10583986959237147,0.8941601304076281,4.976109463260229e-134,964900,0.16,15.7,0.0,0,0
CUST1286,Medium_Risk,0.9997115699284285,0.0002884300715720687,0.9997115699284285,4.893276298717963e-38,812600,0.61,64.5,5.7,2,4
CUST1287,Medium_Risk,0.9981164147167294,0.0018835852832703476,0.9981164147167294,8.41538659929893e-22,1342800,0.36,54.5,4.7,0,3
CUST1288,High_Risk,0.9972904062151806,6.19218479429353e-07,0.0027089745663398815,0.9972904062151806,499500,0.36,53.8,19.2,3,0
CUST1289,High_Risk,0.9999442561206728,4.066886886355152e-12,5.574387526030411e-05,0.9999442561206728,325700,0.81,75.6,19.1,5,5
CUST1290,Low_Risk,0.9998010031384189,0.9998010031384189,0.00019899686158099918,0.0,1723000,0.19,33.8,0.9,1,2
CUST1291,High_Risk,0.9983015822749731,1.7096309757585476e-08,0.0016984006287171264,0.9983015822749731,373600,0.54,69.3,13.3,3,3
CUST1292,Medium_Risk,0.9956476462282644,0.004342628573751983,0.9956476462282644,9.72519798419285e-06,979500,0.39,41.0,1.7,2,1
CUST1293,Low_Risk,0.9775288182381544,0.9775288182381544,0.022471181761846357,1.0197047471686967e-39,1915400,0.32,36.6,12.1,2,2
CUST1294,Medium_Risk,0.9971172365684496,0.002159815773082152,0.9971172365684496,0.0007229476584682485,725200,0.2,31.6,1.6,0,1
CUST1295,High_Risk,0.981050962895081,1.7479141067009377e-07,0.01894886231350864,0.981050962895081,518000,0.43,41.0,8.6,5,4
CUST1296,High_Risk,0.9836142663937427,2.1941695509283132e-07,0.01638551418930198,0.9836142663937427,810300,0.5,69.9,10.8,2,2
CUST1297,Low_Risk,1.0,1.0,1.3843973439238434e-30,0.0,1826200,0.11,57.2,10.0,4,2
CUST1298,Medium_Risk,0.9962494297671564,0.003750570232842942,0.9962494297671564,1.4011595197175463e-99,1589200,0.39,57.0,3.7,2,3
CUST1299,Medium_Risk,0.9964281533434236,0.00357184665657663,0.9964281533434236,7.255821655052832e-61,1157800,0.25,22.4,0.0,0,3
CUST1300,Medium_Risk,0.9808315524114192,0.019168447588581057,0.9808315524114192,4.612697047186126e-67,1506700,0.23,21.6,0.0,0,2
CUST1301,High_Risk,0.6166233950001738,9.961526107897167e-05,0.38327698973874813,0.6166233950001738,437500,0.36,45.1,11.6,3,2
CUST1302,Medium_Risk,0.9940748277397441,0.005925172260256494,0.9940748277397441,1.2953200719440197e-56,1686100,0.16,21.3,3.4,4,2
CUST1303,High_Risk,0.9968625467236595,2.8698761900094513e-08,0.003137424577578591,0.9968625467236595,625600,0.54,71.2,15.4,3,2
CUST1304,Low_Risk,0.9999972769897864,0.9999972769897864,2.7230102153136617e-06,1.2392468746584077e-285,1602300,0.18,25.4,13.0,4,4
CUST1305,Low_Risk,1.0,1.0,2.1448345024068116e-24,0.0,2281500,0.11,28.6,1.9,1,1
CUST1306,High_Risk,0.9999610734056874,2.623003527747617e-12,3.892659168997929e-05,0.9999610734056874,240200,0.61,95.0,20.2,6,3
CUST1307,Medium_Risk,0.8734290164440486,0.12657098355595117,0.8734290164440486,5.961506748115771e-27,1720300,0.21,13.6,0.0,0,3
CUST1308,High_Risk,0.9994010976793006,1.0067255373714774e-10,0.0005989022200268828,0.9994010976793006,381700,0.74,75.6,15.3,4,4
CUST1309,High_Risk,0.982931073174115,6.239329419390541e-09,0.017068920586555892,0.982931073174115,706100,0.56,88.4,22.5,5,3
CUST1310,Medium_Risk,0.9999965450312657,3.4549687341527415e-06,0.9999965450312657,2.942333777869415e-16,762100,0.64,76.7,16.2,3,3
CUST1311,Medium_Risk,0.9999960419861217,2.3502525126627484e-08,0.9999960419861217,3.93451135258706e-06,1051000,0.68,65.6,24.0,6,6
CUST1312,Medium_Risk,0.9807351281776238,0.01926487182237669,0.9807351281776238,4.850193280599623e-106,1645400,0.21,38.8,10.2,4,3
CUST1313,High_Risk,0.9996113211265837,1.2148516575019264e-10,0.00038867875193152225,0.9996113211265837,639900,0.73,52.6,9.4,3,5
CUST1314,Medium_Risk,0.9686571373132208,0.03134286268677906,0.9686571373132208,3.178316825371608e-205,1374300,0.42,67.2,8.5,1,2
CUST1315,Medium_Risk,0.999882746928231,0.00011725307176981833,0.999882746928231,2.0018984709398275e-25,1158100,0.32,43.5,13.9,5,3
CUST1316,High_Risk,0.997903699406893,4.3933114712115836e-08,0.0020962566599921294,0.997903699406893,314800,0.59,57.8,13.5,3,3
CUST1317,Medium_Risk,0.9116339877052726,0.0001908403277829126,0.9116339877052726,0.08817517196694444,486000,0.46,48.4,0.4,1,3
CUST1318,High_Risk,0.9869982699649312,6.145601023038415e-07,0.013001115474966633,0.9869982699649312,848600,0.66,62.5,13.3,2,5
CUST1319,Medium_Risk,0.9881524257728219,7.106534992873491e-05,0.9881524257728219,0.011776508877249124,1049400,0.47,57.5,12.4,3,2
CUST1320,Medium_Risk,0.9993361209543264,0.0006638790282171435,0.9993361209543264,1.745684079583604e-11,732600,0.49,47.7,9.7,1,3
CUST1321,High_Risk,0.9999216075774268,8.810739548859413e-11,7.839233446561722e-05,0.9999216075774268,407200,0.52,82.7,27.9,5,3
CUST1322,Low_Risk,1.0,1.0,2.3841960943154876e-18,0.0,1628900,0.32,43.5,6.0,0,2
CUST1323,Medium_Risk,0.9768255359642691,0.0018990687110840055,0.9768255359642691,0.02127539532464721,697700,0.48,57.5,6.9,2,3
CUST1324,Medium_Risk,0.9862650670739667,0.01373485346588399,0.9862650670739667,7.946014887709915e-08,1365600,0.28,14.9,0.6,0,2
CUST1325,Medium_Risk,0.9994054257110477,0.0005945742889514966,0.9994054257110477,6.782016579488981e-67,694600,0.41,18.5,1.0,0,3
CUST1326,Medium_Risk,0.990324026152313,0.009675973847686366,0.990324026152313,7.358184846981112e-67,1625900,0.32,33.7,3.5,0,4
CUST1327,High_Risk,0.9998422485801117,2.352953947268921e-10,0.00015775118459304636,0.9998422485801117,320500,0.76,61.5,11.7,2,4
CUST1328,Low_Risk,0.9556441751403179,0.9556441751403179,0.044355824859681536,4.312829316802414e-151,1729900,0.33,20.2,8.8,2,3
CUST1329,Low_Risk,0.9999999999999982,0.9999999999999982,1.0932567198629965e-15,0.0,2000400,0.2,46.6,4.1,0,0
CUST1330,Low_Risk,0.9997537994310012,0.9997537994310012,0.00024620056899803767,0.0,1057700,0.35,10.6,0.0,1,2
CUST1331,Medium_Risk,0.6386444626427755,0.0008207345794162074,0.6386444626427755,0.3605348027778075,654600,0.37,18.2,0.0,0,3
CUST1332,Low_Risk,0.9999866902356137,0.9999866902356137,1.3309764386372741e-05,0.0,2339200,0.28,31.2,13.6,1,3
CUST1333,High_Risk,0.9963940926566445,3.5944252971115506e-07,0.0036055479008256673,0.9963940926566445,478700,0.57,52.6,10.8,3,4
CUST1334,Medium_Risk,0.7756018532752592,0.22439814672473993,0.7756018532752592,4.545639421577616e-140,1232200,0.42,33.1,2.9,0,4
CUST1335,Medium_Risk,0.9576166419574341,0.04238335799569038,0.9576166419574341,4.68761618913727e-11,1581000,0.31,42.9,5.1,0,1
CUST1336,High_Risk,0.6767192525282548,0.0004158317262014547,0.32286491574554366,0.6767192525282548,797400,0.44,26.6,6.2,1,1
CUST1337,Low_Risk,0.9981982009983604,0.9981982009983604,0.0018017990016406574,5.6464898944206e-206,1499400,0.18,18.7,8.8,0,1
CUST1338,High_Risk,0.9963219771159354,2.177895018078354e-06,0.0036758449890460093,0.9963219771159354,529400,0.42,51.9,14.1,2,1
CUST1339,Medium_Risk,0.9996279517601973,0.00022918803118056054,0.9996279517601973,0.0001428602086223352,1182300,0.5,62.2,9.9,3,3
CUST1340,Low_Risk,0.9999999999997193,0.9999999999997193,2.816422137982284e-13,0.0,2450500,0.05,28.4,4.8,3,0
CUST1341,Low_Risk,0.9901978058136408,0.9901978058136408,0.009802194186359064,5.262320080781208e-236,2290100,0.36,82.5,7.7,1,1
CUST1342,High_Risk,0.7783549097625382,1.2553645763879622e-05,0.2216325365916977,0.7783549097625382,1026500,0.62,68.2,13.5,3,4
CUST1343,Low_Risk,0.9999999982024015,0.9999999982024015,1.7975993297371627e-09,0.0,1494600,0.26,46.9,2.0,1,1
CUST1344,Medium_Risk,0.9999885722222559,1.1427777744658898e-05,0.9999885722222559,1.9904002163834638e-30,1060000,0.57,74.1,21.5,4,2
CUST1345,Medium_Risk,0.9264540723056837,0.0024750680322217105,0.9264540723056837,0.07107085966209548,755000,0.23,17.2,3.4,2,3
CUST1346,High_Risk,0.9947642864709354,1.3870860581572505e-07,0.005235574820458897,0.9947642864709354,652900,0.64,42.6,5.2,1,3
CUST1347,Medium_Risk,0.9922880694458422,0.00771193055415856,0.9922880694458422,8.705758955250468e-47,1278200,0.14,24.1,4.8,1,2
CUST1348,Low_Risk,1.0,1.0,1.033323062194182e-149,0.0,2550600,0.3,14.6,0.2,1,2
CUST1349,Low_Risk,0.9999891129117648,0.9999891129117648,1.0887088234348777e-05,0.0,1740300,0.07,18.8,7.8,0,0
CUST1350,Medium_Risk,0.9936162183572718,0.006383781642729005,0.9936162183572718,1.0059397865433536e-58,1534100,0.41,43.5,11.0,3,3
CUST1351,Low_Risk,0.786286238124388,0.786286238124388,0.213713761875612,1.367624564078772e-268,1680000,0.09,20.1,0.0,0,0
CUST1352,High_Risk,0.6561923981994998,0.0006323299861463211,0.34317527181435353,0.6561923981994998,1118500,0.2,36.6,7.7,3,3
CUST1353,High_Risk,0.9990288520454571,9.425815501602104e-10,0.0009711470119610509,0.9990288520454571,520100,0.66,71.9,16.8,3,2
CUST1354,Low_Risk,1.0,1.0,1.1612287205985278e-29,0.0,2264900,0.23,37.0,8.9,3,1
CUST1355,High_Risk,0.9988288413004522,6.647633321418996e-09,0.001171152051914609,0.9988288413004522,508000,0.55,78.6,10.1,3,2
CUST1356,Medium_Risk,0.9227045377128802,0.07729546228711975,0.9227045377128802,7.80845476069089e-89,1155200,0.52,80.2,13.9,2,1
CUST1357,Medium_Risk,0.9998581379656826,0.00013766767558818835,0.9998581379656826,4.194358728652208e-06,629700,0.49,73.1,8.9,2,3
CUST1358,Low_Risk,0.988790448166647,0.988790448166647,0.011209551833353043,3.256078631731952e-286,1454200,0.39,76.0,25.1,2,2
CUST1359,Medium_Risk,0.8438056549796623,0.15619434501617116,0.8438056549796623,4.166525924961881e-12,1217900,0.24,43.6,14.5,2,2
CUST1360,Medium_Risk,0.5661016973363772,6.801072390501906e-06,0.5661016973363772,0.43389150159123296,666200,0.59,73.4,13.1,2,3
CUST1361,Medium_Risk,0.999967611549362,3.2388450638240356e-05,0.999967611549362,1.5626868031737407e-24,1091100,0.34,57.8,16.2,6,3
CUST1362,Medium_Risk,0.999987214571029,1.2084298407941188e-05,0.999987214571029,7.011305638356513e-07,697100,0.53,45.3,3.9,3,4
CUST1363,High_Risk,0.992162084773495,3.3129705005896544e-06,0.007834602256004315,0.992162084773495,785900,0.38,71.1,5.8,4,2
CUST1364,High_Risk,0.9995036981722629,5.22086231417194e-09,0.0004962966068749081,0.9995036981722629,391200,0.55,70.4,19.7,3,2
CUST1365,Medium_Risk,0.9973257932861954,0.00061733527873458,0.9973257932861954,0.002056871435069699,941200,0.33,57.2,3.2,0,2
CUST1366,Low_Risk,0.9908925621894491,0.9908925621894491,0.009107437810550926,6.12234156400191e-188,1995700,0.11,38.5,4.8,3,1
CUST1367,High_Risk,0.6852875062722803,4.994193204748091e-06,0.3147074995345158,0.6852875062722803,870300,0.53,62.7,6.4,3,5
CUST1368,Low_Risk,0.9999996008210041,0.9999996008210041,3.9917899484074765e-07,0.0,2240900,0.06,49.7,1.6,0,0
CUST1369,Medium_Risk,0.9990813696482418,0.0004632763246988311,0.9990813696482418,0.00045535402705970977,1342400,0.4,49.4,11.2,3,3
CUST1370,High_Risk,0.9893725439428241,2.8001878470926137e-10,0.010627455777157398,0.9893725439428241,486000,0.89,88.5,17.8,4,5
CUST1371,High_Risk,0.983659441114751,2.8012863575070114e-07,0.01634027875661311,0.983659441114751,312200,0.57,77.3,14.0,3,2
CUST1372,Low_Risk,1.0,1.0,7.708707975937626e-46,0.0,1368800,0.11,25.7,0.0,0,2
CUST1373,High_Risk,0.9999113371369813,3.384755360050571e-11,8.866282917113107e-05,0.9999113371369813,319800,0.45,69.5,19.1,6,3
CUST1374,High_Risk,0.9969775775343617,1.3690041139442324e-06,0.0030210534615241623,0.9969775775343617,533500,0.39,45.7,0.0,1,3
CUST1375,High_Risk,0.9986525542346537,6.776395595603232e-10,0.0013474450877070186,0.9986525542346537,716200,0.39,82.1,22.5,6,1
CUST1376,High_Risk,0.9868911034333931,8.935079490594446e-05,0.013019545771701124,0.9868911034333931,473800,0.26,49.0,6.9,2,1
CUST1377,Medium_Risk,0.9634605472750561,0.03653945272494391,0.9634605472750561,3.152819684121378e-35,1144700,0.26,35.2,1.9,2,2
CUST1378,Medium_Risk,0.9995755752730592,0.00042437305457114483,0.9995755752730592,5.1672370491066385e-08,894600,0.32,43.4,11.9,3,2
CUST1379,Low_Risk,0.9999986403701767,0.9999986403701767,1.35962982285202e-06,1.5685970264157308e-246,1881500,0.4,68.7,9.2,3,3
CUST1380,High_Risk,0.5739498018834124,1.1149173468354128e-09,0.4260501970016703,0.5739498018834124,866600,0.63,84.8,27.2,7,4
CUST1381,High_Risk,0.9966007200536454,1.6500449563675084e-06,0.0033976299013984686,0.9966007200536454,278500,0.5,63.4,10.0,2,3
CUST1382,Medium_Risk,0.9998164451942128,0.0001756580042831395,0.9998164451942128,7.896801503442472e-06,821600,0.5,57.1,2.3,0,2
CUST1383,Low_Risk,0.9971155326152554,0.9971155326152554,0.002884467384743876,7.379866350575153e-161,1474000,0.05,24.1,0.0,2,0
CUST1384,Medium_Risk,0.9974794926925747,0.002510416814807497,0.9974794926925747,1.009049261856621e-05,922700,0.39,53.4,12.1,4,1
CUST1385,High_Risk,0.9229373196572458,4.2221613988766934e-05,0.07702045872876603,0.9229373196572458,747400,0.41,61.4,0.0,0,2
CUST1386,Medium_Risk,0.9697633230409007,0.03023667695909996,0.9697633230409007,5.178610266880104e-38,1140300,0.22,39.4,8.2,3,1
CUST1387,High_Risk,0.9632906920661113,1.3857912529638168e-05,0.03669545002135882,0.9632906920661113,654900,0.44,34.1,0.0,0,4
CUST1388,Medium_Risk,0.9932458324154917,0.006754104107067328,0.9932458324154917,6.347744087621846e-08,1195200,0.22,20.2,3.6,1,0
CUST1389,High_Risk,0.999503796386753,4.88456007213649e-10,0.0004962031247911085,0.999503796386753,663900,0.73,80.8,20.4,4,6
CUST1390,Medium_Risk,0.9966015302122667,0.003398469787732838,0.9966015302122667,1.2389370524764654e-29,1597500,0.34,24.5,0.0,0,3
CUST1391,Medium_Risk,0.9086217956177867,0.0018175299127441763,0.9086217956177867,0.0895606744694693,916800,0.42,55.4,9.1,1,2
CUST1392,Medium_Risk,0.9847514606003377,0.015248539399662654,0.9847514606003377,4.291720067087177e-28,2000700,0.14,5.0,0.0,0,0
CUST1393,Medium_Risk,0.9996424640029512,0.00035753599704915014,0.9996424640029512,1.682112653102141e-145,1140400,0.58,50.3,11.6,2,3
CUST1394,High_Risk,0.7561649829389215,0.00041124325788895107,0.2434237738031896,0.7561649829389215,878500,0.43,50.7,9.2,0,1
CUST1395,High_Risk,0.8392874555115253,3.646292559059953e-05,0.16067608156288452,0.8392874555115253,895000,0.47,70.7,17.4,2,2
CUST1396,High_Risk,0.9640221655556759,2.2863926886901912e-06,0.03597554805163517,0.9640221655556759,795700,0.57,70.4,11.1,3,3
CUST1397,High_Risk,0.9997084541720578,3.1173004114065426e-12,0.0002915458248252095,0.9997084541720578,390400,0.81,91.0,16.8,4,4
CUST1398,High_Risk,0.990435928224612,1.0384334854088921e-05,0.009553687440534343,0.990435928224612,711000,0.3,54.9,14.2,3,2
CUST1399,Low_Risk,0.9998520306397836,0.9998520306397836,0.00014796936021661464,0.0,2317700,0.26,30.5,3.7,1,2
CUST1400,Low_Risk,0.9999999960105939,0.9999999960105939,3.989406927203072e-09,4.1e-322,2384000,0.42,44.2,11.8,2,3
CUST1401,High_Risk,0.9997630630324817,4.783557357455042e-11,0.00023693691968270552,0.9997630630324817,645700,0.89,73.2,14.9,2,6
CUST1402,High_Risk,0.8042664331809949,2.8713733155078142e-05,0.19570485308584948,0.8042664331809949,988400,0.54,70.5,19.4,3,4
CUST1403,Low_Risk,0.9999999999903331,0.9999999999903331,9.66654992458854e-12,0.0,2483900,0.2,9.9,0.0,0,0
CUST1404,Medium_Risk,0.9999303259229397,6.967407705976505e-05,0.9999303259229397,7.365160521669303e-82,883500,0.61,84.8,11.7,1,2
CUST1405,High_Risk,0.9999696576572796,5.995653101738889e-13,3.0342342120542357e-05,0.9999696576572796,468500,0.57,85.8,26.5,7,3
CUST1406,High_Risk,0.9681313706776585,3.0493839007094695e-08,0.031868598828502404,0.9681313706776585,862900,0.53,74.5,16.3,5,2
CUST1407,Medium_Risk,0.5097002824101619,1.2286217273745422e-06,0.5097002824101619,0.4902984889681112,862300,0.67,62.0,7.9,2,4
CUST1408,High_Risk,0.9951030342049649,1.1108747580448356e-05,0.004885857047454399,0.9951030342049649,537700,0.38,49.5,11.2,2,4
CUST1409,Medium_Risk,0.7174721667141539,0.28252783328584646,0.7174721667141539,4.6988608214224633e-125,2121600,0.34,45.4,7.2,0,2
CUST1410,Medium_Risk,0.992357664046255,0.007642335937366034,0.992357664046255,1.637953791050966e-11,1428000,0.41,22.2,6.8,0,3
CUST1411,Medium_Risk,0.6279967006216997,0.3720032993783012,0.6279967006216997,2.0741777443249586e-52,1962200,0.16,17.8,0.0,0,1
CUST1412,Medium_Risk,0.9999277047982459,2.4629576863024496e-06,0.9999277047982459,6.983224406755834e-05,921800,0.48,68.2,17.6,6,5
CUST1413,Low_Risk,0.5424053466746758,0.5424053466746758,0.45759465332532484,1.213900674008878e-32,1835700,0.24,34.9,12.1,3,2
CUST1414,Medium_Risk,0.999305541392508,0.0006944586066469158,0.999305541392508,8.441937436445958e-13,1059600,0.6,66.7,9.0,2,2
CUST1415,Medium_Risk,0.9977968754809694,0.00220312451903007,0.9977968754809694,4.658705377447933e-18,1016400,0.18,5.0,0.0,0,1
CUST1416,Medium_Risk,0.9992455166112687,0.0007378422551973937,0.9992455166112687,1.6641133533054625e-05,815800,0.33,35.7,12.3,1,0
CUST1417,High_Risk,0.9990615546106737,7.843648861021495e-09,0.0009384375456773783,0.9990615546106737,396800,0.58,58.6,18.8,3,2
CUST1418,High_Risk,0.9949878220457146,1.081592455499552e-09,0.005012176872692822,0.9949878220457146,555000,0.61,78.8,16.1,5,5
CUST1419,Low_Risk,0.9999996381225829,0.9999996381225829,3.618774159098395e-07,0.0,1746200,0.4,46.6,14.8,4,4
CUST1420,High_Risk,0.9997834473836282,3.0805216563177267e-13,0.00021655261606383182,0.9997834473836282,525500,0.86,91.2,18.8,5,5
CUST1421,High_Risk,0.9980778697395021,3.6483248266253855e-06,0.0019184819356716503,0.9980778697395021,608700,0.44,38.1,1.9,2,5
CUST1422,Low_Risk,1.0,1.0,4.5463521112602153e-32,0.0,2282600,0.25,51.8,10.6,0,3
CUST1423,Medium_Risk,0.9921130795712354,0.007886920428764956,0.9921130795712354,5.134496780957727e-20,1130400,0.23,24.6,9.3,2,2
CUST1424,High_Risk,0.9930159666421747,2.4902561461746227e-06,0.006981543101679495,0.9930159666421747,690300,0.26,68.6,10.1,3,0
CUST1425,High_Risk,0.9997978727080978,1.2011546082852956e-11,0.00020212727989097866,0.9997978727080978,568200,0.58,65.3,26.1,7,5
CUST1426,High_Risk,0.9999045112567628,1.5416792649105112e-11,9.548872782074729e-05,0.9999045112567628,239700,0.62,86.2,20.0,5,4
CUST1427,High_Risk,0.5906557098265168,0.0003427047558064056,0.409001585417677,0.5906557098265168,767100,0.45,59.4,15.8,1,3
CUST1428,Medium_Risk,0.9999915775083332,4.629094755848493e-06,0.9999915775083332,3.793396911159988e-06,820200,0.51,56.9,13.8,4,3
CUST1429,Medium_Risk,0.9843738973622123,0.015626102637787572,0.9843738973622123,2.4367483620302076e-25,1468100,0.24,28.2,0.5,0,1
CUST1430,Low_Risk,0.9999999971038207,0.9999999971038207,2.8961793737538905e-09,0.0,1640600,0.15,38.0,7.1,3,1
CUST1431,Low_Risk,1.0,1.0,4.258163145946883e-43,0.0,1855200,0.2,14.1,0.0,1,3
CUST1432,Medium_Risk,0.9999831188844909,1.688111547690752e-05,0.9999831188844909,3.282361069655143e-14,1208000,0.58,56.0,8.9,0,3
CUST1433,High_Risk,0.9930966605716907,1.1236095831113167e-05,0.006892103332478405,0.9930966605716907,549500,0.37,51.3,3.2,1,2
CUST1434,High_Risk,0.999978832367072,2.5885946865982312e-14,2.1167632902308086e-05,0.999978832367072,428700,0.64,95.0,28.0,7,4
CUST1435,Medium_Risk,0.999003816891049,0.0009961831089510397,0.999003816891049,3.4425930280725166e-56,1342200,0.46,44.4,2.5,0,3
CUST1436,Low_Risk,0.9999999998613234,0.9999999998613234,1.3867573964309152e-10,0.0,2498400,0.1,39.9,4.1,2,0
CUST1437,Low_Risk,0.9999993818935639,0.9999993818935639,6.181064361018888e-07,0.0,2238800,0.27,23.5,5.0,0,1
CUST1438,High_Risk,0.9998810740252942,1.720248873782774e-11,0.00011892595750314302,0.9998810740252942,367800,0.58,51.6,19.7,6,5
CUST1439,Low_Risk,0.7933029843123235,0.7933029843123235,0.2066970156876766,2.6454873398768577e-180,1312000,0.16,16.7,10.2,0,1
CUST1440,Low_Risk,0.9995789370643816,0.9995789370643816,0.00042106293561794807,5.0915750234142884e-287,1860200,0.35,11.8,0.0,0,3
CUST1441,Medium_Risk,0.9864690384884227,2.6456016606904203e-07,0.9864690384884227,0.013530696951411153,848700,0.63,86.0,26.2,4,3
CUST1442,Medium_Risk,0.9948792698781751,0.00512073012182463,0.9948792698781751,1.7160074412325083e-56,1252800,0.42,41.0,7.5,2,2
CUST1443,High_Risk,0.9986121103917125,5.7106978067692646e-08,0.0013878325013093882,0.9986121103917125,424900,0.53,66.5,13.1,2,2
CUST1444,High_Risk,0.6977665719038297,9.674520144721704e-08,0.3022333313509695,0.6977665719038297,915600,0.52,76.3,16.9,6,4
CUST1445,Medium_Risk,0.9995396075868928,0.00045628185685806633,0.9995396075868928,4.110556249866439e-06,755400,0.45,66.1,16.1,2,3
CUST1446,High_Risk,0.8097769231657413,7.631361996227402e-08,0.19022300052063912,0.8097769231657413,589600,0.61,63.4,20.6,5,5
CUST1447,High_Risk,0.9907409914346521,3.097858527691707e-05,0.009228029980071028,0.9907409914346521,681800,0.32,33.1,14.0,4,4
CUST1448,Medium_Risk,0.9970263242550177,1.9216821536721928e-06,0.9970263242550177,0.002971754062828885,955500,0.57,95.0,28.2,4,3
CUST1449,High_Risk,0.9998685406300418,1.2942619707532807e-11,0.00013145935701571357,0.9998685406300418,531700,0.76,89.1,20.7,5,5
CUST1450,Medium_Risk,0.9879123286716397,2.094465505822936e-05,0.9879123286716397,0.012066726673301437,447000,0.58,63.3,14.8,2,3
CUST1451,Medium_Risk,0.9289999752301856,0.07100002476981422,0.9289999752301856,7.305111234209195e-55,1788400,0.16,29.1,0.0,0,1
CUST1452,Low_Risk,0.999999995474484,0.999999995474484,4.525516216340623e-09,0.0,1399200,0.31,38.6,0.8,1,1
CUST1453,Low_Risk,1.0,1.0,1.711889208158433e-21,0.0,2178000,0.34,43.4,2.5,1,0
CUST1454,Low_Risk,0.999995908811473,0.999995908811473,4.091188525970917e-06,1.81416e-319,1311700,0.41,54.3,8.6,3,5
CUST1455,Medium_Risk,0.9977582959822219,0.0022417040177784195,0.9977582959822219,1.8785822413608057e-92,1641900,0.42,63.2,5.9,1,2
CUST1456,Medium_Risk,0.7751222465611947,0.22487775343880612,0.7751222465611947,6.313992600137897e-32,1930000,0.23,26.7,0.0,2,2
CUST1457,Medium_Risk,0.88129552233941,0.1187044776605896,0.88129552233941,1.38532966819881e-72,1606400,0.26,31.3,0.0,0,2
CUST1458,Medium_Risk,0.9968770574856183,0.0031229425143809346,0.9968770574856183,1.264245276138732e-16,838700,0.12,12.7,6.4,4,1
CUST1459,Medium_Risk,0.9381941535718529,0.061805846428147994,0.9381941535718529,2.083914856551226e-103,1167300,0.06,5.0,0.0,1,0
CUST1460,Medium_Risk,0.9998665986879691,0.00011887406354397339,0.9998665986879691,1.452724848638255e-05,1342800,0.39,28.4,8.1,2,4
CUST1461,Medium_Risk,0.517167905093715,3.993344998781106e-05,0.517167905093715,0.4827921614562964,666200,0.43,40.8,4.0,2,3
CUST1462,Medium_Risk,0.995986903983001,0.004013096016999747,0.995986903983001,6.214616425014703e-45,1555400,0.07,37.1,0.0,0,1
CUST1463,High_Risk,0.9983605635788705,3.4800406796945706e-09,0.0016394329410890224,0.9983605635788705,655700,0.56,83.4,18.2,4,4
CUST1464,Medium_Risk,0.9486304053483886,0.05136959465161111,0.9486304053483886,1.7093788310133859e-38,1793500,0.19,18.9,5.3,2,2
CUST1465,Low_Risk,0.9999639148833087,0.9999639148833087,3.608511669021882e-05,4.4460568419666545e-108,2843600,0.35,29.2,2.4,1,4
CUST1466,High_Risk,0.9999245524214736,3.833021261424448e-13,7.54475781430662e-05,0.9999245524214736,514000,0.69,91.0,25.9,6,3
CUST1467,Low_Risk,1.0,1.0,1.3963362021969643e-84,0.0,1996800,0.2,34.2,0.0,1,3
CUST1468,Medium_Risk,0.9998761530501926,0.00012246720839736766,0.9998761530501926,1.3797414101944226e-06,1177700,0.44,52.9,10.6,2,4
CUST1469,Medium_Risk,0.837199306339483,0.16280069366051822,0.837199306339483,1.9463281009337107e-89,2157800,0.52,55.2,7.0,2,3
CUST1470,Medium_Risk,0.9987336989885697,0.0012662964075934036,0.9987336989885697,4.6038370451892784e-09,1064000,0.28,48.2,3.4,3,3
CUST1471,High_Risk,0.9961314732590406,1.6603944037268383e-06,0.0038668663465555616,0.9961314732590406,514100,0.44,56.4,17.4,3,3
CUST1472,High_Risk,0.9972670176063368,1.1074928629569559e-07,0.0027328716443771337,0.9972670176063368,200000,0.55,63.7,18.4,4,5
CUST1473,High_Risk,0.5537011427928522,0.004640114919346988,0.4416587422878016,0.5537011427928522,963500,0.23,56.7,2.8,1,2
CUST1474,Low_Risk,0.9999899475242342,0.9999899475242342,1.0052475765306949e-05,0.0,2054100,0.23,29.6,0.0,0,1
CUST1475,High_Risk,0.974981667474787,8.783691881560557e-06,0.02500954883333142,0.974981667474787,694500,0.32,39.0,6.8,3,2
CUST1476,Medium_Risk,0.9427444773261695,8.724392725663985e-06,0.9427444773261695,0.057246798281104384,877600,0.54,78.7,20.6,3,3
CUST1477,Low_Risk,0.9988050316170014,0.9988050316170014,0.0011949683829994753,4.251792438657489e-49,2752000,0.16,20.6,6.0,3,2
CUST1478,Medium_Risk,0.9847504593077161,0.015249540692284076,0.9847504593077161,3.423324506588398e-41,1814600,0.24,29.8,0.0,0,2
CUST1479,Medium_Risk,0.9399776910432355,0.00015076390552676432,0.9399776910432355,0.059871545051237776,817000,0.56,51.5,15.5,3,5
CUST1480,High_Risk,0.9983167496900602,3.131049753024971e-08,0.001683218999442283,0.9983167496900602,467200,0.5,72.1,17.6,4,3
CUST1481,Low_Risk,1.0,1.0,1.5802074460899457e-72,0.0,3873000,0.2,49.7,14.4,2,1
CUST1482,Medium_Risk,0.999978837933413,2.1162066586776713e-05,0.999978837933413,5.2690426104401523e-17,622100,0.57,61.7,9.5,0,2
CUST1483,Low_Risk,0.9999656973667131,0.9999656973667131,3.4302633285587136e-05,0.0,1289900,0.42,17.6,0.0,0,2
CUST1484,Low_Risk,1.0,1.0,2.612354037888931e-243,0.0,3198000,0.22,30.5,4.8,0,1
CUST1485,Medium_Risk,0.9994827076786857,0.0005172923213153456,0.9994827076786857,4.506984305889368e-243,1121800,0.53,32.5,5.2,0,3
CUST1486,Medium_Risk,0.9995124059405456,0.00011001226167595885,0.9995124059405456,0.0003775817977781013,992400,0.32,60.3,10.1,3,1
CUST1487,Medium_Risk,0.9957895503170995,0.004210449682900307,0.9957895503170995,3.101432220400625e-17,1546400,0.31,26.3,0.0,0,1
CUST1488,Medium_Risk,0.6437396644439478,0.3562603355560524,0.6437396644439478,1.0996656258901726e-233,1080500,0.33,17.2,1.5,1,2
CUST1489,High_Risk,0.9859373801419904,2.308263050295495e-06,0.014060311594959574,0.9859373801419904,658000,0.41,20.6,6.6,2,2
CUST1490,Medium_Risk,0.9967938026016396,0.003206197398361171,0.9967938026016396,1.0227608215036408e-111,1493500,0.49,57.1,6.2,1,2
CUST1491,High_Risk,0.999212902779271,1.033658403901477e-08,0.0007870868841449367,0.999212902779271,583000,0.54,79.4,22.8,4,4
CUST1492,High_Risk,0.9999365557305789,2.2072483009338607e-11,6.344424734837031e-05,0.9999365557305789,429100,0.82,81.6,22.5,4,6
CUST1493,High_Risk,0.9318257472781274,6.442801583391742e-05,0.06810982470603785,0.9318257472781274,787800,0.36,57.8,11.7,2,2
CUST1494,Medium_Risk,0.999940784128233,5.921587176665661e-05,0.999940784128233,5.103231195638365e-19,650700,0.48,56.1,12.6,3,3
CUST1495,Low_Risk,0.9702894795699961,0.9702894795699961,0.029710520430002975,5.764214714024744e-168,1976600,0.25,31.8,0.0,2,4
CUST1496,High_Risk,0.8419125569896069,2.2334894690554854e-05,0.15806510811570285,0.8419125569896069,1120600,0.61,45.9,8.9,1,4
CUST1497,Medium_Risk,0.9347145553165285,0.06528544468347083,0.9347145553165285,1.4054584481389381e-32,1390500,0.3,39.8,7.4,2,0
CUST1498,Low_Risk,0.9999999999297344,0.9999999999297344,7.026630577861767e-11,0.0,2510400,0.05,11.7,1.1,1,2
CUST1499,Medium_Risk,0.963287452130618,0.003055231460337928,0.963287452130618,0.033657316409043674,821100,0.38,27.9,11.0,0,0
CUST1500,Medium_Risk,0.9399147560137129,0.06008524398628689,0.9399147560137129,2.7918504793272577e-154,1227900,0.37,31.4,6.2,3,3
CUST1501,Medium_Risk,0.9991075219355863,0.000892478064413814,0.9991075219355863,4.576611683532102e-31,795300,0.53,59.5,12.4,2,4
CUST1502,Medium_Risk,0.6884722103874467,0.0003122118118202347,0.6884722103874467,0.31121557780073283,480000,0.41,61.7,10.3,3,2
CUST1503,High_Risk,0.9995484685082646,4.444682866798063e-09,0.0004515270470524796,0.9995484685082646,258500,0.65,81.1,17.3,2,3
CUST1504,Low_Risk,1.0,1.0,0.0,0.0,2755200,0.37,33.8,3.2,2,2
CUST1505,Medium_Risk,0.8389448685311647,0.16105513146883568,0.8389448685311647,1.496232221805772e-138,1456000,0.3,23.5,0.0,0,1
CUST1506,High_Risk,0.9987036031639545,3.6481757715591698e-09,0.0012963931878693681,0.9987036031639545,500100,0.5,81.8,19.4,6,3
CUST1507,High_Risk,0.9955175006294427,8.653891332971464e-08,0.004482412831643922,0.9955175006294427,461300,0.46,58.0,11.1,4,4
CUST1508,Medium_Risk,0.9312666999089746,0.06873330009102628,0.9312666999089746,2.775861209705061e-77,606800,0.31,17.5,4.7,3,3
CUST1509,Medium_Risk,0.9995075410775193,0.0004917170550488313,0.9995075410775193,7.418674319376853e-07,1033300,0.17,50.8,11.2,4,0
CUST1510,Low_Risk,0.8685456504554148,0.8685456504554148,0.131454349544586,1.040655692467998e-133,2084200,0.43,41.7,3.6,0,2
CUST1511,Medium_Risk,0.8757078273070978,0.006897409598011131,0.8757078273070978,0.11739476309489046,931600,0.12,5.0,0.0,1,2
CUST1512,Low_Risk,1.0,1.0,3.4638705316528366e-123,0.0,3752900,0.16,28.1,2.2,2,2
CUST1513,High_Risk,0.999646346554475,3.562633312607121e-10,0.00035365308926175494,0.999646346554475,338500,0.53,74.0,19.2,5,4
CUST1514,High_Risk,0.999207451363122,1.0930565144145892e-11,0.0007925486259477218,0.999207451363122,708300,0.79,95.0,26.5,4,4
CUST1515,Medium_Risk,0.9999012593559733,9.873703620754948e-05,0.9999012593559733,3.6078199238029067e-09,1147000,0.49,81.6,20.8,3,3
CUST1516,Medium_Risk,0.9843469011109901,0.004624283476390258,0.9843469011109901,0.011028815412619969,957200,0.3,41.5,4.7,1,1
CUST1517,Low_Risk,0.9999999744594298,0.9999999744594298,2.5540570997280223e-08,0.0,2636500,0.2,31.7,0.0,1,2
CUST1518,High_Risk,0.9968266126560795,9.640656718668289e-08,0.0031732909373530984,0.9968266126560795,376000,0.47,71.8,21.6,4,2
CUST1519,High_Risk,0.9995074470844757,2.24169640433263e-09,0.0004925506738281613,0.9995074470844757,232800,0.47,44.4,14.3,6,4
CUST1520,High_Risk,0.9991131046145089,1.4377920505960201e-09,0.0008868939476993004,0.9991131046145089,598300,0.61,76.4,24.1,5,4
CUST1521,High_Risk,0.9998270168468533,2.645129995697132e-10,0.0001729828886335331,0.9998270168468533,327200,0.53,62.0,22.5,5,2
CUST1522,Medium_Risk,0.9967536307922765,0.003246369207723115,0.9967536307922765,3.2571937829335417e-16,1205600,0.24,44.7,0.0,0,1
CUST1523,Medium_Risk,0.9891963967392778,0.010803603260722012,0.9891963967392778,8.765115245751896e-24,1437900,0.35,13.1,0.0,0,2
CUST1524,Low_Risk,0.9971732049835822,0.9971732049835822,0.0028267950164183805,5.828645398193827e-213,2245800,0.13,26.4,5.0,1,0
CUST1525,Medium_Risk,0.9948375179327196,1.2778795305489153e-05,0.9948375179327196,0.005149703271975155,917700,0.3,47.8,14.6,5,1
CUST1526,Medium_Risk,0.9979037632673979,0.0020962367326018997,0.9979037632673979,4.0995670447522275e-26,997300,0.37,46.6,10.0,2,3
CUST1527,Low_Risk,0.9997235445363074,0.9997235445363074,0.0002764554636921661,0.0,1463100,0.12,5.0,0.0,0,1
CUST1528,Low_Risk,1.0,1.0,1.682963778159811e-22,0.0,1755000,0.34,31.6,6.6,1,2
CUST1529,Medium_Risk,0.9956418054195716,0.004358194580428624,0.9956418054195716,4.3214842682004507e-23,806100,0.38,45.5,1.8,1,2
CUST1530,Medium_Risk,0.9999622137591138,3.778624069571998e-05,0.9999622137591138,1.8983403706824786e-13,898300,0.48,59.8,16.3,4,3
CUST1531,Medium_Risk,0.9999962232912708,3.776708727357969e-06,0.9999962232912708,1.668759373260961e-15,1148300,0.66,95.0,21.5,4,3
CUST1532,High_Risk,0.9360228570133768,2.1458221547790805e-05,0.06395568476507535,0.9360228570133768,794000,0.38,40.5,11.7,3,2
CUST1533,High_Risk,0.9864312104890124,2.06891442016103e-06,0.01356672059656723,0.9864312104890124,737900,0.38,42.8,0.0,0,2
CUST1534,Medium_Risk,0.9940273981379613,0.005972584761055045,0.9940273981379613,1.7100983220490293e-08,647600,0.33,33.7,9.3,2,3
CUST1535,High_Risk,0.9980448464523933,3.0799232410442177e-09,0.0019551504676832525,0.9980448464523933,657000,0.69,74.3,19.2,4,4
CUST1536,High_Risk,0.8187478581110673,1.220048645439398e-05,0.1812399414024786,0.8187478581110673,622100,0.43,67.5,15.8,3,2
CUST1537,Medium_Risk,0.9984649902916959,0.0015350097083042045,0.9984649902916959,1.0620264694867116e-27,1401800,0.41,34.8,7.5,1,3
CUST1538,Low_Risk,0.9945085609600768,0.9945085609600768,0.005491439039922614,9.307749171375841e-181,1464400,0.16,26.9,3.3,1,2
CUST1539,Medium_Risk,0.9960632391428905,0.00021600017748366111,0.9960632391428905,0.003720760679625653,1090600,0.44,61.4,9.3,2,2
CUST1540,Medium_Risk,0.9995566810058101,0.0004433189941889428,0.9995566810058101,1.1394896834484238e-15,940300,0.43,51.0,6.0,2,3
CUST1541,Medium_Risk,0.9999900275988827,9.972401118024501e-06,0.9999900275988827,7.227024114945664e-17,1002000,0.52,51.3,14.6,5,4
CUST1542,Low_Risk,0.9955438719486238,0.9955438719486238,0.004456128051376568,1.0762973410136834e-299,1368100,0.24,39.7,5.6,1,1
CUST1543,Medium_Risk,0.9201896753538794,0.07981032464611977,0.9201896753538794,3.647904379261162e-28,1870000,0.27,26.5,0.0,1,2
CUST1544,High_Risk,0.9986580313136252,3.281387565914268e-08,0.0013419358724991407,0.9986580313136252,434200,0.47,70.8,16.9,4,3
CUST1545,Low_Risk,1.0,1.0,2.362319483079573e-19,0.0,3055300,0.18,7.2,0.0,2,2
CUST1546,High_Risk,0.9729202932168083,8.801900944901897e-05,0.02699168777374271,0.9729202932168083,366800,0.44,42.9,5.8,1,2
CUST1547,Low_Risk,0.9988898854453884,0.9988898854453884,0.001110114554610847,1.9543146593540368e-240,2231800,0.06,30.0,0.0,2,0
CUST1548,High_Risk,0.9997998603577488,7.554759231040041e-12,0.00020013963469661387,0.9997998603577488,505600,0.66,79.9,22.1,6,5
CUST1549,Medium_Risk,0.9968643312061465,0.0013878032604224815,0.9968643312061465,0.0017478655334309111,721600,0.39,23.2,0.0,2,3
CUST1550,Low_Risk,0.9999458344511825,0.9999458344511825,5.4165548817515136e-05,1.5814478667728122e-260,1299900,0.13,8.5,8.0,1,2
CUST1551,Medium_Risk,0.9377213622171086,0.06227863778289229,0.9377213622171086,3.893082256636365e-130,1509400,0.45,42.2,6.4,1,3
CUST1552,Medium_Risk,0.9945765743599487,0.0054048746106825744,0.9945765743599487,1.8551029369367424e-05,1040100,0.29,21.9,5.0,2,3
CUST1553,Medium_Risk,0.9997895363535511,0.0002104636464485349,0.9997895363535511,2.867868224275317e-18,756500,0.42,63.0,11.7,2,3
CUST1554,High_Risk,0.993343115901372,9.412915678276884e-07,0.006655942807060265,0.993343115901372,714000,0.43,61.6,10.5,3,2
CUST1555,Low_Risk,0.99440289249989,0.99440289249989,0.0055971075001094005,3.6467930862438926e-35,2485800,0.42,63.6,10.3,3,2
CUST1556,Low_Risk,0.999999999972248,0.999999999972248,2.77522414294756e-11,0.0,1793100,0.14,22.8,0.9,0,0
CUST1557,High_Risk,0.9998601779198141,1.7795739545511123e-12,0.00013982207840665604,0.9998601779198141,372300,0.78,93.0,21.0,4,3
CUST1558,High_Risk,0.9919239573858186,6.752540357643869e-06,0.008069290073823678,0.9919239573858186,518800,0.45,37.7,4.3,2,3
CUST1559,Medium_Risk,0.9999699691203651,3.0030879635269e-05,0.9999699691203651,5.934572281477482e-19,882200,0.56,41.9,14.2,3,2
CUST1560,Medium_Risk,0.9999933213373782,6.621193698410286e-06,0.9999933213373782,5.746892399800205e-08,886600,0.43,48.7,16.4,5,5
CUST1561,High_Risk,0.9997890742106041,1.620689532422119e-10,0.00021092562732686303,0.9997890742106041,336400,0.58,89.0,24.8,5,3
CUST1562,Medium_Risk,0.8876195355767658,0.11238046442323427,0.8876195355767658,7.964560324097265e-44,1806600,0.05,5.0,2.9,0,0
CUST1563,Medium_Risk,0.9968282437144369,0.0031717562855638998,0.9968282437144369,1.1000630006935054e-23,805400,0.26,33.8,11.9,2,1
CUST1564,Medium_Risk,0.9851160448310087,0.014883955168990727,0.9851160448310087,5.591320628293927e-93,2057200,0.54,71.1,19.2,4,4
CUST1565,Low_Risk,1.0,1.0,8.86864712696662e-114,0.0,3078000,0.18,18.3,0.0,0,2
CUST1566,High_Risk,0.9951233186835061,1.3045395130710506e-06,0.004875376776980871,0.9951233186835061,752200,0.4,76.0,10.6,3,2
CUST1567,Medium_Risk,0.7833021047400366,0.21669789525996294,0.7833021047400366,1.3231526626183983e-124,2141100,0.12,17.5,0.8,0,3
CUST1568,Low_Risk,0.9999999996368167,0.9999999996368167,3.631833814888657e-10,0.0,2664800,0.38,52.6,7.3,0,2
CUST1569,Medium_Risk,0.9683078427198475,0.031692157280153,0.9683078427198475,7.672845008338334e-74,1589200,0.47,63.6,15.9,1,1
CUST1570,Low_Risk,0.9883028337381227,0.9883028337381227,0.01169716626187758,1.910310094254013e-154,2331800,0.38,29.6,0.5,0,2
CUST1571,Medium_Risk,0.9999906533622175,5.018019301665099e-08,0.9999906533622175,9.296457590331983e-06,739200,0.66,95.0,28.3,6,5
CUST1572,Medium_Risk,0.968894320206263,0.03110567979373756,0.968894320206263,3.702882962656107e-40,1478700,0.3,32.4,7.3,0,1
CUST1573,Low_Risk,1.0,1.0,1.7544249316821342e-19,0.0,2682700,0.32,22.9,6.1,0,0
CUST1574,Low_Risk,1.0,1.0,0.0,0.0,2803900,0.26,39.9,3.1,0,2
CUST1575,High_Risk,0.9999815149347366,1.9669258317601626e-13,1.84850650663633e-05,0.9999815149347366,383600,0.6,95.0,21.2,7,4
CUST1576,Medium_Risk,0.9893368486297658,0.010657375983337637,0.9893368486297658,5.775386897283689e-06,1220700,0.14,6.7,0.0,0,1
CUST1577,High_Risk,0.9934725547765413,8.546665041521518e-06,0.006518898558417151,0.9934725547765413,582200,0.4,32.3,0.0,0,3
CUST1578,High_Risk,0.999641069033875,7.938954565539231e-10,0.000358930172229484,0.999641069033875,379400,0.67,53.4,10.0,3,5
CUST1579,Medium_Risk,0.9867826045977752,0.013217395402224736,0.9867826045977752,1.2995817267189354e-31,1204500,0.26,29.3,5.5,1,2
CUST1580,Low_Risk,0.956496659973518,0.956496659973518,0.04350334002648267,8.41034615892489e-161,1230400,0.22,17.3,0.0,0,0
CUST1581,High_Risk,0.999154720006785,1.1274527053128534e-09,0.0008452788657624247,0.999154720006785,549200,0.53,77.2,19.6,4,2
CUST1582,High_Risk,0.9911651548373751,1.9944367753441025e-07,0.008834645718947137,0.9911651548373751,709100,0.59,79.4,21.2,3,2
CUST1583,High_Risk,0.7218383637430538,0.00248808913573922,0.2756735471212073,0.7218383637430538,919200,0.17,30.4,9.5,1,0
CUST1584,High_Risk,0.9999018670729684,3.842063961797759e-13,9.813292664727978e-05,0.9999018670729684,275500,0.71,79.6,19.3,6,4
CUST1585,Low_Risk,0.9999999992721449,0.9999999992721449,7.278546348771056e-10,0.0,2173400,0.21,49.7,19.3,2,1
CUST1586,Medium_Risk,0.8413642946407686,0.15863570535923233,0.8413642946407686,1.1700400041339718e-110,1978700,0.09,5.0,0.0,0,1
CUST1587,Medium_Risk,0.9991230813516423,0.0008766575681964905,0.9991230813516423,2.6108016086821486e-07,884600,0.38,22.0,1.3,0,2
CUST1588,Medium_Risk,0.9573218449816482,0.042678155018352266,0.9573218449816482,1.0057964815092167e-41,1665800,0.24,26.4,1.6,0,1
CUST1589,Medium_Risk,0.9997618398983759,1.2974565390496422e-07,0.9997618398983759,0.00023803035597067765,1194400,0.75,86.7,19.3,4,5
CUST1590,Medium_Risk,0.9914709948695793,0.008529005130420979,0.9914709948695793,9.074267960263169e-18,1377100,0.13,5.0,0.0,0,2
CUST1591,High_Risk,0.9983970321968852,6.534522472685873e-08,0.0016029024578901362,0.9983970321968852,548600,0.53,49.7,3.3,0,2
CUST1592,Low_Risk,0.9997394405592465,0.9997394405592465,0.00026055944075313803,4.54024111692695e-153,2520000,0.11,22.2,0.0,0,1
CUST1593,High_Risk,0.7932848864633527,0.0035350970366183694,0.20318001650002815,0.7932848864633527,745700,0.19,21.9,0.0,0,2
CUST1594,High_Risk,0.999963030956461,1.0721222297892598e-12,3.6969042466601746e-05,0.999963030956461,401200,0.61,72.4,19.6,7,5
CUST1595,High_Risk,0.9587964648436462,1.4004032894469258e-08,0.041203521152321135,0.9587964648436462,668500,0.64,93.0,15.6,4,4
CUST1596,High_Risk,0.9999443910660223,6.409411450439764e-12,5.560892756793384e-05,0.9999443910660223,277600,0.78,82.4,18.9,4,4
CUST1597,High_Risk,0.9994842763644918,3.9093967058181616e-11,0.0005157235964141234,0.9994842763644918,496600,0.64,78.3,18.6,5,3
CUST1598,High_Risk,0.963126871827678,3.5967033753896867e-06,0.03686953146894608,0.963126871827678,726900,0.42,73.7,20.9,4,2
CUST1599,Medium_Risk,0.7852965004654899,0.000812675180683835,0.7852965004654899,0.21389082435382592,995600,0.34,31.7,3.2,0,3
CUST1600,High_Risk,0.9999360957703828,7.419324466570261e-13,6.390422887509423e-05,0.9999360957703828,301500,0.68,95.0,25.7,5,3
CUST1601,Medium_Risk,0.9994788034677622,0.0005211931724141456,0.9994788034677622,3.359823093619226e-09,822200,0.48,43.0,10.7,2,4
CUST1602,Low_Risk,0.9153432938093464,0.9153432938093464,0.08465670619065441,3.4272541712092055e-152,1674300,0.17,22.8,0.0,0,2
CUST1603,High_Risk,0.9716031057744637,4.1373408029855224e-07,0.02839648049145571,0.9716031057744637,780000,0.6,77.7,13.8,3,3
CUST1604,Medium_Risk,0.9973684904115229,0.002631509588476467,0.9973684904115229,3.1137799065709485e-32,1176200,0.32,38.0,3.9,2,3
CUST1605,Medium_Risk,0.9992723284781406,0.0007276715218594193,0.9992723284781406,2.1850184505856366e-21,1552400,0.32,24.0,0.0,0,1
CUST1606,Medium_Risk,0.9762157432007978,0.023784256793595093,0.9762157432007978,5.607113879422278e-12,1744600,0.21,51.5,14.1,1,1
CUST1607,Medium_Risk,0.9701079680482438,0.0032387479066915367,0.9701079680482438,0.026653284045064646,838400,0.28,19.3,0.0,2,3
CUST1608,Medium_Risk,0.9939482254167106,0.006032917509428448,0.9939482254167106,1.8857073861080937e-05,1299200,0.2,62.3,11.9,2,1
CUST1609,High_Risk,0.808404290321519,5.11680486982003e-05,0.1915445416297837,0.808404290321519,881700,0.39,46.9,20.0,3,2
CUST1610,High_Risk,0.9998445159518415,3.25468460980685e-11,0.0001554840156119934,0.9998445159518415,255900,0.55,63.7,19.6,6,4
CUST1611,High_Risk,0.9894667242482006,4.49644059334184e-05,0.010488311345865479,0.9894667242482006,261100,0.37,45.5,13.2,1,0
CUST1612,Low_Risk,0.9800597477767449,0.9800597477767449,0.019940252223255992,5.332183639776288e-120,2604000,0.34,16.0,10.2,3,3
CUST1613,Medium_Risk,0.8328316677117584,0.16716833228824066,0.8328316677117584,8.557897235404554e-83,1128800,0.22,49.5,8.0,1,1
CUST1614,Low_Risk,0.9999996255887592,0.9999996255887592,3.7441124240184263e-07,0.0,739700,0.13,50.1,0.4,1,0
CUST1615,High_Risk,0.9998031042273446,1.5244154661422882e-11,0.0001968957574112828,0.9998031042273446,400200,0.65,64.4,18.7,5,5
CUST1616,High_Risk,0.9921860303244903,7.021097942057426e-06,0.0078069485775678375,0.9921860303244903,365700,0.45,49.1,1.8,1,3
CUST1617,Medium_Risk,0.8644433137584224,0.1355566862003448,0.8644433137584224,4.123201259518649e-11,1834000,0.32,43.2,7.8,2,2
CUST1618,High_Risk,0.9997156444783344,4.3748084624199537e-10,0.0002843550841847665,0.9997156444783344,441900,0.51,77.6,16.7,5,3
CUST1619,Low_Risk,0.9999996004041004,0.9999996004041004,3.995958992305243e-07,8.771501050804107e-228,2207400,0.29,31.3,15.2,0,0
CUST1620,Medium_Risk,0.5856292116767424,2.8060631560484928e-08,0.5856292116767424,0.41437076026262687,771500,0.51,88.8,27.5,6,2
CUST1621,High_Risk,0.9921795686752859,1.2416420599798086e-06,0.007819189682653795,0.9921795686752859,544200,0.61,61.4,9.1,1,4
CUST1622,Low_Risk,0.9999331761067288,0.9999331761067288,6.682389327082506e-05,4.052384849663686e-272,1903500,0.4,66.4,16.6,4,4
CUST1623,Low_Risk,1.0,1.0,1.0686847944901348e-43,0.0,2719800,0.05,22.9,1.3,0,0
CUST1624,Medium_Risk,0.9813668587421981,0.018633141257801578,0.9813668587421981,8.369272297290515e-27,1425000,0.31,47.6,5.0,0,3
CUST1625,Low_Risk,0.5663056754423602,0.5663056754423602,0.433694324557639,1.193249193338433e-49,1493100,0.33,24.0,2.9,0,1
CUST1626,High_Risk,0.9112331662573682,6.405250957462218e-05,0.08870278123305722,0.9112331662573682,633700,0.36,46.2,12.9,2,1
CUST1627,Low_Risk,0.955286723075914,0.955286723075914,0.04471327692408541,2.3029295403385663e-293,1930400,0.22,17.8,4.0,2,2
CUST1628,Low_Risk,0.9993324945198346,0.9993324945198346,0.0006675054801648789,1.4651531380897983e-233,1849200,0.22,24.5,0.0,0,2
CUST1629,Medium_Risk,0.9993932861029537,0.0006032723660741114,0.9993932861029537,3.4415309729702823e-06,863500,0.57,46.6,6.3,1,4
CUST1630,Medium_Risk,0.9974013824909722,0.0025986175090276266,0.9974013824909722,8.599362141320114e-33,1498500,0.49,44.3,0.0,1,3
CUST1631,Low_Risk,0.9813476599969203,0.9813476599969203,0.01865234000307981,8.527655473119614e-170,1944300,0.23,26.4,3.6,1,2
CUST1632,High_Risk,0.999538440593713,3.61394128262367e-11,0.00046155937014777544,0.999538440593713,364800,0.7,92.4,27.8,6,4
CUST1633,Medium_Risk,0.9989391594244549,0.0010608399926180492,0.9989391594244549,5.829273105290491e-10,1183400,0.22,20.2,0.0,2,2
CUST1634,Medium_Risk,0.999999927603036,7.239696463039195e-08,0.999999927603036,2.17837927351795e-27,957200,0.64,79.1,21.5,6,4
CUST1635,Medium_Risk,0.9999712759657485,1.4428422664846353e-05,0.9999712759657485,1.4295611587270678e-05,1117900,0.43,59.8,6.3,4,2
CUST1636,Medium_Risk,0.9611799780715603,0.038820021928439856,0.9611799780715603,3.4510429569964912e-43,1455000,0.23,26.5,4.7,2,3
CUST1637,Medium_Risk,0.9951460229611667,4.199019699548461e-07,0.9951460229611667,0.004853557136862716,1206100,0.62,94.2,18.3,5,4
CUST1638,Low_Risk,0.9641759646895809,0.9641759646895809,0.03582403531042007,4.187252620686413e-218,1644600,0.53,20.7,5.6,0,4
CUST1639,High_Risk,0.9997418090034335,5.511362661103741e-13,0.0002581909960153526,0.9997418090034335,348500,0.8,86.7,27.7,6,4
CUST1640,High_Risk,0.9998849700214749,1.405100985425084e-12,0.00011502997711973073,0.9998849700214749,340200,0.69,86.9,11.4,5,4
CUST1641,Medium_Risk,0.962181677021915,0.037818322978084455,0.962181677021915,3.6093923735875925e-39,1288500,0.17,23.3,8.6,1,0
CUST1642,Medium_Risk,0.6758955776063105,3.887975940118111e-08,0.6758955776063105,0.32410438351392934,871000,0.74,73.8,19.8,5,5
CUST1643,High_Risk,0.648099435476728,6.941930386615463e-05,0.3518311452194061,0.648099435476728,950500,0.5,53.8,8.3,3,4
CUST1644,High_Risk,0.9976570186031066,5.526613183622773e-09,0.0023429758702803384,0.9976570186031066,506000,0.5,78.3,18.0,5,4
CUST1645,Medium_Risk,0.9991779593873386,0.0008220406126614096,0.9991779593873386,9.844787109680515e-60,1683300,0.46,53.4,13.8,1,2
CUST1646,Medium_Risk,0.8823638677444401,0.0005369301106973718,0.8823638677444401,0.11709920214486264,663900,0.36,44.9,9.2,2,1
CUST1647,Medium_Risk,0.999488249945592,0.000511750053665993,0.999488249945592,7.411043601037775e-13,1475500,0.48,50.7,2.0,3,4
CUST1648,High_Risk,0.9999882070457684,7.316055077080744e-16,1.1792954230591507e-05,0.9999882070457684,535600,0.64,95.0,28.2,8,3
CUST1649,Medium_Risk,0.8652130704905304,0.004646365313790681,0.8652130704905304,0.13014056419567915,875100,0.24,17.4,4.7,0,0
CUST1650,High_Risk,0.9932174057510019,1.3601992773530968e-06,0.006781234049720457,0.9932174057510019,711100,0.32,48.5,11.8,5,2
CUST1651,Low_Risk,0.993632623450224,0.993632623450224,0.006367376549775375,1.4024642838950817e-73,2510000,0.23,67.9,3.8,1,2
CUST1652,High_Risk,0.9930208649805118,2.3463987743074095e-05,0.006955671031745033,0.9930208649805118,584600,0.24,50.1,8.2,1,0
CUST1653,Medium_Risk,0.9999130936544629,1.0866880605357403e-05,0.9999130936544629,7.603946493182626e-05,542500,0.6,70.5,3.8,1,4
CUST1654,Medium_Risk,0.9971714268074033,0.0028285712105261852,0.9971714268074033,1.9820697547171876e-09,1174900,0.16,21.0,0.0,0,1
CUST1655,Medium_Risk,0.9464530722071294,0.000502773215354141,0.9464530722071294,0.05304415457751678,671900,0.37,52.0,10.9,2,2
CUST1656,Medium_Risk,0.9984261277964246,0.0015738138845743158,0.9984261277964246,5.831900178387965e-08,911600,0.26,43.7,0.9,1,0
CUST1657,Low_Risk,0.9999999999999947,0.9999999999999947,4.833538241022444e-15,0.0,1772700,0.18,30.3,0.0,0,1
CUST1658,Medium_Risk,0.8345865961293477,0.16541340387065306,0.8345865961293477,1.0541424843466832e-110,1958100,0.41,47.0,7.7,0,2
CUST1659,Medium_Risk,0.9933485063629027,0.006651493637097695,0.9933485063629027,1.9569715986282191e-26,1568000,0.14,7.8,0.0,1,2
CUST1660,Low_Risk,1.0,1.0,3.545263880372723e-220,0.0,1773900,0.05,7.6,0.0,0,0
CUST1661,High_Risk,0.9960617512527918,5.610991008052258e-07,0.003937687648107142,0.9960617512527918,310400,0.5,67.4,20.0,3,1
CUST1662,Medium_Risk,0.9961562934738092,0.003843706526190818,0.9961562934738092,3.748559142154412e-43,1159600,0.4,20.2,0.8,0,2
CUST1663,High_Risk,0.6277358541398204,4.166609396362371e-05,0.3722224797662162,0.6277358541398204,933300,0.48,30.9,7.1,3,6
CUST1664,Medium_Risk,0.9966315945308352,0.003368405281332613,0.9966315945308352,1.878321364160723e-10,1403000,0.17,30.3,2.1,1,0
CUST1665,High_Risk,0.9979929209841653,2.438988626128011e-09,0.0020070765768458614,0.9979929209841653,342100,0.69,83.9,12.6,3,3
CUST1666,Low_Risk,0.9999972416183021,0.9999972416183021,2.7583816979131605e-06,6.95584588372536e-255,1411400,0.29,38.7,5.9,0,2
CUST1667,Medium_Risk,0.9975534405920136,0.002446559407986196,0.9975534405920136,4.682971100065569e-52,992600,0.58,72.3,8.1,1,3
CUST1668,Medium_Risk,0.995013139056382,0.004986860943617825,0.995013139056382,3.390832922746099e-179,1099900,0.44,59.7,6.3,3,4
CUST1669,Low_Risk,1.0,1.0,2.601267459222861e-148,0.0,4176100,0.27,41.3,11.6,2,2
CUST1670,High_Risk,0.998598534245004,6.616318264938572e-08,0.0014013995918133744,0.998598534245004,471900,0.49,52.1,10.2,3,4
CUST1671,Low_Risk,0.5774994362499475,0.5774994362499475,0.42250056375005246,3.542027835383923e-116,920400,0.34,13.3,0.0,0,1
CUST1672,Low_Risk,0.9740616544612659,0.9740616544612659,0.02593834553873334,3.3144754003445013e-127,1417200,0.3,21.3,4.3,1,3
CUST1673,Medium_Risk,0.992803079602756,0.005178280424257994,0.992803079602756,0.0020186399729860815,941400,0.24,19.5,0.0,0,2
CUST1674,Medium_Risk,0.8942047524489519,0.10579524755104815,0.8942047524489519,7.753276601072766e-109,1662100,0.25,17.8,7.4,1,2
CUST1675,Medium_Risk,0.9963630252019698,0.0002820770401678532,0.9963630252019698,0.003354897757862206,878100,0.44,67.6,12.3,3,3
CUST1676,Medium_Risk,0.8848398145521226,0.11516018544787798,0.8848398145521226,2.7057807405923463e-43,1985000,0.19,12.1,0.0,0,2
CUST1677,High_Risk,0.9994363177785106,7.3115665232197675e-09,0.0005636749099228577,0.9994363177785106,221600,0.62,63.4,14.9,2,3
CUST1678,High_Risk,0.9501728582853557,3.4166667549379286e-07,0.04982680004796844,0.9501728582853557,744000,0.49,92.8,15.0,4,2
CUST1679,High_Risk,0.9998383927147804,1.0682869625944619e-10,0.00016160717839117008,0.9998383927147804,264300,0.66,78.9,18.2,4,3
CUST1680,High_Risk,0.9999626666952675,1.1256877484390419e-12,3.7333303607004334e-05,0.9999626666952675,229500,0.85,83.5,20.4,3,5
CUST1681,Medium_Risk,0.8799360953254576,0.12006390467454182,0.8799360953254576,2.102531786566171e-44,1676500,0.29,12.0,1.5,1,2
CUST1682,Low_Risk,0.9709084825186256,0.9709084825186256,0.029091517481375617,1.1631732091335275e-177,1881700,0.4,39.6,3.3,1,3
CUST1683,Medium_Risk,0.9997084254015999,0.0002915745984000765,0.9997084254015999,8.837436136784684e-19,521200,0.4,45.9,2.4,2,2
CUST1684,Low_Risk,1.0,1.0,3.9321927480295346e-51,0.0,4586400,0.11,43.1,5.2,0,1
CUST1685,High_Risk,0.9887392473975802,4.987267165518148e-07,0.011260253875703063,0.9887392473975802,744700,0.52,62.6,15.0,4,4
CUST1686,Medium_Risk,0.8667191902095183,0.13328080973353432,0.8667191902095183,5.694816654141465e-11,1758600,0.34,30.3,2.0,1,1
CUST1687,High_Risk,0.9565031698584423,4.854273533055105e-07,0.04349634471420432,0.9565031698584423,728200,0.49,51.7,7.8,4,4
CUST1688,Low_Risk,0.8982698139007783,0.8982698139007783,0.10173018609922034,0.0,1056800,0.35,51.5,10.6,3,2
CUST1689,Medium_Risk,0.8055285417292357,0.19447145827076465,0.8055285417292357,1.212097281428718e-53,2236200,0.23,40.3,10.0,1,1
CUST1690,Low_Risk,0.9986931429632911,0.9986931429632911,0.0013068570367102223,3.3436294574767615e-146,2395800,0.38,48.2,12.7,1,2
CUST1691,High_Risk,0.9998152645585586,2.1980088623580226e-12,0.0001847354392435272,0.9998152645585586,432200,0.61,90.1,18.3,7,6
CUST1692,High_Risk,0.999804112287965,9.711021124272125e-11,0.00019588761492464035,0.999804112287965,351400,0.64,91.0,22.4,4,2
CUST1693,Low_Risk,1.0,1.0,5.6120135664977e-16,0.0,1623900,0.17,31.8,0.0,1,0
CUST1694,Medium_Risk,0.9999951962923785,3.7400708821698445e-06,0.9999951962923785,1.0636367396494676e-06,719600,0.63,44.2,10.1,4,5
CUST1695,Medium_Risk,0.9995200037255687,0.00047999627443186705,0.9995200037255687,5.904086690002763e-61,1140700,0.44,49.5,0.0,0,1
CUST1696,Medium_Risk,0.7280676624175617,0.0006231309615931827,0.7280676624175617,0.2713092066208454,882400,0.34,50.9,10.0,3,2
CUST1697,High_Risk,0.9854484881930184,4.04700452710098e-05,0.014511041761710489,0.9854484881930184,376400,0.41,29.2,4.6,1,2
CUST1698,High_Risk,0.9987188806462401,2.219765972973023e-09,0.0012811171339941756,0.9987188806462401,476700,0.65,70.0,10.0,3,5
CUST1699,Medium_Risk,0.9924369386285138,0.007563061371486819,0.9924369386285138,8.500585960781827e-35,1080400,0.37,21.7,1.7,1,2
CUST1700,Low_Risk,1.0,1.0,3.35836595969199e-29,0.0,2235300,0.09,16.2,0.0,1,1
CUST1701,Low_Risk,0.9995535689016795,0.9995535689016795,0.0004464310983196424,0.0,2342100,0.25,42.0,6.6,2,1
CUST1702,Medium_Risk,0.975557550022361,0.024442449976147224,0.975557550022361,1.4913013019422928e-12,1604300,0.05,5.0,0.0,0,0
CUST1703,High_Risk,0.9970889515729722,3.074126947836941e-11,0.0029110483962864506,0.9970889515729722,783800,0.81,95.0,19.7,4,4
CUST1704,Low_Risk,0.9992641549160749,0.9992641549160749,0.000735845083924547,9.339554910319172e-296,1702600,0.29,37.2,8.4,1,2
CUST1705,Medium_Risk,0.9872441954557277,0.012755804532359945,0.9872441954557277,1.1911853368204552e-11,1627900,0.31,42.9,1.4,1,2
CUST1706,Medium_Risk,0.9999959485195197,3.967998690284813e-06,0.9999959485195197,8.348178950458937e-08,544300,0.55,62.5,3.8,3,4
CUST1707,High_Risk,0.9878900802742482,1.3487485234463374e-07,0.012109784850899214,0.9878900802742482,624300,0.58,62.0,19.5,4,4
CUST1708,High_Risk,0.9851680151808311,5.3217050278282575e-06,0.014826663114141058,0.9851680151808311,632100,0.43,46.6,9.5,1,1
CUST1709,High_Risk,0.993476576403965,4.1823491600546765e-07,0.006523005361118547,0.993476576403965,530900,0.51,23.3,10.2,4,4
CUST1710,High_Risk,0.9981342919602683,2.1248190713426535e-07,0.0018654955578244876,0.9981342919602683,324700,0.45,70.2,14.8,3,2
CUST1711,High_Risk,0.7515119960876371,2.1841034300496857e-08,0.24848798207132874,0.7515119960876371,598700,0.67,84.0,20.3,5,5
CUST1712,Medium_Risk,0.9992067370092562,0.0007932629907407067,0.9992067370092562,2.8875792304930073e-15,1022500,0.35,27.1,3.4,3,2
CUST1713,High_Risk,0.9045572170606847,1.283688147597483e-06,0.09544149925116764,0.9045572170606847,566500,0.53,67.4,24.5,5,4
CUST1714,Low_Risk,1.0,1.0,4.505555651555214e-121,0.0,3063100,0.25,36.4,7.6,2,2
CUST1715,Low_Risk,0.9996418747848991,0.9996418747848991,0.0003581252151004994,0.0,2150700,0.13,13.9,0.0,0,0
CUST1716,High_Risk,0.9995079980731636,6.745230799039178e-11,0.0004920018593841467,0.9995079980731636,294700,0.72,87.3,13.8,4,2
CUST1717,High_Risk,0.9984249560624848,1.679126861702894e-08,0.0015750271462468015,0.9984249560624848,478200,0.55,91.8,12.7,4,4
CUST1718,Low_Risk,0.9999609789900195,0.9999609789900195,3.902100998066969e-05,0.0,2371200,0.19,9.8,0.0,0,3
CUST1719,Medium_Risk,0.9986369101103065,0.0012664781391694257,0.9986369101103065,9.661175052419887e-05,1300700,0.48,41.8,5.9,2,3
CUST1720,High_Risk,0.9874591026664423,2.5119426507170616e-06,0.012538385390906886,0.9874591026664423,637700,0.57,60.7,9.0,1,4
CUST1721,High_Risk,0.7736589387915258,0.003595351593899468,0.22274570961457432,0.7736589387915258,750200,0.18,26.5,0.3,0,0
CUST1722,Medium_Risk,0.9432627921390689,0.0005728871514089277,0.9432627921390689,0.056164320709522084,806800,0.4,60.3,13.3,0,2
CUST1723,High_Risk,0.772754520710202,0.0012027611015530044,0.2260427181882449,0.772754520710202,560800,0.24,27.5,0.4,0,1
CUST1724,High_Risk,0.9990166158631433,1.9010922225129123e-09,0.0009833822357646178,0.9990166158631433,231400,0.67,83.5,18.2,4,4
CUST1725,Low_Risk,0.9999999972738784,0.9999999972738784,2.726120393117017e-09,0.0,2498900,0.21,30.6,2.0,0,0
CUST1726,Medium_Risk,0.5673744842121947,0.4326255157878055,0.5673744842121947,1.174609214462877e-87,1398700,0.06,17.4,0.3,0,0
CUST1727,Low_Risk,0.9776053921754263,0.9776053921754263,0.02239460782457219,8.414623340965647e-90,2418900,0.14,14.6,3.7,0,1
CUST1728,Low_Risk,0.999993467492341,0.999993467492341,6.532507659881766e-06,1.4205448464191052e-242,1542000,0.23,23.2,10.0,2,2
CUST1729,Low_Risk,1.0,1.0,1.845561939287735e-260,0.0,3576900,0.31,56.3,10.7,3,3
CUST1730,Medium_Risk,0.9926171009756978,0.00738289902430228,0.9926171009756978,2.8602200155727926e-35,1432700,0.24,22.1,0.0,0,2
CUST1731,High_Risk,0.9303098539112747,1.5795060996929428e-05,0.06967435102772811,0.9303098539112747,739300,0.48,59.4,17.5,3,3
CUST1732,High_Risk,0.9958724295629183,3.196220564775999e-11,0.004127570405120012,0.9958724295629183,906000,0.65,83.8,30.0,7,4
CUST1733,Medium_Risk,0.9942469675932587,0.005753032405448663,0.9942469675932587,1.2926659941246495e-12,1186300,0.24,40.7,4.3,1,1
CUST1734,High_Risk,0.9997191658578953,3.210131729280122e-09,0.0002808309319728132,0.9997191658578953,445700,0.72,56.6,17.3,2,3
CUST1735,High_Risk,0.73931688026027,1.2727226864338624e-06,0.260681847017044,0.73931688026027,898600,0.72,50.1,17.7,4,6
CUST1736,High_Risk,0.9999615682297874,3.571332138525169e-12,3.843176664122151e-05,0.9999615682297874,378900,0.79,82.0,22.4,4,4
CUST1737,High_Risk,0.9975773486045202,5.774143276722509e-10,0.0024226508180656033,0.9975773486045202,760300,0.8,75.2,22.6,5,6
CUST1738,High_Risk,0.9994734556914506,9.73432078741137e-10,0.0005265433351172259,0.9994734556914506,525500,0.32,83.4,21.5,6,2
CUST1739,Medium_Risk,0.8023980974305857,0.19760190256941418,0.8023980974305857,2.710312085723799e-164,1346000,0.33,26.4,0.0,1,2
CUST1740,High_Risk,0.9978153779870764,5.562218434730518e-07,0.002184065791080303,0.9978153779870764,599900,0.49,39.7,10.8,1,2
CUST1741,Medium_Risk,0.9999627383581391,3.726164186165086e-05,0.9999627383581391,1.325121618268288e-18,793000,0.56,32.4,9.4,2,5
CUST1742,Medium_Risk,0.9992542256326056,0.00010626928678799939,0.9992542256326056,0.000639505080607294,538000,0.5,69.5,5.3,0,3
CUST1743,Medium_Risk,0.9981514082495508,0.001848591750448867,0.9981514082495508,2.0319646476382616e-25,820300,0.25,8.9,0.0,0,1
CUST1744,Low_Risk,0.9993876149738643,0.9993876149738643,0.0006123850261344134,6.575606927222505e-196,1525200,0.36,40.7,16.6,2,2
CUST1745,Medium_Risk,0.9563132732050034,0.04368672679499691,0.9563132732050034,9.880644650949485e-118,1781900,0.19,20.8,0.0,1,1
CUST1746,High_Risk,0.999858853934971,1.1765129042396872e-10,0.00014114594737799755,0.999858853934971,332400,0.57,72.7,25.2,4,1
CUST1747,Medium_Risk,0.9085784329227506,0.09142156624042216,0.9085784329227506,8.368264807762077e-10,1546700,0.27,21.1,3.7,2,2
CUST1748,High_Risk,0.9997966576850967,1.160245465104993e-10,0.00020334219887855785,0.9997966576850967,302100,0.55,81.0,22.5,5,4
CUST1749,Medium_Risk,0.8724519282342714,0.127548071765726,0.8724519282342714,2.2550388444663607e-15,1840100,0.19,17.5,0.0,0,1
CUST1750,Low_Risk,0.7442570197879839,0.7442570197879839,0.255742980212015,4.942602077397834e-132,2086400,0.05,25.1,4.2,2,0
CUST1751,High_Risk,0.999305588245686,7.414854825933571e-11,0.0006944116801654624,0.999305588245686,424000,0.67,73.5,16.3,5,4
CUST1752,High_Risk,0.9947579934460554,7.323084572122831e-08,0.00524193332309893,0.9947579934460554,633700,0.66,44.0,11.8,3,3
CUST1753,High_Risk,0.9996448027151454,1.8726450781087112e-09,0.00035519541220963306,0.9996448027151454,434800,0.62,73.2,12.4,5,4
CUST1754,High_Risk,0.6699692631424902,0.0018093062537699277,0.32822143060374004,0.6699692631424902,791400,0.21,43.5,2.8,1,0
CUST1755,High_Risk,0.9943280905879839,1.8374493201774598e-07,0.0056717256670839955,0.9943280905879839,493400,0.39,44.5,5.8,4,2
CUST1756,Medium_Risk,0.9959959738051537,0.004004026194847055,0.9959959738051537,6.017092284019006e-53,1030200,0.32,57.2,8.2,3,2
CUST1757,Medium_Risk,0.9988949905381888,0.0010335908367318102,0.9988949905381888,7.141862507862948e-05,767400,0.43,41.9,4.4,1,1
CUST1758,Low_Risk,0.9149963450197444,0.9149963450197444,0.08500365498025723,1.3573636479148e-310,1075300,0.3,13.6,0.0,0,1
CUST1759,High_Risk,0.9685602504623725,7.035697095657372e-06,0.03143271384053243,0.9685602504623725,747500,0.39,76.1,23.6,4,1
CUST1760,High_Risk,0.8252269554829688,0.0006094594631979557,0.1741635850538341,0.8252269554829688,652700,0.31,8.3,0.2,0,1
CUST1761,Medium_Risk,0.9761923219343996,0.023807678065599577,0.9761923219343996,6.456242581960509e-28,1801800,0.33,56.2,7.9,2,0
CUST1762,High_Risk,0.9991365184326962,1.7295077696499637e-08,0.0008634642722257034,0.9991365184326962,426200,0.48,61.1,8.5,4,3
CUST1763,Low_Risk,0.9889045417204863,0.9889045417204863,0.01109545827951338,1.0189710515330373e-180,1887600,0.07,34.1,1.4,1,0
CUST1764,Medium_Risk,0.9980696639281131,0.0019301506546274096,0.9980696639281131,1.854172599369308e-07,1240600,0.23,58.8,3.9,1,3
CUST1765,Medium_Risk,0.9957525522091211,0.004247447790874543,0.9957525522091211,4.071009859649474e-15,1225300,0.5,58.1,6.1,1,3
CUST1766,Medium_Risk,0.9998610747261099,0.00013892527389025217,0.9998610747261099,3.770341068476863e-37,1235300,0.49,47.8,8.4,2,3
CUST1767,Medium_Risk,0.9943496695792531,0.005650330420747712,0.9943496695792531,8.681674542859172e-68,1486300,0.48,51.6,2.2,0,2
CUST1768,Medium_Risk,0.9698406327969255,1.5330101705824313e-06,0.9698406327969255,0.030157834192903528,735800,0.49,80.4,21.9,5,4
CUST1769,Medium_Risk,0.6593261735253704,0.3406738264746293,0.6593261735253704,1.0204180020234558e-43,1595000,0.5,37.2,7.1,0,3
CUST1770,Low_Risk,0.6263090454134939,0.6263090454134939,0.3736909545865063,8.760423156744828e-215,1548000,0.1,14.8,0.0,0,0
CUST1771,High_Risk,0.9938921469915988,1.4302545960735611e-05,0.006093550462440264,0.9938921469915988,552100,0.24,27.2,0.8,1,1
CUST1772,Medium_Risk,0.9987727147887764,0.0012272852112159753,0.9987727147887764,7.92839294041544e-15,1375900,0.35,44.2,4.8,2,2
CUST1773,Low_Risk,0.9999872273203796,0.9999872273203796,1.277267962038223e-05,4.2234e-319,2392400,0.31,21.8,1.4,3,4
CUST1774,Low_Risk,1.0,1.0,1.5287213492397042e-172,0.0,2671800,0.36,43.2,6.2,2,4
CUST1775,High_Risk,0.9999330880457805,3.858051603100797e-12,6.691195036147736e-05,0.9999330880457805,344700,0.75,82.9,21.5,4,4
CUST1776,High_Risk,0.9998528935577367,2.045571759761504e-12,0.00014710644021786372,0.9998528935577367,297600,0.75,73.8,12.2,5,5
CUST1777,Medium_Risk,0.9985836823004955,0.001416317699504304,0.9985836823004955,1.4414838387109693e-32,1452300,0.16,11.2,0.0,0,1
CUST1778,Low_Risk,0.9990909436444961,0.9990909436444961,0.0009090563555045415,8e-323,1613100,0.39,27.0,5.3,0,4
CUST1779,Medium_Risk,0.9999997641689771,1.5454435205726066e-07,0.9999997641689771,8.128666999359577e-08,1076100,0.76,78.7,15.5,4,4
CUST1780,High_Risk,0.7999100755761707,2.28084289908344e-06,0.20008764358093042,0.7999100755761707,828100,0.55,58.4,13.8,1,1
CUST1781,Medium_Risk,0.8334576137420493,0.0008548806791586785,0.8334576137420493,0.1656875055787924,908600,0.4,31.6,4.8,0,3
CUST1782,Low_Risk,1.0,1.0,1.773862706451839e-159,0.0,3411300,0.07,34.1,0.0,0,1
CUST1783,High_Risk,0.9717893199222705,2.328558172040358e-05,0.02818739449600904,0.9717893199222705,813300,0.28,59.3,5.2,2,1
CUST1784,Medium_Risk,0.7398751036146555,0.0001606337175864721,0.7398751036146555,0.2599642626677575,918000,0.4,54.4,15.1,2,1
CUST1785,High_Risk,0.9981134636182952,1.0812477142802216e-07,0.0018864282569330956,0.9981134636182952,368400,0.59,61.3,12.2,3,4
CUST1786,Low_Risk,0.9999999999912248,0.9999999999912248,8.775245795385363e-12,0.0,1155100,0.22,48.8,1.9,2,0
CUST1787,Medium_Risk,0.999070777662735,0.0009292223371455073,0.999070777662735,1.192879048604563e-13,1044300,0.37,44.5,3.3,2,4
CUST1788,High_Risk,0.9990700913508794,8.092147692341536e-09,0.0009299005569730387,0.9990700913508794,444200,0.64,66.7,12.6,3,4
CUST1789,Low_Risk,0.9999999995682014,0.9999999995682014,4.3179797166500994e-10,0.0,1785800,0.36,30.1,0.0,0,2
CUST1790,High_Risk,0.995491400902243,2.699477303481081e-08,0.0045085721029838165,0.995491400902243,740700,0.54,74.2,16.7,5,3
CUST1791,High_Risk,0.9651282339672326,1.0269402591425657e-05,0.034861496630176236,0.9651282339672326,654700,0.38,39.1,0.8,0,1
CUST1792,Low_Risk,1.0,1.0,7.395695815721573e-33,0.0,2766000,0.16,30.4,3.8,1,1
CUST1793,High_Risk,0.999328270390012,7.053044736211458e-10,0.000671728904683274,0.999328270390012,466600,0.7,75.3,11.9,3,5
CUST1794,Low_Risk,0.6021533050629105,0.6021533050629105,0.39784669493708885,2.1376505259344798e-94,1966000,0.44,48.5,3.8,1,2
CUST1795,High_Risk,0.9994937922383876,1.587079749747618e-10,0.0005062076029042756,0.9994937922383876,531800,0.67,84.5,19.4,4,5
CUST1796,Medium_Risk,0.8295367902833026,0.17046320971669707,0.8295367902833026,2.495392408687427e-85,2063800,0.37,51.4,15.7,2,2
CUST1797,Medium_Risk,0.9826321840070006,0.01736781599299963,0.9826321840070006,7.27958696343739e-21,1583300,0.12,30.1,7.8,2,1
CUST1798,Medium_Risk,0.9678624344150755,0.03213756558492524,0.9678624344150755,1.1724720172291485e-114,1348400,0.43,56.2,12.4,0,2
CUST1799,Medium_Risk,0.9281385102254006,0.0718614897745989,0.9281385102254006,1.917509846129962e-46,1524900,0.05,16.1,2.2,4,1
CUST1800,Medium_Risk,0.9911353525399644,0.008864647460035293,0.9911353525399644,5.111623926325668e-28,1056400,0.33,45.7,9.7,1,1
CUST1801,Low_Risk,0.999999999999929,0.999999999999929,7.18157740682268e-14,0.0,1839600,0.05,11.5,0.0,4,1
CUST1802,Low_Risk,0.999999999768594,0.999999999768594,2.3140554773949332e-10,0.0,1696200,0.42,52.3,5.2,1,3
CUST1803,High_Risk,0.993305789266728,1.4051607643756122e-06,0.006692805572507724,0.993305789266728,589500,0.39,40.4,15.7,4,4
CUST1804,Medium_Risk,0.9865174861374372,0.013482513862563496,0.9865174861374372,3.675566150299107e-76,1408800,0.22,40.6,2.2,0,1
CUST1805,Medium_Risk,0.9914503451379577,0.00854965486204159,0.9914503451379577,2.9935918741865237e-64,1652300,0.41,31.7,0.0,0,2
CUST1806,High_Risk,0.9999539330651785,2.128407131109774e-12,4.606693269331214e-05,0.9999539330651785,410000,0.58,66.6,28.6,6,3
CUST1807,Medium_Risk,0.9998872757251529,0.00011272427484709498,0.9998872757251529,3.77718878784878e-64,1064000,0.54,59.7,7.4,3,4
CUST1808,Medium_Risk,0.9998071715726181,0.0001928247720875264,0.9998071715726181,3.6552942988216587e-09,972800,0.43,49.4,18.3,3,3
CUST1809,High_Risk,0.9983211305244334,3.4281230227523216e-09,0.0016788660474434003,0.9983211305244334,362000,0.64,65.6,15.8,4,4
CUST1810,Low_Risk,1.0,1.0,5.4216908231770966e-217,0.0,3343100,0.14,25.7,8.2,2,3
CUST1811,High_Risk,0.8263173952634001,0.00018353833413106715,0.17349906640246796,0.8263173952634001,1111300,0.37,50.5,0.5,2,3
CUST1812,High_Risk,0.6089806031236439,5.480676477937101e-05,0.39096459011157664,0.6089806031236439,804300,0.39,64.8,4.4,2,1
CUST1813,High_Risk,0.9998594692761651,2.2174790674703817e-11,0.00014053070165996303,0.9998594692761651,393700,0.7,86.7,16.4,4,3
CUST1814,Medium_Risk,0.9964470190955673,0.0035529809044322833,0.9964470190955673,1.7015847670946202e-37,1029700,0.48,45.7,7.3,2,3
CUST1815,Low_Risk,0.9999999994991811,0.9999999994991811,5.008191377033502e-10,0.0,3035500,0.23,15.4,0.0,0,1
CUST1816,Low_Risk,0.9999999722841547,0.9999999722841547,2.7715845632996766e-08,3.210025150929046e-281,2110000,0.13,19.6,0.0,0,0
CUST1817,Low_Risk,1.0,1.0,1.3020216329701715e-24,0.0,2722900,0.19,31.2,4.5,0,0
CUST1818,Low_Risk,0.6865743374122577,0.6865743374122577,0.3134256625877419,5.5334458182706454e-185,1256100,0.21,37.8,5.7,1,1
CUST1819,Low_Risk,0.9992493390795886,0.9992493390795886,0.0007506609204103925,4.280509953873308e-185,1209800,0.33,39.6,19.7,3,2
CUST1820,Low_Risk,1.0,1.0,0.0,0.0,3618800,0.22,26.1,10.3,2,2
CUST1821,Low_Risk,1.0,1.0,4.1563930830227185e-91,0.0,2978700,0.15,47.7,2.1,1,0
CUST1822,Low_Risk,0.9999999728531094,0.9999999728531094,2.714689076827076e-08,0.0,2259400,0.29,34.9,5.0,0,3
CUST1823,High_Risk,0.9688813572245129,1.827079233779769e-07,0.031118460067563733,0.9688813572245129,781100,0.46,67.8,15.8,5,3
CUST1824,Low_Risk,0.9999999661761502,0.9999999661761502,3.382384922511034e-08,0.0,1958000,0.14,5.1,0.0,0,0
CUST1825,Medium_Risk,0.9226488041011304,0.004622424498069072,0.9226488041011304,0.07272877140080126,1309700,0.44,68.4,10.5,2,3
CUST1826,Medium_Risk,0.989117131202781,1.0432511530147865e-05,0.989117131202781,0.010872436285689643,1077400,0.55,84.1,21.4,4,4
CUST1827,Medium_Risk,0.9835194724599878,0.016480527540011575,0.9835194724599878,3.0709841760233855e-62,1176800,0.18,23.5,0.0,0,1
CUST1828,Low_Risk,0.9999999999803215,0.9999999999803215,1.967788284582716e-11,0.0,1604400,0.09,25.8,0.0,0,0
CUST1829,Low_Risk,1.0,1.0,1.6747300006084498e-22,0.0,2483500,0.34,13.3,0.0,0,2
CUST1830,Medium_Risk,0.9707532646546777,0.029246735345322544,0.9707532646546777,2.8071570350320756e-40,874000,0.47,59.7,13.6,1,1
CUST1831,Medium_Risk,0.9975711054766038,0.0024288945233953774,0.9975711054766038,5.345020998250291e-24,1076300,0.39,52.6,5.2,0,2
CUST1832,High_Risk,0.9944107901404394,1.275256754823683e-10,0.005589209732034989,0.9944107901404394,791700,0.58,81.5,28.0,6,4
CUST1833,Medium_Risk,0.969302252165538,0.030697747834461327,0.969302252165538,2.5951328045326014e-28,1494400,0.25,42.3,8.9,0,0
CUST1834,Medium_Risk,0.9997230018890518,0.0002769981109482464,0.9997230018890518,5.121888191942754e-26,1015700,0.39,40.9,2.6,2,3
CUST1835,Medium_Risk,0.9968870816344416,0.0031097455665682395,0.9968870816344416,3.172798990924957e-06,972700,0.21,11.6,0.0,0,1
CUST1836,Low_Risk,0.999999999801318,0.999999999801318,1.9868187800768328e-10,0.0,1773800,0.34,30.9,1.7,0,0
CUST1837,High_Risk,0.9280956321724431,9.208860727226506e-09,0.07190435861869546,0.9280956321724431,717300,0.58,77.4,28.2,5,3
CUST1838,High_Risk,0.9779579565876002,6.258774087352096e-07,0.022041417534991236,0.9779579565876002,850000,0.6,54.6,4.0,0,4
CUST1839,Low_Risk,0.9824985537598664,0.9824985537598664,0.01750144624013304,2.0742483695739935e-175,2198000,0.15,17.8,0.7,0,3
CUST1840,Medium_Risk,0.9790602645074254,0.0209397354925741,0.9790602645074254,1.9905884956949002e-103,2053400,0.26,22.9,0.0,1,1
CUST1841,High_Risk,0.9997005742280602,4.7279956057281706e-11,0.0002994257246600099,0.9997005742280602,219400,0.71,95.0,20.7,5,4
CUST1842,Medium_Risk,0.6876707243253191,0.00037888047079888166,0.6876707243253191,0.3119503952038818,613500,0.44,44.8,8.5,2,2
CUST1843,Low_Risk,0.9999999621030511,0.9999999621030511,3.7896949925571866e-08,0.0,1458800,0.34,34.9,0.3,3,3
CUST1844,Medium_Risk,0.9859707709463401,0.01402922905366073,0.9859707709463401,2.1510801810250393e-18,1667700,0.27,18.3,0.0,0,4
CUST1845,Medium_Risk,0.9995731183189313,0.00042688168106834435,0.9995731183189313,2.186758905165698e-20,711400,0.39,41.8,9.8,1,1
CUST1846,Medium_Risk,0.9128444525273459,0.08715554747265371,0.9128444525273459,2.1783360486696655e-43,2084000,0.12,22.5,0.0,0,2
CUST1847,Medium_Risk,0.999789013563584,0.00017205490584443377,0.999789013563584,3.893153057091157e-05,826900,0.47,65.7,21.5,4,3
CUST1848,High_Risk,0.9973554402557309,7.345198857725152e-09,0.0026445523990706525,0.9973554402557309,439100,0.58,78.1,23.1,5,5
CUST1849,High_Risk,0.9925976375838547,2.4613887342753852e-08,0.0074023378022581654,0.9925976375838547,484000,0.62,84.4,14.5,2,3
CUST1850,High_Risk,0.9448151281886797,8.628696553443549e-06,0.055176243114766425,0.9448151281886797,616600,0.45,27.2,1.0,1,3
CUST1851,High_Risk,0.9994976204144645,3.978557636479478e-08,0.0005023397999588908,0.9994976204144645,200000,0.65,44.8,9.7,1,5
CUST1852,Low_Risk,1.0,1.0,6.635179103911362e-65,0.0,2901800,0.05,29.5,0.0,0,0
CUST1853,High_Risk,0.9998995651038778,3.5938995326409884e-12,0.0001004348925283623,0.9998995651038778,521100,0.82,78.1,22.2,4,5
CUST1854,High_Risk,0.9987858355903355,3.953258628783479e-08,0.0012141248770781367,0.9987858355903355,317200,0.59,61.1,7.9,2,4
CUST1855,Low_Risk,0.844633294612036,0.844633294612036,0.155366705387964,1.2521274610459475e-74,1658200,0.29,28.8,6.6,1,1
CUST1856,Medium_Risk,0.9980430130154756,0.001947235367123556,0.9980430130154756,9.751617400037582e-06,1454900,0.27,48.3,3.7,1,2
CUST1857,High_Risk,0.9983716822765465,1.4904939475777974e-07,0.0016281686740584934,0.9983716822765465,583800,0.32,69.4,11.2,4,0
CUST1858,High_Risk,0.9952690188828053,3.488180558080884e-06,0.0047274929366366795,0.9952690188828053,516200,0.31,61.3,7.3,2,1
CUST1859,Medium_Risk,0.9976006901939392,0.0013516092001221221,0.9976006901939392,0.0010477006059387423,509000,0.37,52.4,5.1,1,2
CUST1860,High_Risk,0.9999026205257737,1.6139233863905265e-11,9.737945808702092e-05,0.9999026205257737,362900,0.7,80.2,21.6,5,5
CUST1861,Medium_Risk,0.9999548126538116,4.518734618922532e-05,0.9999548126538116,7.009112702377221e-18,1320200,0.4,73.4,10.5,4,3
CUST1862,Medium_Risk,0.9711182615683241,0.028881738431676126,0.9711182615683241,9.333647477745295e-46,1135900,0.15,16.5,0.0,0,2
CUST1863,Medium_Risk,0.8447684032045014,0.1552315967954977,0.8447684032045014,8.486695361412221e-148,2239100,0.32,38.7,4.1,1,3
CUST1864,High_Risk,0.9998548277466598,1.7185945394722137e-12,0.00014517225162164924,0.9998548277466598,599600,0.58,69.8,25.1,6,1
CUST1865,High_Risk,0.9996562366193713,3.320744016880055e-09,0.00034376005988455904,0.9996562366193713,356800,0.51,66.8,21.6,5,2
CUST1866,High_Risk,0.9942871910182185,1.0837723584227347e-05,0.005701971258197061,0.9942871910182185,488800,0.38,42.5,6.9,1,3
CUST1867,High_Risk,0.9810306194138781,6.349900720789882e-06,0.018963030685401817,0.9810306194138781,482000,0.47,21.4,3.5,1,3
CUST1868,High_Risk,0.9999527376000578,5.088759989165272e-12,4.726239485352033e-05,0.9999527376000578,360700,0.56,81.4,22.5,6,3
CUST1869,Low_Risk,0.9999999779970443,0.9999999779970443,2.200295602153432e-08,0.0,1202800,0.32,37.1,9.8,3,3
CUST1870,Low_Risk,0.9999999999989662,0.9999999999989662,1.034521157121805e-12,0.0,1314200,0.24,30.4,2.7,2,3
CUST1871,Medium_Risk,0.6707403225986805,0.002302528906831809,0.6707403225986805,0.32695714849448687,689300,0.3,23.2,0.0,3,4
CUST1872,Low_Risk,0.9999850585908833,0.9999850585908833,1.494140911733079e-05,0.0,1716000,0.23,27.9,0.0,0,2
CUST1873,High_Risk,0.9997843532983731,1.6378075359925235e-11,0.00021564668524889737,0.9997843532983731,366300,0.7,95.0,19.9,5,4
CUST1874,Medium_Risk,0.9912920662237881,0.008707623017319154,0.9912920662237881,3.1075889313269255e-07,1377300,0.25,17.8,0.0,0,2
CUST1875,Medium_Risk,0.9771258383526534,0.022874161647347402,0.9771258383526534,1.7864251510820373e-21,1631000,0.39,42.1,13.7,2,2
CUST1876,High_Risk,0.9949985651524551,2.8892815335127336e-07,0.005001145919391619,0.9949985651524551,801900,0.38,66.5,18.4,5,3
CUST1877,Medium_Risk,0.9980657049043162,0.0019124353474252083,0.9980657049043162,2.1859748259403252e-05,1353100,0.28,44.5,9.7,1,1
CUST1878,Medium_Risk,0.6120201795964734,0.002285924376546512,0.6120201795964734,0.3856938960269798,810700,0.29,30.6,3.0,1,2
CUST1879,High_Risk,0.9756956434498868,8.220274333807925e-07,0.02430353452268026,0.9756956434498868,657900,0.52,48.7,5.9,2,3
CUST1880,Medium_Risk,0.9980128265014491,0.0019737234622205432,0.9980128265014491,1.3450036330512038e-05,1079200,0.31,48.5,7.9,1,2
CUST1881,Medium_Risk,0.7605033755160935,0.00019600807314609404,0.7605033755160935,0.2393006164107601,914200,0.26,45.0,7.9,3,2
CUST1882,Low_Risk,1.0,1.0,6.3254956927557526e-21,0.0,3324300,0.31,27.4,4.3,0,1
CUST1883,Medium_Risk,0.9766197591970037,0.023380240727178248,0.9766197591970037,7.581814127409045e-11,1346100,0.22,36.2,10.3,3,2
CUST1884,High_Risk,0.9827413880509391,7.77577246653405e-06,0.017250836176594415,0.9827413880509391,564300,0.38,50.8,6.3,2,2
CUST1885,Medium_Risk,0.9945575516457349,0.005442448354265653,0.9945575516457349,2.515988641374062e-64,1289400,0.41,51.6,12.1,4,5
CUST1886,Low_Risk,0.7961056926765341,0.7961056926765341,0.20389430732346664,3.058710762415471e-267,1808500,0.27,36.7,0.0,0,1
CUST1887,High_Risk,0.9991136253813871,2.581462030735422e-09,0.0008863720371505337,0.9991136253813871,516800,0.46,49.4,17.1,5,2
CUST1888,High_Risk,0.985598468300753,1.3108795702867864e-08,0.014401518590451145,0.985598468300753,908600,0.62,79.0,20.6,4,4
CUST1889,Medium_Risk,0.9995125122449194,0.00048748775508025195,0.9995125122449194,4.747091185533627e-39,1308500,0.31,17.8,0.0,0,1
CUST1890,High_Risk,0.9996271627938756,3.299584583611396e-10,0.0003728368761657255,0.9996271627938756,564400,0.77,73.4,15.3,2,3
CUST1891,High_Risk,0.9995854877739742,4.2632357180621836e-10,0.0004145117997022951,0.9995854877739742,435800,0.67,66.4,19.0,4,4
CUST1892,High_Risk,0.9999871109092456,3.6550974025902993e-14,1.2889090717737934e-05,0.9999871109092456,226900,0.74,89.2,24.8,6,4
CUST1893,High_Risk,0.9653471463623856,9.918961470466569e-06,0.03464293467614339,0.9653471463623856,562100,0.62,67.3,8.2,1,4
CUST1894,High_Risk,0.9984672674771313,3.4644647447884765e-09,0.001532729058403833,0.9984672674771313,584400,0.57,59.2,16.1,4,3
CUST1895,Low_Risk,0.9994364670584073,0.9994364670584073,0.0005635329415934959,0.0,1880700,0.22,37.3,7.8,0,0
CUST1896,High_Risk,0.9934321982643869,2.640242094413901e-07,0.006567537711403779,0.9934321982643869,553200,0.68,50.7,11.8,1,3
CUST1897,High_Risk,0.9957294755958229,5.099171372945624e-11,0.004270524353184924,0.9957294755958229,532800,0.77,95.0,23.3,5,4
CUST1898,Medium_Risk,0.996443055319445,0.003556944680555412,0.996443055319445,3.670356569189419e-35,1340400,0.05,14.1,0.0,1,0
CUST1899,High_Risk,0.5594180204161188,2.55467570818982e-05,0.4405564328267999,0.5594180204161188,879600,0.53,40.1,4.9,0,2
CUST1900,High_Risk,0.9997628176540969,1.9157623219536455e-11,0.0002371823267453802,0.9997628176540969,504700,0.75,76.3,26.1,4,5
CUST1901,Low_Risk,0.9999345354890402,0.9999345354890402,6.54645109614143e-05,1.2432740017437022e-169,2906700,0.14,5.0,0.0,1,1
CUST1902,Medium_Risk,0.9841087437793834,0.015891217370599977,0.9841087437793834,3.885001593664416e-08,1220900,0.41,29.9,0.5,0,2
CUST1903,Low_Risk,0.8688201206941162,0.8688201206941162,0.1311798793058845,4.5401721769173106e-253,1287800,0.35,49.7,9.5,2,3
CUST1904,Medium_Risk,0.9951357338332568,0.004864266166742776,0.9951357338332568,7.186325936051069e-19,1264300,0.21,17.4,0.0,2,2
CUST1905,High_Risk,0.999297383877225,1.204637620247977e-08,0.0007026040763988555,0.999297383877225,555800,0.61,77.3,20.4,2,4
CUST1906,Low_Risk,0.9988298771714321,0.9988298771714321,0.0011701228285686922,9.553229898872222e-165,2642900,0.14,5.0,7.0,2,2
CUST1907,High_Risk,0.9998494722433425,5.72329776458166e-12,0.00015052775093428802,0.9998494722433425,307100,0.67,93.0,22.2,5,4
CUST1908,High_Risk,0.9917580644477703,2.619523016265065e-06,0.008239316029213324,0.9917580644477703,693800,0.43,48.9,5.9,1,1
CUST1909,High_Risk,0.9876592624272444,3.6313987826222453e-09,0.01234073394135669,0.9876592624272444,696000,0.65,73.3,12.6,4,3
CUST1910,Medium_Risk,0.990744238785968,0.009175984227177891,0.990744238785968,7.977698685450902e-05,809100,0.16,18.5,0.0,0,1
CUST1911,High_Risk,0.9907777925035002,1.4394157947086223e-05,0.009207813338552851,0.9907777925035002,619000,0.35,57.5,13.3,2,1
CUST1912,High_Risk,0.9998335790952555,7.308969065704611e-11,0.00016642083165490973,0.9998335790952555,461600,0.66,60.7,16.0,5,5
CUST1913,High_Risk,0.9993644711115132,4.740695331943929e-10,0.0006355284144174342,0.9993644711115132,466500,0.67,82.0,11.4,3,5
CUST1914,Medium_Risk,0.9967657370689118,0.003233921817280554,0.9967657370689118,3.4111380806717613e-07,1057700,0.28,45.6,9.7,2,1
CUST1915,Low_Risk,1.0,1.0,7.930091755787842e-128,0.0,2112700,0.05,5.8,0.0,0,0
CUST1916,Medium_Risk,0.9982384398677998,0.0017615601321996866,0.9982384398677998,2.3475648294307146e-158,1199200,0.62,78.2,12.0,2,3
CUST1917,High_Risk,0.8890236642515819,7.718545504979884e-08,0.11097625856296345,0.8890236642515819,926100,0.61,91.7,21.9,4,3
CUST1918,Medium_Risk,0.9887467371567488,0.01125326284325188,0.9887467371567488,6.252047935678663e-106,1491700,0.38,34.5,8.3,0,1
CUST1919,Medium_Risk,0.9999990381342493,9.61845669069955e-07,0.9999990381342493,2.008167166255044e-11,936000,0.64,74.4,23.1,4,4
CUST1920,Medium_Risk,0.9788284287285987,0.0030313095672823576,0.9788284287285987,0.018140261704119143,1004100,0.32,29.0,0.0,0,0
CUST1921,High_Risk,0.9551935649412749,6.204788428354903e-06,0.044800230270296865,0.9551935649412749,974500,0.42,60.5,11.5,3,3
CUST1922,Medium_Risk,0.5286629363959758,0.47133706360402333,0.5286629363959758,2.217600603242875e-97,1454500,0.21,30.6,0.0,0,1
CUST1923,High_Risk,0.9069663488674101,2.409077470040173e-07,0.09303341022484198,0.9069663488674101,623000,0.77,79.7,14.5,3,5
CUST1924,Medium_Risk,0.9988463919803895,0.0011536080181420378,0.9988463919803895,1.4683211701750044e-12,916400,0.33,58.7,2.1,1,1
CUST1925,Medium_Risk,0.9751160952005856,0.024781021413994405,0.9751160952005856,0.00010288338541986521,1223100,0.06,5.0,0.0,1,2
CUST1926,Medium_Risk,0.8120946199676639,5.480664083062244e-05,0.8120946199676639,0.18785057339150604,868700,0.51,76.2,13.7,3,3
CUST1927,Medium_Risk,0.9997473100284855,0.00025268997151392666,0.9997473100284855,8.761351315585103e-51,1429900,0.5,68.8,21.5,3,4
CUST1928,Medium_Risk,0.9939640821562713,0.00603591784372822,0.9939640821562713,6.5379741307854226e-18,1789000,0.1,51.1,0.9,0,0
CUST1929,Medium_Risk,0.9811999888722651,0.018800011127735668,0.9811999888722651,3.925713548251367e-122,1468400,0.25,5.0,0.5,0,1
CUST1930,Low_Risk,1.0,1.0,1.0807793509689993e-17,0.0,1744900,0.51,69.2,11.0,1,3
CUST1931,Medium_Risk,0.9999632922632706,3.670773672943856e-05,0.9999632922632706,4.54372667184719e-73,1005400,0.44,57.6,21.4,6,3
CUST1932,High_Risk,0.9991828533196608,3.4521717781800853e-09,0.0008171432281675003,0.9991828533196608,636500,0.71,77.9,18.8,3,5
CUST1933,High_Risk,0.9882453850223547,3.290690671169087e-07,0.011754285908578167,0.9882453850223547,748600,0.49,67.4,12.3,4,4
CUST1934,High_Risk,0.9904441589817311,1.5687580496053413e-06,0.009554272260218962,0.9904441589817311,565200,0.46,37.0,1.4,1,4
CUST1935,Medium_Risk,0.9974649362522087,0.0007622290356071195,0.9974649362522087,0.0017728347121842324,1172600,0.3,34.5,12.6,2,2
CUST1936,Low_Risk,0.9999999999869829,0.9999999999869829,1.3016223432032395e-11,0.0,2651500,0.25,5.3,0.0,0,3
CUST1937,High_Risk,0.9999682936981721,8.448562483273831e-14,3.1706301743711897e-05,0.9999682936981721,319900,0.9,89.9,28.9,5,5
CUST1938,Medium_Risk,0.8865729790153274,5.197567810851837e-07,0.8865729790153274,0.11342650122789107,1000600,0.5,95.0,27.9,6,2
CUST1939,Medium_Risk,0.9372976098390948,0.0003199168062966155,0.9372976098390948,0.06238247335460897,913000,0.43,22.2,0.0,0,3
CUST1940,High_Risk,0.8625573933690545,5.649545931130535e-06,0.13743695708501488,0.8625573933690545,621900,0.56,55.4,9.7,2,2
CUST1941,High_Risk,0.9995997954330048,4.482411877633039e-12,0.00040020456251316434,0.9995997954330048,622500,0.74,95.0,19.3,5,5
CUST1942,Low_Risk,0.6541476037578969,0.6541476037578969,0.34585239624210323,6.251130097964284e-165,1156900,0.15,15.9,4.4,1,0
CUST1943,Medium_Risk,0.9997107688808654,0.00028923111913435726,0.9997107688808654,3.254215422998409e-17,782800,0.43,36.2,9.2,3,3
CUST1944,High_Risk,0.999755892224652,6.808362912537554e-11,0.0002441077072644685,0.999755892224652,504500,0.64,73.1,19.3,5,5
CUST1945,High_Risk,0.9768044303699533,1.0277157641557411e-11,0.023195569619769135,0.9768044303699533,713200,0.71,70.1,24.7,7,5
CUST1946,Low_Risk,0.9999999999999734,0.9999999999999734,2.6562499088231177e-14,0.0,1874900,0.12,18.7,0.3,2,2
CUST1947,High_Risk,0.9978000261861232,1.2850583433251425e-07,0.002199845308042714,0.9978000261861232,524600,0.49,74.1,10.3,2,2
CUST1948,High_Risk,0.9953135002450519,1.1517954149979706e-06,0.004685347959533036,0.9953135002450519,289000,0.41,55.2,10.2,3,3
CUST1949,High_Risk,0.9997932202200268,1.0480882847192416e-11,0.00020677976949231316,0.9997932202200268,487700,0.76,76.4,21.1,4,5
CUST1950,High_Risk,0.8297297595518324,8.140302508464945e-05,0.1701888374230827,0.8297297595518324,897500,0.27,62.5,2.0,0,1
CUST1951,Medium_Risk,0.9962752370506079,0.003724762949391543,0.9962752370506079,3.1948874198154527e-18,931700,0.38,28.7,14.8,1,1
CUST1952,High_Risk,0.7926022372770342,0.0004963542214297784,0.206901408501536,0.7926022372770342,746800,0.22,37.8,3.2,1,1
CUST1953,Medium_Risk,0.9984548539231438,0.001545146076856185,0.9984548539231438,3.2078019705166066e-36,1213900,0.4,16.2,5.0,1,2
CUST1954,Low_Risk,1.0,1.0,4.003354060184592e-51,0.0,2403100,0.19,14.1,7.2,1,1
CUST1955,Medium_Risk,0.9937425452765102,0.006257454723489665,0.9937425452765102,1.8726404976206237e-17,1102000,0.29,35.4,8.2,1,2
CUST1956,Medium_Risk,0.5831429650847856,0.0008249612507590547,0.5831429650847856,0.416032073664456,784900,0.41,51.4,12.1,3,2
CUST1957,Medium_Risk,0.9525162082769579,0.04748379172304147,0.9525162082769579,2.549101886705155e-119,1570200,0.18,13.6,2.3,0,3
CUST1958,High_Risk,0.9998589308429164,4.824167492731758e-11,0.00014106910884174607,0.9998589308429164,571500,0.51,84.3,28.8,7,5
CUST1959,Medium_Risk,0.9925653991064813,0.00696145078146861,0.9925653991064813,0.00047315011204971134,1252100,0.34,32.6,14.0,2,3
CUST1960,High_Risk,0.9996752429025538,8.362852012403708e-11,0.0003247570138177015,0.9996752429025538,375000,0.68,70.9,13.6,4,5
CUST1961,Low_Risk,0.9999717964341741,0.9999717964341741,2.8203565826630837e-05,0.0,2209400,0.26,55.0,12.0,3,2
CUST1962,Medium_Risk,0.9865476362109327,0.013375668492699425,0.9865476362109327,7.66952963677087e-05,1195900,0.29,28.8,0.0,1,3
CUST1963,Medium_Risk,0.9994848200550421,0.0005151799449581054,0.9994848200550421,4.9821774648421775e-29,1497800,0.48,46.2,13.6,3,3
CUST1964,Medium_Risk,0.7549284153001393,0.0003088976376064968,0.7549284153001393,0.2447626870622545,633900,0.37,42.4,7.0,2,3
CUST1965,High_Risk,0.9999481955934053,2.725315322409101e-12,5.180440386936162e-05,0.9999481955934053,361100,0.69,80.6,26.1,5,4
CUST1966,Medium_Risk,0.999770787869858,0.00022126920964983258,0.999770787869858,7.942920492666667e-06,1214000,0.39,67.1,11.8,4,1
CUST1967,Medium_Risk,0.9999979466037395,2.0533962600368846e-06,0.9999979466037395,1.6842778497641745e-25,985500,0.69,64.3,20.4,4,5
CUST1968,High_Risk,0.9990777617232558,5.129869024325323e-10,0.0009222377637574204,0.9990777617232558,613400,0.66,75.1,23.8,5,4
CUST1969,High_Risk,0.9962494408889766,9.861896240177466e-10,0.003750558124833535,0.9962494408889766,599300,0.71,92.8,11.8,3,3
CUST1970,Medium_Risk,0.9492783599276123,0.0006490086697915125,0.9492783599276123,0.0500726314025967,889200,0.6,67.3,17.1,2,3
CUST1971,High_Risk,0.9999805662797987,3.3283560183786945e-16,1.9433720200863456e-05,0.9999805662797987,499200,0.75,95.0,21.6,8,4
CUST1972,Medium_Risk,0.9999474889683999,1.9549760508683144e-05,0.9999474889683999,3.296127109216483e-05,1066600,0.55,68.6,7.3,3,4
CUST1973,Medium_Risk,0.9978173057259974,0.0021826942740026983,0.9978173057259974,3.048132859608658e-29,971200,0.31,33.5,1.5,0,2
CUST1974,High_Risk,0.9997086184463614,6.775401344386089e-11,0.0002913814858845716,0.9997086184463614,422000,0.69,69.6,14.5,4,4
CUST1975,Medium_Risk,0.6451195894898188,0.001383164107550559,0.6451195894898188,0.3534972464026304,924600,0.3,46.3,4.0,1,1
CUST1976,High_Risk,0.999768486296173,8.023172008891536e-12,0.0002315136958038396,0.999768486296173,302900,0.72,95.0,25.1,6,4
CUST1977,Low_Risk,0.999998267020518,0.999998267020518,1.7329794825258917e-06,0.0,2358100,0.34,42.2,4.9,1,4
CUST1978,Low_Risk,0.9939901570831318,0.9939901570831318,0.006009842916867697,1.458698766727301e-198,1503100,0.19,39.8,7.1,2,2
CUST1979,Medium_Risk,0.9464692535604747,0.053530745493276494,0.9464692535604747,9.462480873929845e-10,1352500,0.11,17.2,0.0,0,0
CUST1980,High_Risk,0.8086539073154289,1.267373159383931e-06,0.19134482531141236,0.8086539073154289,883400,0.45,65.4,22.1,5,2
CUST1981,Medium_Risk,0.9988558101312345,0.0011441898673735672,0.9988558101312345,1.3916662741482515e-12,725700,0.27,50.9,9.9,2,2
CUST1982,Medium_Risk,0.9547488305035243,0.04525116949647651,0.9547488305035243,1.1671536573902625e-86,1726600,0.27,34.1,5.7,1,3
CUST1983,High_Risk,0.9989339879175421,2.107245780449503e-09,0.0010660099752120445,0.9989339879175421,381400,0.55,62.7,13.3,4,3
CUST1984,Medium_Risk,0.9766352558640181,0.02336474413598232,0.9766352558640181,8.965756029406948e-156,1222200,0.5,44.9,10.8,3,3
CUST1985,Low_Risk,0.9999999515228571,0.9999999515228571,4.847714169359915e-08,1.4202729974363923e-111,3003700,0.23,24.5,7.5,0,1
CUST1986,High_Risk,0.9999756370486692,9.391130296114043e-14,2.4362951236698793e-05,0.9999756370486692,292600,0.62,64.9,26.0,7,4
CUST1987,High_Risk,0.9977487818210543,1.3523227945313183e-09,0.0022512168266231323,0.9977487818210543,598300,0.73,74.3,18.1,4,5
CUST1988,Medium_Risk,0.9972941084788073,0.0015493264762269806,0.9972941084788073,0.0011565650449660452,946500,0.24,33.8,5.2,2,0
CUST1989,High_Risk,0.9950729616592553,6.960359552546492e-07,0.0049263423047897145,0.9950729616592553,525700,0.54,63.2,14.7,2,2
CUST1990,High_Risk,0.9998019525128405,2.3477196450146545e-10,0.0001980472523875214,0.9998019525128405,220000,0.57,82.0,21.7,5,3
CUST1991,Low_Risk,0.9992570425659993,0.9992570425659993,0.000742957434000089,6.686235028330459e-202,1016200,0.32,53.1,9.3,2,2
CUST1992,Medium_Risk,0.9999348383652206,6.516163477937232e-05,0.9999348383652206,1.7831408648526173e-34,1091900,0.5,43.9,3.2,1,2
CUST1993,Medium_Risk,0.9969864684078309,0.002932083803302457,0.9969864684078309,8.144778886624068e-05,1065800,0.33,28.1,0.0,1,1
CUST1994,Low_Risk,0.9554532050437061,0.9554532050437061,0.04454679495629321,4.84637414255968e-243,1177700,0.41,42.1,2.9,0,1
CUST1995,Medium_Risk,0.9994599487522968,0.0005400512477037622,0.9994599487522968,7.470395910706441e-38,985400,0.32,64.8,17.7,4,2
CUST1996,Medium_Risk,0.9668680585597189,0.008038402410161006,0.9668680585597189,0.02509353903011984,1065700,0.2,27.8,4.3,1,0
CUST1997,Low_Risk,0.6105706495459111,0.6105706495459111,0.38942935045408855,1.3923862712635545e-49,1848400,0.26,45.1,8.6,2,1
CUST1998,Medium_Risk,0.9944798356502295,0.005520164349770679,0.9944798356502295,1.6988201835353996e-69,1691400,0.29,48.0,0.0,0,2
CUST1999,Low_Risk,0.9981223226913625,0.9981223226913625,0.0018776773086375757,3.864188508608995e-201,1338900,0.09,31.3,5.2,0,0
CUST2000,Medium_Risk,0.9998387357980283,0.00016126420197129567,0.9998387357980283,3.0152086550285682e-27,765100,0.39,39.6,10.6,3,2
